# Earlier campaign (Sept. 23): one slot, per-recipient queue of 8, no cap, four identical recipients, periodic
# arrivals, 10 s warm-up and 30 s measurement, 6 runs per cell (168 runs). graph: base head, or late-read head
# (last source read at op 288/289). results_per_s = correct results received within 100 ms of the planned
# arrival, per second, summed over the recipients; minus_bim = paired difference to BIM with its pointwise 95%
# t interval (df 5). Not pooled or paired with the follow-up campaign of data/mixed_30hz.csv.
# Generated by scripts/extract_followup.py from ispa_copyin_performance_results_20260923.zip; do not edit by hand.
graph,rate,policy,results_per_s,rs_lo,rs_hi,minus_bim,minus_bim_lo,minus_bim_hi,p99_ms,device_peak_mib,condition
base,10,Full,40.0000,40.0000,40.0000,,,,68.0977,5078,base-r1-hz10
base,10,BIM,40.0000,40.0000,40.0000,,,,68.4972,5078,base-r1-hz10
base,10,Manual,40.0000,40.0000,40.0000,,,,68.2172,5078,base-r1-hz10
base,10,Clone,40.0000,40.0000,40.0000,0.0000,0.0000,0.0000,69.1992,5334,base-r1-hz10
base,15,Full,60.0000,60.0000,60.0000,,,,68.1974,5078,base-r1-hz15
base,15,BIM,60.0000,60.0000,60.0000,,,,68.4183,5078,base-r1-hz15
base,15,Manual,59.9833,59.9405,60.0262,,,,68.0891,5078,base-r1-hz15
base,15,Clone,60.0000,60.0000,60.0000,0.0000,0.0000,0.0000,69.4405,5334,base-r1-hz15
base,20,Full,40.0000,40.0000,40.0000,,,,68.6982,5078,base-r1-hz20
base,20,BIM,78.2389,78.1252,78.3526,,,,89.1100,5078,base-r1-hz20
base,20,Manual,78.3333,78.1620,78.5047,,,,89.1518,5078,base-r1-hz20
base,20,Clone,77.7944,77.5056,78.0833,-0.4444,-0.7078,-0.1811,99.0133,5334,base-r1-hz20
base,25,Full,50.0000,50.0000,50.0000,,,,67.8594,5078,base-r1-hz25
base,25,BIM,74.9556,74.8984,75.0127,,,,85.4181,5078,base-r1-hz25
base,25,Manual,74.9333,74.9333,74.9333,,,,85.0016,5078,base-r1-hz25
base,25,Clone,77.7056,77.4333,77.9778,2.7500,2.4712,3.0288,99.9315,5334,base-r1-hz25
base,30,Full,60.0000,60.0000,60.0000,,,,68.2121,5078,base-r1-hz30
base,30,BIM,78.6000,78.4532,78.7468,,,,90.1554,5078,base-r1-hz30
base,30,Manual,78.5556,78.4984,78.6127,,,,90.4621,5078,base-r1-hz30
base,30,Clone,77.9222,77.7617,78.0828,-0.6778,-0.7681,-0.5875,100.3499,5334,base-r1-hz30
base,40,Full,53.3333,53.3333,53.3333,,,,68.2422,5078,base-r1-hz40
base,40,BIM,79.1056,79.0276,79.1835,,,,90.5470,5078,base-r1-hz40
base,40,Manual,79.0833,78.9755,79.1912,,,,89.8162,5078,base-r1-hz40
base,40,Clone,78.1611,77.3572,78.9650,-0.9444,-1.7088,-0.1801,97.2607,5334,base-r1-hz40
late-read,30,Full,60.0000,60.0000,60.0000,,,,68.3958,5078,late-r1-hz30
late-read,30,BIM,60.0000,60.0000,60.0000,,,,68.6566,5078,late-r1-hz30
late-read,30,Manual,60.0000,60.0000,60.0000,,,,68.3142,5078,late-r1-hz30
late-read,30,Clone,76.3889,76.0565,76.7212,16.3889,16.0565,16.7212,101.1199,5334,late-r1-hz30
