# Follow-up campaign at 30 Hz: one slot, per-recipient queue of 8, no cap, 4 recipients, 100 ms deadline;
# 10 s warm-up and 30 s measurement per run (900 scheduled publications); 6 runs per cell, frozen random order.
# mix: same = four copies of the composition (engine A + view B + graph C); mixed = engine A alone, the head alone,
# the composition, and the composition with a late source read; all-late = four late-read compositions.
# arrival: periodic, or jitter = each arrival displaced by a frozen uniform offset in [0, 0.8 T], T = 1/30 s.
# complete_timely_pct = % of all scheduled publications whose four results are correct and received within
# 100 ms (drops count against it); results_per_s = correct, timely results/s summed over the four recipients;
# p99_ms = mean over runs of the per-run 99th percentile of complete publications' latency; ct/rs/p99 lo, hi =
# pointwise 95% t intervals (df 5); device_peak_mib = device memory peak sampled about every 0.5 s.
# Generated by scripts/extract_followup.py from ispa_reviewer_results_20260927_final1.zip; do not edit by hand.
mix,arrival,policy,complete_timely_pct,ct_lo,ct_hi,results_per_s,rs_lo,rs_hi,p99_ms,p99_lo,p99_hi,p50_ms,incomplete_per_run,device_peak_mib,runs,condition
same,periodic,Full,50.0000,50.0000,50.0000,60.0000,60.0000,60.0000,68.9464,68.5483,69.3445,65.2570,450.0000,5078,6,homogeneous-periodic-hz30
same,periodic,BIM,65.5370,65.4224,65.6517,78.6444,78.5069,78.7820,93.0180,92.3365,93.6996,74.8001,310.1667,5078,6,homogeneous-periodic-hz30
same,periodic,Manual,65.4444,65.3707,65.5182,78.5500,78.4517,78.6483,93.0002,92.0153,93.9852,75.1310,310.8333,5078,6,homogeneous-periodic-hz30
same,periodic,Clone,63.3333,62.6820,63.9846,77.9778,77.7718,78.1837,102.3762,101.1404,103.6119,83.8747,310.0000,5334,6,homogeneous-periodic-hz30
mixed,periodic,Full,50.0000,50.0000,50.0000,60.0000,60.0000,60.0000,52.1724,51.1049,53.2400,47.9462,450.0000,4458,6,heterogeneous-periodic-hz30
mixed,periodic,BIM,50.2593,49.8509,50.6677,60.3111,59.8210,60.8012,52.3619,51.2474,53.4764,48.1894,447.6667,4458,6,heterogeneous-periodic-hz30
mixed,periodic,Manual,50.2037,49.9898,50.4177,60.2444,59.9877,60.5012,52.0194,51.3615,52.6773,47.7456,448.1667,4458,6,heterogeneous-periodic-hz30
mixed,periodic,Clone,82.5556,82.3223,82.7888,99.0667,98.7868,99.3465,72.7798,70.0487,75.5110,61.0583,157.0000,4714,6,heterogeneous-periodic-hz30
same,jitter,Full,48.0185,47.6118,48.4252,57.6222,57.1342,58.1103,71.8113,71.4232,72.1994,65.1879,467.8333,5078,6,homogeneous-jitter-hz30
same,jitter,BIM,63.5370,63.2990,63.7751,76.3111,76.0478,76.5744,94.1757,93.5115,94.8399,74.3611,327.5000,5078,6,homogeneous-jitter-hz30
same,jitter,Manual,63.5000,63.2582,63.7418,76.2167,75.9388,76.4945,93.6443,92.9809,94.3077,74.3894,328.3333,5078,6,homogeneous-jitter-hz30
same,jitter,Clone,61.6481,60.6911,62.6052,76.9444,76.5551,77.3338,103.5366,102.4460,104.6271,83.6691,315.1667,5334,6,homogeneous-jitter-hz30
mixed,jitter,Full,57.5370,56.9782,58.0958,69.0444,68.3739,69.7150,54.2000,53.5388,54.8613,49.0604,382.1667,4458,6,heterogeneous-jitter-hz30
mixed,jitter,BIM,58.4630,57.8016,59.1243,70.1556,69.3620,70.9491,52.9131,52.1487,53.6776,47.4587,373.8333,4458,6,heterogeneous-jitter-hz30
mixed,jitter,Manual,58.3333,57.8442,58.8225,70.0000,69.4130,70.5870,53.6392,53.0748,54.2037,48.7968,375.0000,4458,6,heterogeneous-jitter-hz30
mixed,jitter,Clone,80.6852,80.1026,81.2678,96.8444,96.1328,97.5561,78.2527,76.8891,79.6163,55.7177,173.5000,4714,6,heterogeneous-jitter-hz30
all-late,periodic,BIM,50.0000,50.0000,50.0000,60.0000,60.0000,60.0000,69.5752,69.0634,70.0871,65.1884,450.0000,5078,6,late-periodic-hz30
all-late,periodic,Manual,49.9815,49.9339,50.0291,59.9889,59.9603,60.0175,69.2467,68.9217,69.5716,65.9105,450.0000,5078,6,late-periodic-hz30
