# One-slot trace at 20 Hz, E1 repetition 0; times in ms since the arrival planned 1,000 ms after
# the measured cohort starts (the window shown in Fig. 2). slot/held = commit to last borrow return;
# R1-R4 = recipients 0-3: holds_source = admission to source return, private = source return to output.
# Generated by scripts/extract_artifact.py from the public artifact (E1_E2_*_timeline.csv); do not edit by hand.
policy,row,kind,start_ms,end_ms,label
Full,arrivals,admitted,0.0,,
Full,arrivals,busy,50.0,,
Full,arrivals,admitted,100.0,,
Full,arrivals,busy,150.0,,
Full,arrivals,admitted,200.0,,
Full,arrivals,busy,250.0,,
Full,slot,held,0.41,51.21,k|50.80 ms
Full,R1,holds_source,0.62,44.24,
Full,R2,holds_source,0.85,50.34,
Full,R3,holds_source,0.60,49.30,
Full,R4,holds_source,0.75,51.21,
Full,slot,held,100.43,151.76,k+2|51.33 ms
Full,R1,holds_source,101.01,149.88,
Full,R2,holds_source,100.83,150.81,
Full,R3,holds_source,100.85,148.88,
Full,R4,holds_source,100.72,151.76,
Full,slot,held,200.46,251.43,k+4|50.97 ms
Full,R1,holds_source,201.00,251.43,
Full,R2,holds_source,200.79,248.57,
Full,R3,holds_source,200.89,250.46,
Full,R4,holds_source,200.69,249.52,
BIM,arrivals,admitted,0.0,,
BIM,arrivals,admitted,50.0,,
BIM,arrivals,admitted,100.0,,
BIM,arrivals,admitted,150.0,,
BIM,arrivals,admitted,200.0,,
BIM,arrivals,admitted,250.0,,
BIM,R1,private,-18.74,10.21,
BIM,R2,private,-34.88,2.31,
BIM,R3,private,-21.09,9.43,
BIM,R4,private,-32.59,3.23,
BIM,slot,held,5.77,31.81,k|26.04 ms
BIM,R1,holds_source,11.89,31.81,
BIM,R1,private,31.81,60.77,
BIM,R2,holds_source,6.22,15.59,
BIM,R2,private,15.59,52.86,
BIM,R3,holds_source,12.33,29.47,
BIM,R3,private,29.47,59.84,
BIM,R4,holds_source,6.27,17.93,
BIM,R4,private,17.93,53.78,
BIM,slot,held,56.32,82.39,k+1|26.07 ms
BIM,R1,holds_source,62.53,82.39,
BIM,R1,private,82.39,111.33,
BIM,R2,holds_source,56.82,66.61,
BIM,R2,private,66.61,103.42,
BIM,R3,holds_source,61.76,80.03,
BIM,R3,private,80.03,110.41,
BIM,R4,holds_source,56.88,68.50,
BIM,R4,private,68.50,104.35,
BIM,slot,held,106.89,132.93,k+2|26.05 ms
BIM,R1,holds_source,113.20,132.93,
BIM,R1,private,132.93,161.89,
BIM,R2,holds_source,107.34,117.45,
BIM,R2,private,117.45,154.22,
BIM,R3,holds_source,112.56,130.59,
BIM,R3,private,130.59,160.96,
BIM,R4,holds_source,107.42,119.06,
BIM,R4,private,119.06,155.14,
BIM,slot,held,151.01,183.49,k+3|32.49 ms
BIM,R1,holds_source,163.75,183.49,
BIM,R1,private,183.49,212.27,
BIM,R2,holds_source,156.07,167.77,
BIM,R2,private,167.77,204.79,
BIM,R3,holds_source,162.78,181.14,
BIM,R3,private,181.14,211.84,
BIM,R4,holds_source,157.09,169.62,
BIM,R4,private,169.62,205.78,
BIM,slot,held,201.56,236.36,k+4|34.80 ms
BIM,R1,holds_source,214.24,229.43,
BIM,R1,private,229.43,261.91,
BIM,R2,holds_source,206.61,218.48,
BIM,R2,private,218.48,250.57,
BIM,R3,holds_source,214.95,236.36,
BIM,R3,private,236.36,265.35,
BIM,R4,holds_source,211.17,224.78,
BIM,R4,private,224.78,258.71,
