# Slots x cap x policy at 30 Hz (120 results/s offered); separate 96-run window, 6 runs per condition.
# timely/late/not_enqueued in results/s; ci = pointwise 95% paired-bootstrap interval for timely goodput;
# protected_mib = time-averaged protected source storage; device_peak_mib = measured device-memory peak.
# Generated by scripts/extract_artifact.py from the public artifact; do not edit by hand.
config,slots,cap,policy,timely,late,not_enqueued,timely_ci_lo,timely_ci_hi,protected_mib,device_peak_mib,src
one_slot,1,none,BIM,78.500,0.000,41.500,78.389,78.611,40.705,5078,artifact prior_v11/evidence/grouped.json
one_slot,1,none,Manual,78.611,0.000,41.389,78.500,78.667,40.360,5078,artifact prior_v11/evidence/grouped.json
one_slot,1,none,Full,60.000,0.000,60.000,60.000,60.000,48.391,5078,artifact prior_v11/evidence/grouped.json
two_slots,2,none,BIM,24.931,54.069,41.000,19.500,31.569,100.986,5142,artifact prior_v11/evidence/grouped.json
two_slots,2,none,Manual,28.903,50.097,41.000,21.653,35.861,100.930,5142,artifact prior_v11/evidence/grouped.json
two_slots,2,none,Full,72.292,6.875,40.833,71.500,73.139,100.108,5142,artifact prior_v11/evidence/grouped.json
two_slots_k4,2,4,BIM,53.167,0.000,66.833,51.889,54.222,16.597,5142,artifact prior_v11/evidence/grouped.json
two_slots_k4,2,4,Manual,53.222,0.000,66.778,51.889,54.278,16.218,5142,artifact prior_v11/evidence/grouped.json
two_slots_k4,2,4,Full,54.222,0.000,65.778,53.389,54.944,43.790,5142,artifact prior_v11/evidence/grouped.json
two_slots_k8,2,8,BIM,78.194,0.861,40.944,77.958,78.444,52.337,5142,artifact prior_v11/evidence/grouped.json
two_slots_k8,2,8,Manual,78.111,0.944,40.944,77.861,78.347,54.429,5142,artifact prior_v11/evidence/grouped.json
two_slots_k8,2,8,Full,78.139,0.917,40.944,77.972,78.347,86.449,5142,artifact prior_v11/evidence/grouped.json
