# Timely goodput of the 96-run slots window re-scored at receipt deadlines of 80-200 ms (unchanged executions;
# post-hoc cutoff sensitivity, not deadline-aware scheduling).
# Generated by scripts/extract_artifact.py from the public artifact; do not edit by hand.
config,policy,deadline_ms,goodput,src
one_slot,BIM,80,65.903,artifact prior_v11/evidence/deadlines_v7.json
one_slot,BIM,90,77.708,artifact prior_v11/evidence/deadlines_v7.json
one_slot,BIM,100,78.500,artifact prior_v11/evidence/deadlines_v7.json
one_slot,BIM,110,78.500,artifact prior_v11/evidence/deadlines_v7.json
one_slot,BIM,120,78.500,artifact prior_v11/evidence/deadlines_v7.json
one_slot,BIM,130,78.500,artifact prior_v11/evidence/deadlines_v7.json
one_slot,BIM,150,78.500,artifact prior_v11/evidence/deadlines_v7.json
one_slot,BIM,200,78.500,artifact prior_v11/evidence/deadlines_v7.json
one_slot,Manual,80,65.014,artifact prior_v11/evidence/deadlines_v7.json
one_slot,Manual,90,77.944,artifact prior_v11/evidence/deadlines_v7.json
one_slot,Manual,100,78.611,artifact prior_v11/evidence/deadlines_v7.json
one_slot,Manual,110,78.611,artifact prior_v11/evidence/deadlines_v7.json
one_slot,Manual,120,78.611,artifact prior_v11/evidence/deadlines_v7.json
one_slot,Manual,130,78.611,artifact prior_v11/evidence/deadlines_v7.json
one_slot,Manual,150,78.611,artifact prior_v11/evidence/deadlines_v7.json
one_slot,Manual,200,78.611,artifact prior_v11/evidence/deadlines_v7.json
one_slot,Full,80,60.000,artifact prior_v11/evidence/deadlines_v7.json
one_slot,Full,90,60.000,artifact prior_v11/evidence/deadlines_v7.json
one_slot,Full,100,60.000,artifact prior_v11/evidence/deadlines_v7.json
one_slot,Full,110,60.000,artifact prior_v11/evidence/deadlines_v7.json
one_slot,Full,120,60.000,artifact prior_v11/evidence/deadlines_v7.json
one_slot,Full,130,60.000,artifact prior_v11/evidence/deadlines_v7.json
one_slot,Full,150,60.000,artifact prior_v11/evidence/deadlines_v7.json
one_slot,Full,200,60.000,artifact prior_v11/evidence/deadlines_v7.json
two_slots,BIM,80,3.389,artifact prior_v11/evidence/deadlines_v7.json
two_slots,BIM,90,10.708,artifact prior_v11/evidence/deadlines_v7.json
two_slots,BIM,100,24.931,artifact prior_v11/evidence/deadlines_v7.json
two_slots,BIM,110,45.139,artifact prior_v11/evidence/deadlines_v7.json
two_slots,BIM,120,62.764,artifact prior_v11/evidence/deadlines_v7.json
two_slots,BIM,130,75.250,artifact prior_v11/evidence/deadlines_v7.json
two_slots,BIM,150,79.000,artifact prior_v11/evidence/deadlines_v7.json
two_slots,BIM,200,79.000,artifact prior_v11/evidence/deadlines_v7.json
two_slots,Manual,80,5.958,artifact prior_v11/evidence/deadlines_v7.json
two_slots,Manual,90,14.611,artifact prior_v11/evidence/deadlines_v7.json
two_slots,Manual,100,28.903,artifact prior_v11/evidence/deadlines_v7.json
two_slots,Manual,110,47.722,artifact prior_v11/evidence/deadlines_v7.json
two_slots,Manual,120,63.875,artifact prior_v11/evidence/deadlines_v7.json
two_slots,Manual,130,75.028,artifact prior_v11/evidence/deadlines_v7.json
two_slots,Manual,150,78.958,artifact prior_v11/evidence/deadlines_v7.json
two_slots,Manual,200,79.000,artifact prior_v11/evidence/deadlines_v7.json
two_slots,Full,80,33.750,artifact prior_v11/evidence/deadlines_v7.json
two_slots,Full,90,56.736,artifact prior_v11/evidence/deadlines_v7.json
two_slots,Full,100,72.292,artifact prior_v11/evidence/deadlines_v7.json
two_slots,Full,110,78.819,artifact prior_v11/evidence/deadlines_v7.json
two_slots,Full,120,79.028,artifact prior_v11/evidence/deadlines_v7.json
two_slots,Full,130,79.069,artifact prior_v11/evidence/deadlines_v7.json
two_slots,Full,150,79.153,artifact prior_v11/evidence/deadlines_v7.json
two_slots,Full,200,79.167,artifact prior_v11/evidence/deadlines_v7.json
two_slots_k4,BIM,80,53.167,artifact prior_v11/evidence/deadlines_v7.json
two_slots_k4,BIM,90,53.167,artifact prior_v11/evidence/deadlines_v7.json
two_slots_k4,BIM,100,53.167,artifact prior_v11/evidence/deadlines_v7.json
two_slots_k4,BIM,110,53.167,artifact prior_v11/evidence/deadlines_v7.json
two_slots_k4,BIM,120,53.167,artifact prior_v11/evidence/deadlines_v7.json
two_slots_k4,BIM,130,53.167,artifact prior_v11/evidence/deadlines_v7.json
two_slots_k4,BIM,150,53.167,artifact prior_v11/evidence/deadlines_v7.json
two_slots_k4,BIM,200,53.167,artifact prior_v11/evidence/deadlines_v7.json
two_slots_k4,Manual,80,53.222,artifact prior_v11/evidence/deadlines_v7.json
two_slots_k4,Manual,90,53.222,artifact prior_v11/evidence/deadlines_v7.json
two_slots_k4,Manual,100,53.222,artifact prior_v11/evidence/deadlines_v7.json
two_slots_k4,Manual,110,53.222,artifact prior_v11/evidence/deadlines_v7.json
two_slots_k4,Manual,120,53.222,artifact prior_v11/evidence/deadlines_v7.json
two_slots_k4,Manual,130,53.222,artifact prior_v11/evidence/deadlines_v7.json
two_slots_k4,Manual,150,53.222,artifact prior_v11/evidence/deadlines_v7.json
two_slots_k4,Manual,200,53.222,artifact prior_v11/evidence/deadlines_v7.json
two_slots_k4,Full,80,54.222,artifact prior_v11/evidence/deadlines_v7.json
two_slots_k4,Full,90,54.222,artifact prior_v11/evidence/deadlines_v7.json
two_slots_k4,Full,100,54.222,artifact prior_v11/evidence/deadlines_v7.json
two_slots_k4,Full,110,54.222,artifact prior_v11/evidence/deadlines_v7.json
two_slots_k4,Full,120,54.222,artifact prior_v11/evidence/deadlines_v7.json
two_slots_k4,Full,130,54.222,artifact prior_v11/evidence/deadlines_v7.json
two_slots_k4,Full,150,54.222,artifact prior_v11/evidence/deadlines_v7.json
two_slots_k4,Full,200,54.222,artifact prior_v11/evidence/deadlines_v7.json
two_slots_k8,BIM,80,46.875,artifact prior_v11/evidence/deadlines_v7.json
two_slots_k8,BIM,90,67.569,artifact prior_v11/evidence/deadlines_v7.json
two_slots_k8,BIM,100,78.194,artifact prior_v11/evidence/deadlines_v7.json
two_slots_k8,BIM,110,78.972,artifact prior_v11/evidence/deadlines_v7.json
two_slots_k8,BIM,120,79.014,artifact prior_v11/evidence/deadlines_v7.json
two_slots_k8,BIM,130,79.056,artifact prior_v11/evidence/deadlines_v7.json
two_slots_k8,BIM,150,79.056,artifact prior_v11/evidence/deadlines_v7.json
two_slots_k8,BIM,200,79.056,artifact prior_v11/evidence/deadlines_v7.json
two_slots_k8,Manual,80,46.681,artifact prior_v11/evidence/deadlines_v7.json
two_slots_k8,Manual,90,67.806,artifact prior_v11/evidence/deadlines_v7.json
two_slots_k8,Manual,100,78.111,artifact prior_v11/evidence/deadlines_v7.json
two_slots_k8,Manual,110,78.958,artifact prior_v11/evidence/deadlines_v7.json
two_slots_k8,Manual,120,79.000,artifact prior_v11/evidence/deadlines_v7.json
two_slots_k8,Manual,130,79.028,artifact prior_v11/evidence/deadlines_v7.json
two_slots_k8,Manual,150,79.056,artifact prior_v11/evidence/deadlines_v7.json
two_slots_k8,Manual,200,79.056,artifact prior_v11/evidence/deadlines_v7.json
two_slots_k8,Full,80,47.889,artifact prior_v11/evidence/deadlines_v7.json
two_slots_k8,Full,90,68.069,artifact prior_v11/evidence/deadlines_v7.json
two_slots_k8,Full,100,78.139,artifact prior_v11/evidence/deadlines_v7.json
two_slots_k8,Full,110,79.056,artifact prior_v11/evidence/deadlines_v7.json
two_slots_k8,Full,120,79.056,artifact prior_v11/evidence/deadlines_v7.json
two_slots_k8,Full,130,79.056,artifact prior_v11/evidence/deadlines_v7.json
two_slots_k8,Full,150,79.056,artifact prior_v11/evidence/deadlines_v7.json
two_slots_k8,Full,200,79.056,artifact prior_v11/evidence/deadlines_v7.json
