# Paired differences (first policy minus BIM) in the follow-up campaign; lo, hi = pointwise 95% t intervals
# over 6 paired runs (df 5), not adjusted for multiplicity and not equivalence tests.
# complete_timely_pp in percentage points; results_per_s in results/s; p99_ms in ms; device_peak_mib in MiB.
# Generated by scripts/extract_followup.py from ispa_reviewer_results_20260927_final1.zip; do not edit by hand.
condition,contrast,metric,mean,lo,hi,pairs
homogeneous-periodic-hz30,Clone - BIM,complete_timely_pp,-2.2037,-2.9353,-1.4721,6
homogeneous-periodic-hz30,Clone - BIM,device_peak_mib,256.0000,256.0000,256.0000,6
homogeneous-periodic-hz30,Clone - BIM,p99_ms,9.3581,7.9667,10.7496,6
homogeneous-periodic-hz30,Clone - BIM,results_per_s,-0.6667,-0.9827,-0.3507,6
homogeneous-periodic-hz30,Full - BIM,complete_timely_pp,-15.5370,-15.6517,-15.4224,6
homogeneous-periodic-hz30,Full - BIM,device_peak_mib,0.0000,0.0000,0.0000,6
homogeneous-periodic-hz30,Full - BIM,p99_ms,-24.0716,-24.4804,-23.6628,6
homogeneous-periodic-hz30,Full - BIM,results_per_s,-18.6444,-18.7820,-18.5069,6
homogeneous-periodic-hz30,Manual - BIM,complete_timely_pp,-0.0926,-0.2476,0.0624,6
homogeneous-periodic-hz30,Manual - BIM,device_peak_mib,0.0000,0.0000,0.0000,6
homogeneous-periodic-hz30,Manual - BIM,p99_ms,-0.0178,-1.1515,1.1159,6
homogeneous-periodic-hz30,Manual - BIM,results_per_s,-0.0944,-0.2977,0.1088,6
heterogeneous-periodic-hz30,Clone - BIM,complete_timely_pp,32.2963,31.8090,32.7836,6
heterogeneous-periodic-hz30,Clone - BIM,device_peak_mib,256.0000,256.0000,256.0000,6
heterogeneous-periodic-hz30,Clone - BIM,p99_ms,20.4179,17.9627,22.8731,6
heterogeneous-periodic-hz30,Clone - BIM,results_per_s,38.7556,38.1708,39.3403,6
heterogeneous-periodic-hz30,Full - BIM,complete_timely_pp,-0.2593,-0.6677,0.1491,6
heterogeneous-periodic-hz30,Full - BIM,device_peak_mib,0.0000,0.0000,0.0000,6
heterogeneous-periodic-hz30,Full - BIM,p99_ms,-0.1895,-1.5845,1.2056,6
heterogeneous-periodic-hz30,Full - BIM,results_per_s,-0.3111,-0.8012,0.1790,6
heterogeneous-periodic-hz30,Manual - BIM,complete_timely_pp,-0.0556,-0.5598,0.4487,6
heterogeneous-periodic-hz30,Manual - BIM,device_peak_mib,0.0000,0.0000,0.0000,6
heterogeneous-periodic-hz30,Manual - BIM,p99_ms,-0.3425,-1.5676,0.8826,6
heterogeneous-periodic-hz30,Manual - BIM,results_per_s,-0.0667,-0.6718,0.5384,6
homogeneous-jitter-hz30,Clone - BIM,complete_timely_pp,-1.8889,-2.8756,-0.9022,6
homogeneous-jitter-hz30,Clone - BIM,device_peak_mib,256.0000,256.0000,256.0000,6
homogeneous-jitter-hz30,Clone - BIM,p99_ms,9.3608,8.3266,10.3950,6
homogeneous-jitter-hz30,Clone - BIM,results_per_s,0.6333,0.1735,1.0932,6
homogeneous-jitter-hz30,Full - BIM,complete_timely_pp,-15.5185,-15.8618,-15.1752,6
homogeneous-jitter-hz30,Full - BIM,device_peak_mib,0.0000,0.0000,0.0000,6
homogeneous-jitter-hz30,Full - BIM,p99_ms,-22.3644,-23.1750,-21.5538,6
homogeneous-jitter-hz30,Full - BIM,results_per_s,-18.6889,-19.1453,-18.2324,6
homogeneous-jitter-hz30,Manual - BIM,complete_timely_pp,-0.0370,-0.2275,0.1534,6
homogeneous-jitter-hz30,Manual - BIM,device_peak_mib,0.0000,0.0000,0.0000,6
homogeneous-jitter-hz30,Manual - BIM,p99_ms,-0.5314,-1.3625,0.2997,6
homogeneous-jitter-hz30,Manual - BIM,results_per_s,-0.0944,-0.2261,0.0372,6
heterogeneous-jitter-hz30,Clone - BIM,complete_timely_pp,22.2222,21.5304,22.9140,6
heterogeneous-jitter-hz30,Clone - BIM,device_peak_mib,256.0000,256.0000,256.0000,6
heterogeneous-jitter-hz30,Clone - BIM,p99_ms,25.3396,23.5478,27.1314,6
heterogeneous-jitter-hz30,Clone - BIM,results_per_s,26.6889,25.8381,27.5396,6
heterogeneous-jitter-hz30,Full - BIM,complete_timely_pp,-0.9259,-1.3208,-0.5311,6
heterogeneous-jitter-hz30,Full - BIM,device_peak_mib,0.0000,0.0000,0.0000,6
heterogeneous-jitter-hz30,Full - BIM,p99_ms,1.2869,0.1274,2.4464,6
heterogeneous-jitter-hz30,Full - BIM,results_per_s,-1.1111,-1.5849,-0.6373,6
heterogeneous-jitter-hz30,Manual - BIM,complete_timely_pp,-0.1296,-0.8231,0.5638,6
heterogeneous-jitter-hz30,Manual - BIM,device_peak_mib,0.0000,0.0000,0.0000,6
heterogeneous-jitter-hz30,Manual - BIM,p99_ms,0.7261,0.2323,1.2199,6
heterogeneous-jitter-hz30,Manual - BIM,results_per_s,-0.1556,-0.9877,0.6766,6
late-periodic-hz30,Manual - BIM,complete_timely_pp,-0.0185,-0.0661,0.0291,6
late-periodic-hz30,Manual - BIM,device_peak_mib,0.0000,0.0000,0.0000,6
late-periodic-hz30,Manual - BIM,p99_ms,-0.3286,-0.8618,0.2046,6
late-periodic-hz30,Manual - BIM,results_per_s,-0.0111,-0.0397,0.0175,6
