# One slot, no explicit cap; rate-sweep campaign E1 (108 formal runs, 6 paired runs per condition).
# goodput = correct, timely results/s (100 ms deadline); ci = pointwise 95% paired-bootstrap interval.
# hold = source hold, commit to last borrow return (ms); p5/p95 = per-run percentiles averaged over runs.
# receipt = mean planned-arrival-to-sink latency (ms); receipt_p95 = mean of per-run 95th percentiles.
# Generated by scripts/extract_artifact.py from the public artifact; do not edit by hand.
rate,policy,goodput,goodput_ci_lo,goodput_ci_hi,hold_mean_ms,hold_p5_ms,hold_p95_ms,receipt_mean_ms,receipt_p95_ms,src
10,BIM,40.000,40.000,40.000,19.276,17.961,21.445,58.390,67.551,artifact V12 E1_E2_method_means.csv; hold percentiles from E1_E2_hold_diagnostics.csv
10,Manual,40.000,40.000,40.000,19.014,17.977,20.453,58.228,67.094,artifact V12 E1_E2_method_means.csv; hold percentiles from E1_E2_hold_diagnostics.csv
10,Full,40.000,40.000,40.000,51.059,50.856,51.304,58.332,67.358,artifact V12 E1_E2_method_means.csv; hold percentiles from E1_E2_hold_diagnostics.csv
15,BIM,59.958,59.875,60.000,19.550,17.831,21.808,57.794,67.281,artifact V12 E1_E2_method_means.csv; hold percentiles from E1_E2_hold_diagnostics.csv
15,Manual,60.000,60.000,60.000,19.216,17.839,20.875,57.451,66.772,artifact V12 E1_E2_method_means.csv; hold percentiles from E1_E2_hold_diagnostics.csv
15,Full,59.944,59.833,60.000,51.041,50.807,51.280,58.119,67.243,artifact V12 E1_E2_method_means.csv; hold percentiles from E1_E2_hold_diagnostics.csv
20,BIM,78.278,78.056,78.500,32.284,22.176,44.679,67.414,83.024,artifact V12 E1_E2_method_means.csv; hold percentiles from E1_E2_hold_diagnostics.csv
20,Manual,78.111,77.889,78.278,32.341,22.203,44.277,67.918,83.642,artifact V12 E1_E2_method_means.csv; hold percentiles from E1_E2_hold_diagnostics.csv
20,Full,40.056,40.000,40.167,51.030,50.804,51.293,58.327,67.758,artifact V12 E1_E2_method_means.csv; hold percentiles from E1_E2_hold_diagnostics.csv
25,BIM,75.000,75.000,75.000,29.691,18.176,43.754,66.054,82.286,artifact V12 E1_E2_method_means.csv; hold percentiles from E1_E2_hold_diagnostics.csv
25,Manual,74.833,74.500,75.000,28.787,17.992,41.958,66.637,82.905,artifact V12 E1_E2_method_means.csv; hold percentiles from E1_E2_hold_diagnostics.csv
25,Full,50.000,50.000,50.000,50.997,50.800,51.203,58.146,67.451,artifact V12 E1_E2_method_means.csv; hold percentiles from E1_E2_hold_diagnostics.csv
30,BIM,78.556,78.444,78.667,32.599,20.671,44.718,68.623,86.322,artifact V12 E1_E2_method_means.csv; hold percentiles from E1_E2_hold_diagnostics.csv
30,Manual,78.556,78.444,78.667,32.429,20.394,44.641,68.535,85.935,artifact V12 E1_E2_method_means.csv; hold percentiles from E1_E2_hold_diagnostics.csv
30,Full,59.972,59.917,60.000,50.992,50.776,51.219,57.775,66.921,artifact V12 E1_E2_method_means.csv; hold percentiles from E1_E2_hold_diagnostics.csv
40,BIM,79.000,78.833,79.167,33.914,23.277,43.789,69.509,85.179,artifact V12 E1_E2_method_means.csv; hold percentiles from E1_E2_hold_diagnostics.csv
40,Manual,79.083,78.944,79.222,34.420,23.769,45.406,70.424,86.175,artifact V12 E1_E2_method_means.csv; hold percentiles from E1_E2_hold_diagnostics.csv
40,Full,53.333,53.333,53.333,51.000,50.813,51.221,58.068,67.318,artifact V12 E1_E2_method_means.csv; hold percentiles from E1_E2_hold_diagnostics.csv
