condition,contrast,metric,n_planned,n_observed,mean,low,high,status
heterogeneous-jitter-hz30,copy-in minus auto-batched,full_publication_timely_fraction,6,6,0.22222222222222224,0.21530415732897704,0.22914028711546744,pointwise_t95_df5
heterogeneous-jitter-hz30,copy-in minus auto-batched,full_publication_timely_goodput_hz,6,6,6.666666666666667,6.459124719869312,6.874208613464022,pointwise_t95_df5
heterogeneous-jitter-hz30,copy-in minus auto-batched,recipient_timely_goodput_hz,6,6,26.68888888888889,25.838143328293487,27.539634449484293,pointwise_t95_df5
heterogeneous-jitter-hz30,copy-in minus auto-batched,full_publication_p50_ms,6,6,8.2590375,7.049373548223544,9.468701451776456,pointwise_t95_df5
heterogeneous-jitter-hz30,copy-in minus auto-batched,full_publication_p99_ms,6,6,25.339595801666675,23.547838050627714,27.131353552705637,pointwise_t95_df5
heterogeneous-jitter-hz30,copy-in minus auto-batched,offered_publications,6,6,0,0.0,0.0,pointwise_t95_df5
heterogeneous-jitter-hz30,copy-in minus auto-batched,complete_correct,6,6,200.33333333333334,193.77401078143131,206.89265588523537,pointwise_t95_df5
heterogeneous-jitter-hz30,copy-in minus auto-batched,complete_timely,6,6,200,193.77374159607933,206.22625840392067,pointwise_t95_df5
heterogeneous-jitter-hz30,copy-in minus auto-batched,partial_publications,6,6,0,0.0,0.0,pointwise_t95_df5
heterogeneous-jitter-hz30,copy-in minus auto-batched,zero_correct_publications,6,6,-200.33333333333334,-206.89265588523537,-193.77401078143131,pointwise_t95_df5
heterogeneous-jitter-hz30,copy-in minus auto-batched,incomplete_publications,6,6,-200.33333333333334,-206.89265588523537,-193.77401078143131,pointwise_t95_df5
heterogeneous-jitter-hz30,copy-in minus auto-batched,sampled_device_peak_mib,6,6,256.0,256.0,256.0,pointwise_t95_df5
heterogeneous-jitter-hz30,copy-in minus auto-batched,protected_byte_seconds,6,6,-376591821.74576634,-394077196.68766165,-359106446.80387104,pointwise_t95_df5
heterogeneous-jitter-hz30,manual-checked minus auto-batched,full_publication_timely_fraction,6,6,-0.001296296296296277,-0.00823071984301123,0.005638127250418675,pointwise_t95_df5
heterogeneous-jitter-hz30,manual-checked minus auto-batched,full_publication_timely_goodput_hz,6,6,-0.03888888888888845,-0.24692159529033594,0.16914381751255905,pointwise_t95_df5
heterogeneous-jitter-hz30,manual-checked minus auto-batched,recipient_timely_goodput_hz,6,6,-0.1555555555555538,-0.9876863811613438,0.6765752700502362,pointwise_t95_df5
heterogeneous-jitter-hz30,manual-checked minus auto-batched,full_publication_p50_ms,6,6,1.3381310833333349,0.5248290983678383,2.1514330682988314,pointwise_t95_df5
heterogeneous-jitter-hz30,manual-checked minus auto-batched,full_publication_p99_ms,6,6,0.7261086749999942,0.2323259797764871,1.2198913702235012,pointwise_t95_df5
heterogeneous-jitter-hz30,manual-checked minus auto-batched,offered_publications,6,6,0,0.0,0.0,pointwise_t95_df5
heterogeneous-jitter-hz30,manual-checked minus auto-batched,complete_correct,6,6,-1.1666666666666667,-7.407647858710119,5.074314525376785,pointwise_t95_df5
heterogeneous-jitter-hz30,manual-checked minus auto-batched,complete_timely,6,6,-1.1666666666666667,-7.407647858710119,5.074314525376785,pointwise_t95_df5
heterogeneous-jitter-hz30,manual-checked minus auto-batched,partial_publications,6,6,0,0.0,0.0,pointwise_t95_df5
heterogeneous-jitter-hz30,manual-checked minus auto-batched,zero_correct_publications,6,6,1.1666666666666667,-5.074314525376785,7.407647858710119,pointwise_t95_df5
heterogeneous-jitter-hz30,manual-checked minus auto-batched,incomplete_publications,6,6,1.1666666666666667,-5.074314525376785,7.407647858710119,pointwise_t95_df5
heterogeneous-jitter-hz30,manual-checked minus auto-batched,sampled_device_peak_mib,6,6,0.0,0.0,0.0,pointwise_t95_df5
heterogeneous-jitter-hz30,manual-checked minus auto-batched,protected_byte_seconds,6,6,9106518.760243258,-2432473.6860807817,20645511.206567295,pointwise_t95_df5
heterogeneous-jitter-hz30,manual-full minus auto-batched,full_publication_timely_fraction,6,6,-0.009259259259259264,-0.013207756998414989,-0.005310761520103539,pointwise_t95_df5
heterogeneous-jitter-hz30,manual-full minus auto-batched,full_publication_timely_goodput_hz,6,6,-0.2777777777777774,-0.39623270995244814,-0.15932284560310667,pointwise_t95_df5
heterogeneous-jitter-hz30,manual-full minus auto-batched,recipient_timely_goodput_hz,6,6,-1.1111111111111096,-1.5849308398097925,-0.6372913824124267,pointwise_t95_df5
heterogeneous-jitter-hz30,manual-full minus auto-batched,full_publication_p50_ms,6,6,1.6016592499999998,0.18774996732228555,3.015568532677714,pointwise_t95_df5
heterogeneous-jitter-hz30,manual-full minus auto-batched,full_publication_p99_ms,6,6,1.2868956166666667,0.12738897775945568,2.4464022555738776,pointwise_t95_df5
heterogeneous-jitter-hz30,manual-full minus auto-batched,offered_publications,6,6,0,0.0,0.0,pointwise_t95_df5
heterogeneous-jitter-hz30,manual-full minus auto-batched,complete_correct,6,6,-8.333333333333334,-11.88698129857345,-4.779685368093217,pointwise_t95_df5
heterogeneous-jitter-hz30,manual-full minus auto-batched,complete_timely,6,6,-8.333333333333334,-11.88698129857345,-4.779685368093217,pointwise_t95_df5
heterogeneous-jitter-hz30,manual-full minus auto-batched,partial_publications,6,6,0,0.0,0.0,pointwise_t95_df5
heterogeneous-jitter-hz30,manual-full minus auto-batched,zero_correct_publications,6,6,8.333333333333334,4.779685368093217,11.88698129857345,pointwise_t95_df5
heterogeneous-jitter-hz30,manual-full minus auto-batched,incomplete_publications,6,6,8.333333333333334,4.779685368093217,11.88698129857345,pointwise_t95_df5
heterogeneous-jitter-hz30,manual-full minus auto-batched,sampled_device_peak_mib,6,6,0.0,0.0,0.0,pointwise_t95_df5
heterogeneous-jitter-hz30,manual-full minus auto-batched,protected_byte_seconds,6,6,18845723.0057472,9712454.846903777,27978991.16459062,pointwise_t95_df5
heterogeneous-periodic-hz30,copy-in minus auto-batched,full_publication_timely_fraction,6,6,0.32296296296296295,0.3180897171773382,0.3278362087485877,pointwise_t95_df5
heterogeneous-periodic-hz30,copy-in minus auto-batched,full_publication_timely_goodput_hz,6,6,9.68888888888889,9.542691515320147,9.835086262457633,pointwise_t95_df5
heterogeneous-periodic-hz30,copy-in minus auto-batched,recipient_timely_goodput_hz,6,6,38.75555555555556,38.17076606128059,39.34034504983053,pointwise_t95_df5
heterogeneous-periodic-hz30,copy-in minus auto-batched,full_publication_p50_ms,6,6,12.868900750000003,12.029339610813953,13.708461889186054,pointwise_t95_df5
heterogeneous-periodic-hz30,copy-in minus auto-batched,full_publication_p99_ms,6,6,20.41792298166667,17.96269778503046,22.87314817830288,pointwise_t95_df5
heterogeneous-periodic-hz30,copy-in minus auto-batched,offered_publications,6,6,0,0.0,0.0,pointwise_t95_df5
heterogeneous-periodic-hz30,copy-in minus auto-batched,complete_correct,6,6,290.6666666666667,286.2807454596044,295.05258787372895,pointwise_t95_df5
heterogeneous-periodic-hz30,copy-in minus auto-batched,complete_timely,6,6,290.6666666666667,286.2807454596044,295.05258787372895,pointwise_t95_df5
heterogeneous-periodic-hz30,copy-in minus auto-batched,partial_publications,6,6,0,0.0,0.0,pointwise_t95_df5
heterogeneous-periodic-hz30,copy-in minus auto-batched,zero_correct_publications,6,6,-290.6666666666667,-295.05258787372895,-286.2807454596044,pointwise_t95_df5
heterogeneous-periodic-hz30,copy-in minus auto-batched,incomplete_publications,6,6,-290.6666666666667,-295.05258787372895,-286.2807454596044,pointwise_t95_df5
heterogeneous-periodic-hz30,copy-in minus auto-batched,sampled_device_peak_mib,6,6,256.0,256.0,256.0,pointwise_t95_df5
heterogeneous-periodic-hz30,copy-in minus auto-batched,protected_byte_seconds,6,6,-110930584.47482878,-160658290.1442749,-61202878.80538268,pointwise_t95_df5
heterogeneous-periodic-hz30,manual-checked minus auto-batched,full_publication_timely_fraction,6,6,-0.0005555555555555869,-0.005597918505296946,0.004486807394185772,pointwise_t95_df5
heterogeneous-periodic-hz30,manual-checked minus auto-batched,full_publication_timely_goodput_hz,6,6,-0.016666666666666902,-0.16793755515890751,0.1346042218255737,pointwise_t95_df5
heterogeneous-periodic-hz30,manual-checked minus auto-batched,recipient_timely_goodput_hz,6,6,-0.06666666666666761,-0.6717502206356301,0.5384168873022948,pointwise_t95_df5
heterogeneous-periodic-hz30,manual-checked minus auto-batched,full_publication_p50_ms,6,6,-0.4437921666666658,-1.6663281853088086,0.778743851975477,pointwise_t95_df5
heterogeneous-periodic-hz30,manual-checked minus auto-batched,full_publication_p99_ms,6,6,-0.3424943166666701,-1.5675960783280034,0.8826074449946633,pointwise_t95_df5
heterogeneous-periodic-hz30,manual-checked minus auto-batched,offered_publications,6,6,0,0.0,0.0,pointwise_t95_df5
heterogeneous-periodic-hz30,manual-checked minus auto-batched,complete_correct,6,6,-0.5,-5.038126654767215,4.038126654767215,pointwise_t95_df5
heterogeneous-periodic-hz30,manual-checked minus auto-batched,complete_timely,6,6,-0.5,-5.038126654767215,4.038126654767215,pointwise_t95_df5
heterogeneous-periodic-hz30,manual-checked minus auto-batched,partial_publications,6,6,0,0.0,0.0,pointwise_t95_df5
heterogeneous-periodic-hz30,manual-checked minus auto-batched,zero_correct_publications,6,6,0.5,-4.038126654767215,5.038126654767215,pointwise_t95_df5
heterogeneous-periodic-hz30,manual-checked minus auto-batched,incomplete_publications,6,6,0.5,-4.038126654767215,5.038126654767215,pointwise_t95_df5
heterogeneous-periodic-hz30,manual-checked minus auto-batched,sampled_device_peak_mib,6,6,0.0,0.0,0.0,pointwise_t95_df5
heterogeneous-periodic-hz30,manual-checked minus auto-batched,protected_byte_seconds,6,6,-7630204.221849521,-25224750.395669222,9964341.951970182,pointwise_t95_df5
heterogeneous-periodic-hz30,manual-full minus auto-batched,full_publication_timely_fraction,6,6,-0.002592592592592591,-0.006676506533277002,0.0014913213480918204,pointwise_t95_df5
heterogeneous-periodic-hz30,manual-full minus auto-batched,full_publication_timely_goodput_hz,6,6,-0.07777777777777779,-0.20029519599831036,0.04473964044275476,pointwise_t95_df5
heterogeneous-periodic-hz30,manual-full minus auto-batched,recipient_timely_goodput_hz,6,6,-0.31111111111111117,-0.8011807839932414,0.17895856177101904,pointwise_t95_df5
heterogeneous-periodic-hz30,manual-full minus auto-batched,full_publication_p50_ms,6,6,-0.24319333333333049,-1.051722771907554,0.565336105240893,pointwise_t95_df5
heterogeneous-periodic-hz30,manual-full minus auto-batched,full_publication_p99_ms,6,6,-0.18945964833333662,-1.5844835245674498,1.2055642279007766,pointwise_t95_df5
heterogeneous-periodic-hz30,manual-full minus auto-batched,offered_publications,6,6,0,0.0,0.0,pointwise_t95_df5
heterogeneous-periodic-hz30,manual-full minus auto-batched,complete_correct,6,6,-2.3333333333333335,-6.008855879949302,1.3421892132826354,pointwise_t95_df5
heterogeneous-periodic-hz30,manual-full minus auto-batched,complete_timely,6,6,-2.3333333333333335,-6.008855879949302,1.3421892132826354,pointwise_t95_df5
heterogeneous-periodic-hz30,manual-full minus auto-batched,partial_publications,6,6,0,0.0,0.0,pointwise_t95_df5
heterogeneous-periodic-hz30,manual-full minus auto-batched,zero_correct_publications,6,6,2.3333333333333335,-1.3421892132826354,6.008855879949302,pointwise_t95_df5
heterogeneous-periodic-hz30,manual-full minus auto-batched,incomplete_publications,6,6,2.3333333333333335,-1.3421892132826354,6.008855879949302,pointwise_t95_df5
heterogeneous-periodic-hz30,manual-full minus auto-batched,sampled_device_peak_mib,6,6,0.0,0.0,0.0,pointwise_t95_df5
heterogeneous-periodic-hz30,manual-full minus auto-batched,protected_byte_seconds,6,6,19169149.685760062,10235957.008314438,28102342.363205686,pointwise_t95_df5
homogeneous-jitter-hz30,copy-in minus auto-batched,full_publication_timely_fraction,6,6,-0.0188888888888889,-0.028755540892101587,-0.009022236885676212,pointwise_t95_df5
homogeneous-jitter-hz30,copy-in minus auto-batched,full_publication_timely_goodput_hz,6,6,-0.566666666666667,-0.8626662267630489,-0.27066710657028503,pointwise_t95_df5
homogeneous-jitter-hz30,copy-in minus auto-batched,recipient_timely_goodput_hz,6,6,0.6333333333333352,0.1734936752366224,1.0931729914300479,pointwise_t95_df5
homogeneous-jitter-hz30,copy-in minus auto-batched,full_publication_p50_ms,6,6,9.30794983333333,8.448391846337055,10.167507820329606,pointwise_t95_df5
homogeneous-jitter-hz30,copy-in minus auto-batched,full_publication_p99_ms,6,6,9.360830788333331,8.326627777318484,10.395033799348179,pointwise_t95_df5
homogeneous-jitter-hz30,copy-in minus auto-batched,offered_publications,6,6,0,0.0,0.0,pointwise_t95_df5
homogeneous-jitter-hz30,copy-in minus auto-batched,complete_correct,6,6,12.333333333333334,10.619612109575797,14.04705455709087,pointwise_t95_df5
homogeneous-jitter-hz30,copy-in minus auto-batched,complete_timely,6,6,-17,-25.879986802891445,-8.120013197108554,pointwise_t95_df5
homogeneous-jitter-hz30,copy-in minus auto-batched,partial_publications,6,6,0,0.0,0.0,pointwise_t95_df5
homogeneous-jitter-hz30,copy-in minus auto-batched,zero_correct_publications,6,6,-12.333333333333334,-14.04705455709087,-10.619612109575797,pointwise_t95_df5
homogeneous-jitter-hz30,copy-in minus auto-batched,incomplete_publications,6,6,-12.333333333333334,-14.04705455709087,-10.619612109575797,pointwise_t95_df5
homogeneous-jitter-hz30,copy-in minus auto-batched,sampled_device_peak_mib,6,6,256.0,256.0,256.0,pointwise_t95_df5
homogeneous-jitter-hz30,copy-in minus auto-batched,protected_byte_seconds,6,6,-65641970.1399552,-83044638.9103249,-48239301.36958551,pointwise_t95_df5
homogeneous-jitter-hz30,manual-checked minus auto-batched,full_publication_timely_fraction,6,6,-0.00037037037037037274,-0.0022745050634343004,0.001533764322693555,pointwise_t95_df5
homogeneous-jitter-hz30,manual-checked minus auto-batched,full_publication_timely_goodput_hz,6,6,-0.011111111111111663,-0.06823515190303056,0.04601292968080724,pointwise_t95_df5
homogeneous-jitter-hz30,manual-checked minus auto-batched,recipient_timely_goodput_hz,6,6,-0.09444444444444618,-0.22610885285977822,0.03721996397088585,pointwise_t95_df5
homogeneous-jitter-hz30,manual-checked minus auto-batched,full_publication_p50_ms,6,6,0.028247583333334585,-0.8277442207877557,0.8842393874544248,pointwise_t95_df5
homogeneous-jitter-hz30,manual-checked minus auto-batched,full_publication_p99_ms,6,6,-0.5314285883333483,-1.3625286021633738,0.29967142549667725,pointwise_t95_df5
homogeneous-jitter-hz30,manual-checked minus auto-batched,offered_publications,6,6,0,0.0,0.0,pointwise_t95_df5
homogeneous-jitter-hz30,manual-checked minus auto-batched,complete_correct,6,6,-0.8333333333333334,-1.6233197838252824,-0.04334688284138433,pointwise_t95_df5
homogeneous-jitter-hz30,manual-checked minus auto-batched,complete_timely,6,6,-0.3333333333333333,-2.04705455709087,1.3803878904242033,pointwise_t95_df5
homogeneous-jitter-hz30,manual-checked minus auto-batched,partial_publications,6,6,0,0.0,0.0,pointwise_t95_df5
homogeneous-jitter-hz30,manual-checked minus auto-batched,zero_correct_publications,6,6,0.8333333333333334,0.04334688284138433,1.6233197838252824,pointwise_t95_df5
homogeneous-jitter-hz30,manual-checked minus auto-batched,incomplete_publications,6,6,0.8333333333333334,0.04334688284138433,1.6233197838252824,pointwise_t95_df5
homogeneous-jitter-hz30,manual-checked minus auto-batched,sampled_device_peak_mib,6,6,0.0,0.0,0.0,pointwise_t95_df5
homogeneous-jitter-hz30,manual-checked minus auto-batched,protected_byte_seconds,6,6,-3303691.901337544,-22030149.279520433,15422765.476845345,pointwise_t95_df5
homogeneous-jitter-hz30,manual-full minus auto-batched,full_publication_timely_fraction,6,6,-0.1551851851851852,-0.15861791282080115,-0.15175245754956926,pointwise_t95_df5
homogeneous-jitter-hz30,manual-full minus auto-batched,full_publication_timely_goodput_hz,6,6,-4.655555555555556,-4.758537384624035,-4.5525737264870765,pointwise_t95_df5
homogeneous-jitter-hz30,manual-full minus auto-batched,recipient_timely_goodput_hz,6,6,-18.68888888888889,-19.145345363181814,-18.232432414595966,pointwise_t95_df5
homogeneous-jitter-hz30,manual-full minus auto-batched,full_publication_p50_ms,6,6,-9.173191583333335,-9.575485798298043,-8.770897368368626,pointwise_t95_df5
homogeneous-jitter-hz30,manual-full minus auto-batched,full_publication_p99_ms,6,6,-22.364410113333335,-23.174982710516908,-21.553837516149763,pointwise_t95_df5
homogeneous-jitter-hz30,manual-full minus auto-batched,offered_publications,6,6,0,0.0,0.0,pointwise_t95_df5
homogeneous-jitter-hz30,manual-full minus auto-batched,complete_correct,6,6,-140.33333333333334,-143.88698129857346,-136.77968536809323,pointwise_t95_df5
homogeneous-jitter-hz30,manual-full minus auto-batched,complete_timely,6,6,-139.66666666666666,-142.756121538721,-136.5772117946123,pointwise_t95_df5
homogeneous-jitter-hz30,manual-full minus auto-batched,partial_publications,6,6,0,0.0,0.0,pointwise_t95_df5
homogeneous-jitter-hz30,manual-full minus auto-batched,zero_correct_publications,6,6,140.33333333333334,136.77968536809323,143.88698129857346,pointwise_t95_df5
homogeneous-jitter-hz30,manual-full minus auto-batched,incomplete_publications,6,6,140.33333333333334,136.77968536809323,143.88698129857346,pointwise_t95_df5
homogeneous-jitter-hz30,manual-full minus auto-batched,sampled_device_peak_mib,6,6,0.0,0.0,0.0,pointwise_t95_df5
homogeneous-jitter-hz30,manual-full minus auto-batched,protected_byte_seconds,6,6,302203921.9986432,290382932.40767825,314024911.5896082,pointwise_t95_df5
homogeneous-periodic-hz30,copy-in minus auto-batched,full_publication_timely_fraction,6,6,-0.02203703703703704,-0.029353103146581714,-0.014720970927492364,pointwise_t95_df5
homogeneous-periodic-hz30,copy-in minus auto-batched,full_publication_timely_goodput_hz,6,6,-0.6611111111111102,-0.8805930943974529,-0.44162912782476754,pointwise_t95_df5
homogeneous-periodic-hz30,copy-in minus auto-batched,recipient_timely_goodput_hz,6,6,-0.6666666666666643,-0.9826612468634413,-0.3506720864698874,pointwise_t95_df5
homogeneous-periodic-hz30,copy-in minus auto-batched,full_publication_p50_ms,6,6,9.074577416666669,7.965416306202856,10.183738527130481,pointwise_t95_df5
homogeneous-periodic-hz30,copy-in minus auto-batched,full_publication_p99_ms,6,6,9.358130671666666,7.966667478010986,10.749593865322346,pointwise_t95_df5
homogeneous-periodic-hz30,copy-in minus auto-batched,offered_publications,6,6,0,0.0,0.0,pointwise_t95_df5
homogeneous-periodic-hz30,copy-in minus auto-batched,complete_correct,6,6,0.16666666666666666,-1.2282013509972023,1.5615346843305358,pointwise_t95_df5
homogeneous-periodic-hz30,copy-in minus auto-batched,complete_timely,6,6,-19.833333333333332,-26.417792831923602,-13.248873834743062,pointwise_t95_df5
homogeneous-periodic-hz30,copy-in minus auto-batched,partial_publications,6,6,0,0.0,0.0,pointwise_t95_df5
homogeneous-periodic-hz30,copy-in minus auto-batched,zero_correct_publications,6,6,-0.16666666666666666,-1.5615346843305358,1.2282013509972023,pointwise_t95_df5
homogeneous-periodic-hz30,copy-in minus auto-batched,incomplete_publications,6,6,-0.16666666666666666,-1.5615346843305358,1.2282013509972023,pointwise_t95_df5
homogeneous-periodic-hz30,copy-in minus auto-batched,sampled_device_peak_mib,6,6,256.0,256.0,256.0,pointwise_t95_df5
homogeneous-periodic-hz30,copy-in minus auto-batched,protected_byte_seconds,6,6,-103672968.42792964,-110961730.81270815,-96384206.04315113,pointwise_t95_df5
homogeneous-periodic-hz30,manual-checked minus auto-batched,full_publication_timely_fraction,6,6,-0.0009259259259259042,-0.002475779278885729,0.000623927427033921,pointwise_t95_df5
homogeneous-periodic-hz30,manual-checked minus auto-batched,full_publication_timely_goodput_hz,6,6,-0.027777777777777384,-0.07427337836657226,0.018717822811017488,pointwise_t95_df5
homogeneous-periodic-hz30,manual-checked minus auto-batched,recipient_timely_goodput_hz,6,6,-0.09444444444444144,-0.29771695441780877,0.10882806552892588,pointwise_t95_df5
homogeneous-periodic-hz30,manual-checked minus auto-batched,full_publication_p50_ms,6,6,0.33090325000000104,-0.25718045233395276,0.9189869523339549,pointwise_t95_df5
homogeneous-periodic-hz30,manual-checked minus auto-batched,full_publication_p99_ms,6,6,-0.01780518500000265,-1.1515065356275151,1.1158961656275097,pointwise_t95_df5
homogeneous-periodic-hz30,manual-checked minus auto-batched,offered_publications,6,6,0,0.0,0.0,pointwise_t95_df5
homogeneous-periodic-hz30,manual-checked minus auto-batched,complete_correct,6,6,-0.6666666666666666,-2.246639567650565,0.9133062343172315,pointwise_t95_df5
homogeneous-periodic-hz30,manual-checked minus auto-batched,complete_timely,6,6,-0.8333333333333334,-2.2282013509972023,0.5615346843305357,pointwise_t95_df5
homogeneous-periodic-hz30,manual-checked minus auto-batched,partial_publications,6,6,0,0.0,0.0,pointwise_t95_df5
homogeneous-periodic-hz30,manual-checked minus auto-batched,zero_correct_publications,6,6,0.6666666666666666,-0.9133062343172315,2.246639567650565,pointwise_t95_df5
homogeneous-periodic-hz30,manual-checked minus auto-batched,incomplete_publications,6,6,0.6666666666666666,-0.9133062343172315,2.246639567650565,pointwise_t95_df5
homogeneous-periodic-hz30,manual-checked minus auto-batched,sampled_device_peak_mib,6,6,0.0,0.0,0.0,pointwise_t95_df5
homogeneous-periodic-hz30,manual-checked minus auto-batched,protected_byte_seconds,6,6,5504227.142860849,-3793175.44836804,14801629.73408974,pointwise_t95_df5
homogeneous-periodic-hz30,manual-full minus auto-batched,full_publication_timely_fraction,6,6,-0.15537037037037038,-0.15651681127023478,-0.15422392947050598,pointwise_t95_df5
homogeneous-periodic-hz30,manual-full minus auto-batched,full_publication_timely_goodput_hz,6,6,-4.6611111111111105,-4.695504338107044,-4.626717884115177,pointwise_t95_df5
homogeneous-periodic-hz30,manual-full minus auto-batched,recipient_timely_goodput_hz,6,6,-18.644444444444442,-18.782017352428177,-18.506871536460707,pointwise_t95_df5
homogeneous-periodic-hz30,manual-full minus auto-batched,full_publication_p50_ms,6,6,-9.543129666666665,-10.455963017886065,-8.630296315447266,pointwise_t95_df5
homogeneous-periodic-hz30,manual-full minus auto-batched,full_publication_p99_ms,6,6,-24.07162913833334,-24.48042474804601,-23.66283352862067,pointwise_t95_df5
homogeneous-periodic-hz30,manual-full minus auto-batched,offered_publications,6,6,0,0.0,0.0,pointwise_t95_df5
homogeneous-periodic-hz30,manual-full minus auto-batched,complete_correct,6,6,-139.83333333333334,-140.86513014321133,-138.80153652345535,pointwise_t95_df5
homogeneous-periodic-hz30,manual-full minus auto-batched,complete_timely,6,6,-139.83333333333334,-140.86513014321133,-138.80153652345535,pointwise_t95_df5
homogeneous-periodic-hz30,manual-full minus auto-batched,partial_publications,6,6,0,0.0,0.0,pointwise_t95_df5
homogeneous-periodic-hz30,manual-full minus auto-batched,zero_correct_publications,6,6,139.83333333333334,138.80153652345535,140.86513014321133,pointwise_t95_df5
homogeneous-periodic-hz30,manual-full minus auto-batched,incomplete_publications,6,6,139.83333333333334,138.80153652345535,140.86513014321133,pointwise_t95_df5
homogeneous-periodic-hz30,manual-full minus auto-batched,sampled_device_peak_mib,6,6,0.0,0.0,0.0,pointwise_t95_df5
homogeneous-periodic-hz30,manual-full minus auto-batched,protected_byte_seconds,6,6,260862298.1885952,255505635.60706985,266218960.77012056,pointwise_t95_df5
late-periodic-hz30,manual-checked minus auto-batched,full_publication_timely_fraction,6,6,-0.00018518518518518637,-0.0006612188584511719,0.0002908484880807991,pointwise_t95_df5
late-periodic-hz30,manual-checked minus auto-batched,full_publication_timely_goodput_hz,6,6,-0.005555555555555536,-0.019836565753534957,0.008725454642423885,pointwise_t95_df5
late-periodic-hz30,manual-checked minus auto-batched,recipient_timely_goodput_hz,6,6,-0.011111111111111663,-0.03967313150707203,0.017450909284848708,pointwise_t95_df5
late-periodic-hz30,manual-checked minus auto-batched,full_publication_p50_ms,6,6,0.7221156666666649,-0.26988809698851135,1.7141194303218412,pointwise_t95_df5
late-periodic-hz30,manual-checked minus auto-batched,full_publication_p99_ms,6,6,-0.3285903749999998,-0.8618094016959268,0.2046286516959272,pointwise_t95_df5
late-periodic-hz30,manual-checked minus auto-batched,offered_publications,6,6,0,0.0,0.0,pointwise_t95_df5
late-periodic-hz30,manual-checked minus auto-batched,complete_correct,6,6,0,0.0,0.0,pointwise_t95_df5
late-periodic-hz30,manual-checked minus auto-batched,complete_timely,6,6,-0.16666666666666666,-0.5950969726060508,0.2617636392727175,pointwise_t95_df5
late-periodic-hz30,manual-checked minus auto-batched,partial_publications,6,6,0,0.0,0.0,pointwise_t95_df5
late-periodic-hz30,manual-checked minus auto-batched,zero_correct_publications,6,6,0,0.0,0.0,pointwise_t95_df5
late-periodic-hz30,manual-checked minus auto-batched,incomplete_publications,6,6,0,0.0,0.0,pointwise_t95_df5
late-periodic-hz30,manual-checked minus auto-batched,sampled_device_peak_mib,6,6,0.0,0.0,0.0,pointwise_t95_df5
late-periodic-hz30,manual-checked minus auto-batched,protected_byte_seconds,6,6,1805118.8318208058,-488305.75096967653,4098543.4146112883,pointwise_t95_df5
