run,condition,method,repeat,arrival_offsets_sha256,full_publication_timely_fraction,full_publication_timely_goodput_hz,recipient_timely_goodput_hz,full_publication_p50_ms,full_publication_p99_ms,offered_publications,complete_correct,complete_timely,partial_publications,zero_correct_publications,incomplete_publications,sampled_device_peak_mib,protected_byte_seconds,producer_late_publications,pool_exhausted_publications,credit_exhausted_publications,intended_recipients,enqueued_recipients,received_recipients
formal-r00-homogeneous-periodic-hz30-manual-checked,homogeneous-periodic-hz30,manual-checked,0,4a084922f161e032a973fdbd8f203fe3f2bd9c17b8ae541cee4b1de51e808fdf,0.6544444444444445,19.633333333333333,78.53333333333333,75.074488,92.72135696000001,900,589,589,0,311,311,5078.0,1265202846.019584,0,311,0,3600,2356,2356
formal-r00-homogeneous-periodic-hz30-copy-in,homogeneous-periodic-hz30,copy-in,0,4a084922f161e032a973fdbd8f203fe3f2bd9c17b8ae541cee4b1de51e808fdf,0.6411111111111111,19.233333333333334,78.33333333333333,82.96831,100.6482723,900,591,577,0,309,309,5334.0,1156739014.9214208,0,309,0,3600,2364,2364
formal-r00-homogeneous-periodic-hz30-manual-full,homogeneous-periodic-hz30,manual-full,0,4a084922f161e032a973fdbd8f203fe3f2bd9c17b8ae541cee4b1de51e808fdf,0.5,15.0,60.0,63.895388,68.64844187,900,450,450,0,450,450,5078.0,1520980731.3199103,0,450,0,3600,1800,1800
formal-r00-homogeneous-periodic-hz30-auto-batched,homogeneous-periodic-hz30,auto-batched,0,4a084922f161e032a973fdbd8f203fe3f2bd9c17b8ae541cee4b1de51e808fdf,0.6544444444444445,19.633333333333333,78.53333333333333,74.64522,92.43564748,900,589,589,0,311,311,5078.0,1254098321.1491327,0,311,0,3600,2356,2356
formal-r00-heterogeneous-periodic-hz30-manual-checked,heterogeneous-periodic-hz30,manual-checked,0,4a084922f161e032a973fdbd8f203fe3f2bd9c17b8ae541cee4b1de51e808fdf,0.5055555555555555,15.166666666666666,60.666666666666664,47.19679,52.26448223999999,900,455,455,0,445,445,4458.0,1121066445.7986047,0,445,0,3600,1820,1820
formal-r00-heterogeneous-periodic-hz30-auto-batched,heterogeneous-periodic-hz30,auto-batched,0,4a084922f161e032a973fdbd8f203fe3f2bd9c17b8ae541cee4b1de51e808fdf,0.5,15.0,60.0,49.271876,53.43781695,900,450,450,0,450,450,4458.0,1130374375.6935167,0,450,0,3600,1800,1800
formal-r00-heterogeneous-periodic-hz30-copy-in,heterogeneous-periodic-hz30,copy-in,0,4a084922f161e032a973fdbd8f203fe3f2bd9c17b8ae541cee4b1de51e808fdf,0.8288888888888889,24.866666666666667,99.46666666666667,61.357876000000005,71.28553785,900,746,746,0,154,154,4714.0,966187158.1396992,0,154,0,3600,2984,2984
formal-r00-heterogeneous-periodic-hz30-manual-full,heterogeneous-periodic-hz30,manual-full,0,4a084922f161e032a973fdbd8f203fe3f2bd9c17b8ae541cee4b1de51e808fdf,0.5,15.0,60.0,48.416002500000005,53.52273732,900,450,450,0,450,450,4458.0,1145254599.1655424,0,450,0,3600,1800,1800
formal-r00-homogeneous-jitter-hz30-manual-checked,homogeneous-jitter-hz30,manual-checked,0,987e91586af613bd41a283222e219dc23828475475c18a55a8b65d5d2c595e85,0.6366666666666667,19.1,76.4,75.319575,94.03065743999998,900,573,573,0,327,327,5078.0,1176250389.1623936,0,327,0,3600,2292,2292
formal-r00-homogeneous-jitter-hz30-manual-full,homogeneous-jitter-hz30,manual-full,0,987e91586af613bd41a283222e219dc23828475475c18a55a8b65d5d2c595e85,0.48444444444444446,14.533333333333333,58.13333333333333,65.511323,71.83748794999998,900,436,436,0,464,464,5078.0,1476849026.654208,0,464,0,3600,1744,1744
formal-r00-homogeneous-jitter-hz30-copy-in,homogeneous-jitter-hz30,copy-in,0,987e91586af613bd41a283222e219dc23828475475c18a55a8b65d5d2c595e85,0.6111111111111112,18.333333333333332,76.66666666666667,83.774836,103.67965576999998,900,584,550,0,316,316,5334.0,1104271843.1551487,0,316,0,3600,2336,2336
formal-r00-homogeneous-jitter-hz30-auto-batched,homogeneous-jitter-hz30,auto-batched,0,987e91586af613bd41a283222e219dc23828475475c18a55a8b65d5d2c595e85,0.6366666666666667,19.1,76.5,74.5554745,94.42448184999999,900,574,573,0,326,326,5078.0,1157451843.2219136,0,326,0,3600,2296,2296
formal-r00-heterogeneous-jitter-hz30-manual-full,heterogeneous-jitter-hz30,manual-full,0,987e91586af613bd41a283222e219dc23828475475c18a55a8b65d5d2c595e85,0.5711111111111111,17.133333333333333,68.53333333333333,48.412324,54.02666854,900,514,514,0,386,386,4458.0,1310919999.234048,0,386,0,3600,2056,2056
formal-r00-heterogeneous-jitter-hz30-auto-batched,heterogeneous-jitter-hz30,auto-batched,0,987e91586af613bd41a283222e219dc23828475475c18a55a8b65d5d2c595e85,0.5833333333333334,17.5,70.0,47.321313,52.238253480000004,900,525,525,0,375,375,4458.0,1295748130.4580095,0,375,0,3600,2100,2100
formal-r00-heterogeneous-jitter-hz30-copy-in,heterogeneous-jitter-hz30,copy-in,0,987e91586af613bd41a283222e219dc23828475475c18a55a8b65d5d2c595e85,0.8111111111111111,24.333333333333332,97.33333333333333,56.1774235,79.09330316000002,900,730,730,0,170,170,4714.0,927628774.5613824,0,170,0,3600,2920,2920
formal-r00-heterogeneous-jitter-hz30-manual-checked,heterogeneous-jitter-hz30,manual-checked,0,987e91586af613bd41a283222e219dc23828475475c18a55a8b65d5d2c595e85,0.5811111111111111,17.433333333333334,69.73333333333333,48.510638,53.10397811999999,900,523,523,0,377,377,4458.0,1295803437.318144,0,377,0,3600,2092,2092
formal-r00-late-periodic-hz30-manual-checked,late-periodic-hz30,manual-checked,0,4a084922f161e032a973fdbd8f203fe3f2bd9c17b8ae541cee4b1de51e808fdf,0.5,15.0,60.0,65.9454615,69.32216631,900,450,450,0,450,450,5078.0,1540685920.3411968,0,450,0,3600,1800,1800
formal-r00-late-periodic-hz30-auto-batched,late-periodic-hz30,auto-batched,0,4a084922f161e032a973fdbd8f203fe3f2bd9c17b8ae541cee4b1de51e808fdf,0.5,15.0,60.0,65.6650105,68.80073186,900,450,450,0,450,450,5078.0,1538381359.9862783,0,450,0,3600,1800,1800
formal-r01-homogeneous-periodic-hz30-auto-batched,homogeneous-periodic-hz30,auto-batched,1,4a084922f161e032a973fdbd8f203fe3f2bd9c17b8ae541cee4b1de51e808fdf,0.6566666666666666,19.7,78.8,75.651923,93.51102610000001,900,591,591,0,309,309,5078.0,1265288388.0247295,0,309,0,3600,2364,2364
formal-r01-homogeneous-periodic-hz30-manual-full,homogeneous-periodic-hz30,manual-full,1,4a084922f161e032a973fdbd8f203fe3f2bd9c17b8ae541cee4b1de51e808fdf,0.5,15.0,60.0,65.510309,69.36439782999999,900,450,450,0,450,450,5078.0,1524217093.926912,0,450,0,3600,1800,1800
formal-r01-homogeneous-periodic-hz30-manual-checked,homogeneous-periodic-hz30,manual-checked,1,4a084922f161e032a973fdbd8f203fe3f2bd9c17b8ae541cee4b1de51e808fdf,0.6544444444444445,19.633333333333333,78.53333333333333,76.070522,94.39093592,900,589,589,0,311,311,5078.0,1269872331.7137408,0,311,0,3600,2356,2356
formal-r01-homogeneous-periodic-hz30-copy-in,homogeneous-periodic-hz30,copy-in,1,4a084922f161e032a973fdbd8f203fe3f2bd9c17b8ae541cee4b1de51e808fdf,0.6344444444444445,19.033333333333335,77.9,83.328034,103.59692302,900,590,571,0,310,310,5334.0,1157623328.083968,0,310,0,3600,2360,2360
formal-r01-heterogeneous-periodic-hz30-manual-checked,heterogeneous-periodic-hz30,manual-checked,1,4a084922f161e032a973fdbd8f203fe3f2bd9c17b8ae541cee4b1de51e808fdf,0.5011111111111111,15.033333333333333,60.13333333333333,48.660563,52.947379,900,451,451,0,449,449,4458.0,1119079445.5719936,0,449,0,3600,1804,1804
formal-r01-heterogeneous-periodic-hz30-manual-full,heterogeneous-periodic-hz30,manual-full,1,4a084922f161e032a973fdbd8f203fe3f2bd9c17b8ae541cee4b1de51e808fdf,0.5,15.0,60.0,47.870658500000005,51.76819169,900,450,450,0,450,450,4458.0,1148166948.335616,0,450,0,3600,1800,1800
formal-r01-heterogeneous-periodic-hz30-copy-in,heterogeneous-periodic-hz30,copy-in,1,4a084922f161e032a973fdbd8f203fe3f2bd9c17b8ae541cee4b1de51e808fdf,0.8244444444444444,24.733333333333334,98.93333333333334,60.919783,71.32883447,900,742,742,0,158,158,4714.0,1009027555.3787904,0,158,0,3600,2968,2968
formal-r01-heterogeneous-periodic-hz30-auto-batched,heterogeneous-periodic-hz30,auto-batched,1,4a084922f161e032a973fdbd8f203fe3f2bd9c17b8ae541cee4b1de51e808fdf,0.5,15.0,60.0,48.5651935,51.91829865,900,450,450,0,450,450,4458.0,1132290169.5578113,0,450,0,3600,1800,1800
formal-r01-late-periodic-hz30-manual-checked,late-periodic-hz30,manual-checked,1,4a084922f161e032a973fdbd8f203fe3f2bd9c17b8ae541cee4b1de51e808fdf,0.5,15.0,60.0,65.6856575,69.4187719,900,450,450,0,450,450,5078.0,1541410566.0383232,0,450,0,3600,1800,1800
formal-r01-late-periodic-hz30-auto-batched,late-periodic-hz30,auto-batched,1,4a084922f161e032a973fdbd8f203fe3f2bd9c17b8ae541cee4b1de51e808fdf,0.5,15.0,60.0,64.5198465,69.3854025,900,450,450,0,450,450,5078.0,1539412240.1071105,0,450,0,3600,1800,1800
formal-r01-homogeneous-jitter-hz30-manual-checked,homogeneous-jitter-hz30,manual-checked,1,1acda682c726a3f0ec36b461f344797a8727a045f8153de4602958ee58b0a4cb,0.6333333333333333,19.0,76.1,73.352309,92.4353732,900,571,570,0,329,329,5078.0,1143725534.0900352,0,329,0,3600,2284,2284
formal-r01-homogeneous-jitter-hz30-auto-batched,homogeneous-jitter-hz30,auto-batched,1,1acda682c726a3f0ec36b461f344797a8727a045f8153de4602958ee58b0a4cb,0.6355555555555555,19.066666666666666,76.26666666666667,73.9359635,94.20314934999999,900,572,572,0,328,328,5078.0,1169753545.691136,0,328,0,3600,2288,2288
formal-r01-homogeneous-jitter-hz30-copy-in,homogeneous-jitter-hz30,copy-in,1,1acda682c726a3f0ec36b461f344797a8727a045f8153de4602958ee58b0a4cb,0.6066666666666667,18.2,76.63333333333334,82.856108,104.9677004,900,585,546,0,315,315,5334.0,1089758400.3735552,0,315,0,3600,2340,2340
formal-r01-homogeneous-jitter-hz30-manual-full,homogeneous-jitter-hz30,manual-full,1,1acda682c726a3f0ec36b461f344797a8727a045f8153de4602958ee58b0a4cb,0.48,14.4,57.6,64.90692899999999,72.49780446,900,432,432,0,468,468,5078.0,1461934365.9614208,0,468,0,3600,1728,1728
formal-r01-heterogeneous-jitter-hz30-auto-batched,heterogeneous-jitter-hz30,auto-batched,1,1acda682c726a3f0ec36b461f344797a8727a045f8153de4602958ee58b0a4cb,0.5922222222222222,17.766666666666666,71.06666666666666,46.902117,52.51076171999998,900,533,533,0,367,367,4458.0,1296471546.0624385,0,367,0,3600,2132,2132
formal-r01-heterogeneous-jitter-hz30-copy-in,heterogeneous-jitter-hz30,copy-in,1,1acda682c726a3f0ec36b461f344797a8727a045f8153de4602958ee58b0a4cb,0.8022222222222222,24.066666666666666,96.26666666666667,55.58616,77.80793098999999,900,722,722,0,178,178,4714.0,902383337.6759808,0,178,0,3600,2888,2888
formal-r01-heterogeneous-jitter-hz30-manual-checked,heterogeneous-jitter-hz30,manual-checked,1,1acda682c726a3f0ec36b461f344797a8727a045f8153de4602958ee58b0a4cb,0.5811111111111111,17.433333333333334,69.73333333333333,49.096832,53.76990497999999,900,523,523,0,377,377,4458.0,1318585694.0654593,0,377,0,3600,2092,2092
formal-r01-heterogeneous-jitter-hz30-manual-full,heterogeneous-jitter-hz30,manual-full,1,1acda682c726a3f0ec36b461f344797a8727a045f8153de4602958ee58b0a4cb,0.58,17.4,69.6,47.9276665,53.694646559999995,900,522,522,0,378,378,4458.0,1328876655.6782591,0,378,0,3600,2088,2088
formal-r02-heterogeneous-jitter-hz30-manual-checked,heterogeneous-jitter-hz30,manual-checked,2,9c93437abe7f1f62acebd1cb8352507f5e0c0d4cc403b4926f07603ec0137ca0,0.5922222222222222,17.766666666666666,71.06666666666666,48.907152,54.58848539999999,900,533,533,0,367,367,4458.0,1324941101.5606272,0,367,0,3600,2132,2132
formal-r02-heterogeneous-jitter-hz30-auto-batched,heterogeneous-jitter-hz30,auto-batched,2,9c93437abe7f1f62acebd1cb8352507f5e0c0d4cc403b4926f07603ec0137ca0,0.59,17.7,70.8,48.375037,53.790054300000016,900,531,531,0,369,369,4458.0,1320376315.5468287,0,369,0,3600,2124,2124
formal-r02-heterogeneous-jitter-hz30-copy-in,heterogeneous-jitter-hz30,copy-in,2,9c93437abe7f1f62acebd1cb8352507f5e0c0d4cc403b4926f07603ec0137ca0,0.81,24.3,97.2,55.929436,76.91227180000001,900,729,729,0,171,171,4714.0,942626305.9980288,0,171,0,3600,2916,2916
formal-r02-heterogeneous-jitter-hz30-manual-full,heterogeneous-jitter-hz30,manual-full,2,9c93437abe7f1f62acebd1cb8352507f5e0c0d4cc403b4926f07603ec0137ca0,0.5833333333333334,17.5,70.0,48.103811,53.41153035999999,900,525,525,0,375,375,4458.0,1336104623.4365952,0,375,0,3600,2100,2100
formal-r02-late-periodic-hz30-auto-batched,late-periodic-hz30,auto-batched,2,4a084922f161e032a973fdbd8f203fe3f2bd9c17b8ae541cee4b1de51e808fdf,0.5,15.0,60.0,66.221278,69.88746125,900,450,450,0,450,450,5078.0,1542548441.862144,0,450,0,3600,1800,1800
formal-r02-late-periodic-hz30-manual-checked,late-periodic-hz30,manual-checked,2,4a084922f161e032a973fdbd8f203fe3f2bd9c17b8ae541cee4b1de51e808fdf,0.5,15.0,60.0,65.8895855,69.48096948,900,450,450,0,450,450,5078.0,1540792540.8055296,0,450,0,3600,1800,1800
formal-r02-heterogeneous-periodic-hz30-auto-batched,heterogeneous-periodic-hz30,auto-batched,2,4a084922f161e032a973fdbd8f203fe3f2bd9c17b8ae541cee4b1de51e808fdf,0.5033333333333333,15.1,60.4,48.808563,52.44781648,900,453,453,0,447,447,4458.0,1133306612.777779,0,447,0,3600,1812,1812
formal-r02-heterogeneous-periodic-hz30-copy-in,heterogeneous-periodic-hz30,copy-in,2,4a084922f161e032a973fdbd8f203fe3f2bd9c17b8ae541cee4b1de51e808fdf,0.8266666666666667,24.8,99.2,61.06246,70.945823,900,744,744,0,156,156,4714.0,1018008994.1999615,0,156,0,3600,2976,2976
formal-r02-heterogeneous-periodic-hz30-manual-full,heterogeneous-periodic-hz30,manual-full,2,4a084922f161e032a973fdbd8f203fe3f2bd9c17b8ae541cee4b1de51e808fdf,0.5,15.0,60.0,48.2693175,52.91252309,900,450,450,0,450,450,4458.0,1146816657.0418177,0,450,0,3600,1800,1800
formal-r02-heterogeneous-periodic-hz30-manual-checked,heterogeneous-periodic-hz30,manual-checked,2,4a084922f161e032a973fdbd8f203fe3f2bd9c17b8ae541cee4b1de51e808fdf,0.5033333333333333,15.1,60.4,47.010963,51.84688224000001,900,453,453,0,447,447,4458.0,1123774130.5823233,0,447,0,3600,1812,1812
formal-r02-homogeneous-jitter-hz30-auto-batched,homogeneous-jitter-hz30,auto-batched,2,9c93437abe7f1f62acebd1cb8352507f5e0c0d4cc403b4926f07603ec0137ca0,0.6344444444444445,19.033333333333335,76.33333333333333,74.557036,94.81514947999999,900,573,571,0,327,327,5078.0,1156482365.2171776,0,327,0,3600,2292,2292
formal-r02-homogeneous-jitter-hz30-manual-full,homogeneous-jitter-hz30,manual-full,2,9c93437abe7f1f62acebd1cb8352507f5e0c0d4cc403b4926f07603ec0137ca0,0.47333333333333333,14.2,56.8,65.77105800000001,71.64054825,900,426,426,0,474,474,5078.0,1443910032.7206912,0,474,0,3600,1704,1704
formal-r02-homogeneous-jitter-hz30-copy-in,homogeneous-jitter-hz30,copy-in,2,9c93437abe7f1f62acebd1cb8352507f5e0c0d4cc403b4926f07603ec0137ca0,0.61,18.3,76.63333333333334,83.7960325,104.08011588,900,584,549,0,316,316,5334.0,1098314523.9281664,0,316,0,3600,2336,2336
formal-r02-homogeneous-jitter-hz30-manual-checked,homogeneous-jitter-hz30,manual-checked,2,9c93437abe7f1f62acebd1cb8352507f5e0c0d4cc403b4926f07603ec0137ca0,0.6366666666666667,19.1,76.4,73.274471,93.76954991999999,900,573,573,0,327,327,5078.0,1142350454.0196865,0,327,0,3600,2292,2292
formal-r02-homogeneous-periodic-hz30-manual-full,homogeneous-periodic-hz30,manual-full,2,4a084922f161e032a973fdbd8f203fe3f2bd9c17b8ae541cee4b1de51e808fdf,0.5,15.0,60.0,65.71042750000001,69.42805866,900,450,450,0,450,450,5078.0,1520089411.64544,0,450,0,3600,1800,1800
formal-r02-homogeneous-periodic-hz30-auto-batched,homogeneous-periodic-hz30,auto-batched,2,4a084922f161e032a973fdbd8f203fe3f2bd9c17b8ae541cee4b1de51e808fdf,0.6544444444444445,19.633333333333333,78.53333333333333,74.654604,93.474264,900,589,589,0,311,311,5078.0,1266887254.6566143,0,311,0,3600,2356,2356
formal-r02-homogeneous-periodic-hz30-manual-checked,homogeneous-periodic-hz30,manual-checked,2,4a084922f161e032a973fdbd8f203fe3f2bd9c17b8ae541cee4b1de51e808fdf,0.6544444444444445,19.633333333333333,78.63333333333334,74.370589,92.90819422999999,900,590,589,0,310,310,5078.0,1281032594.3549953,0,310,0,3600,2360,2360
formal-r02-homogeneous-periodic-hz30-copy-in,homogeneous-periodic-hz30,copy-in,2,4a084922f161e032a973fdbd8f203fe3f2bd9c17b8ae541cee4b1de51e808fdf,0.6322222222222222,18.966666666666665,77.96666666666667,84.40960050000001,102.16945926000001,900,590,569,0,310,310,5334.0,1150901557.338931,0,310,0,3600,2360,2360
formal-r03-late-periodic-hz30-manual-checked,late-periodic-hz30,manual-checked,3,4a084922f161e032a973fdbd8f203fe3f2bd9c17b8ae541cee4b1de51e808fdf,0.5,15.0,60.0,66.2366735,68.72241771,900,450,450,0,450,450,5078.0,1541038475.538432,0,450,0,3600,1800,1800
formal-r03-late-periodic-hz30-auto-batched,late-periodic-hz30,auto-batched,3,4a084922f161e032a973fdbd8f203fe3f2bd9c17b8ae541cee4b1de51e808fdf,0.5,15.0,60.0,64.227558,69.40435865,900,450,450,0,450,450,5078.0,1539361220.6555135,0,450,0,3600,1800,1800
formal-r03-homogeneous-periodic-hz30-auto-batched,homogeneous-periodic-hz30,auto-batched,3,4a084922f161e032a973fdbd8f203fe3f2bd9c17b8ae541cee4b1de51e808fdf,0.6566666666666666,19.7,78.8,74.827843,92.76796000000002,900,591,591,0,309,309,5078.0,1268605312.8781824,0,309,0,3600,2364,2364
formal-r03-homogeneous-periodic-hz30-copy-in,homogeneous-periodic-hz30,copy-in,3,4a084922f161e032a973fdbd8f203fe3f2bd9c17b8ae541cee4b1de51e808fdf,0.6244444444444445,18.733333333333334,77.73333333333333,84.5414965,103.51849320000001,900,590,562,0,310,310,5334.0,1167816059.3829887,0,310,0,3600,2360,2360
formal-r03-homogeneous-periodic-hz30-manual-checked,homogeneous-periodic-hz30,manual-checked,3,4a084922f161e032a973fdbd8f203fe3f2bd9c17b8ae541cee4b1de51e808fdf,0.6533333333333333,19.6,78.4,75.4665995,93.7930995,900,588,588,0,312,312,5078.0,1267124327.4534912,0,312,0,3600,2352,2352
formal-r03-homogeneous-periodic-hz30-manual-full,homogeneous-periodic-hz30,manual-full,3,4a084922f161e032a973fdbd8f203fe3f2bd9c17b8ae541cee4b1de51e808fdf,0.5,15.0,60.0,65.887985,68.72823184,900,450,450,0,450,450,5078.0,1526440021.1951616,0,450,0,3600,1800,1800
formal-r03-heterogeneous-periodic-hz30-manual-full,heterogeneous-periodic-hz30,manual-full,3,4a084922f161e032a973fdbd8f203fe3f2bd9c17b8ae541cee4b1de51e808fdf,0.5,15.0,60.0,47.7072345,51.65958859999999,900,450,450,0,450,450,4458.0,1146752975.09376,0,450,0,3600,1800,1800
formal-r03-heterogeneous-periodic-hz30-auto-batched,heterogeneous-periodic-hz30,auto-batched,3,4a084922f161e032a973fdbd8f203fe3f2bd9c17b8ae541cee4b1de51e808fdf,0.51,15.3,61.2,46.682397,50.59143746,900,459,459,0,441,441,4458.0,1128275143.3433087,0,441,0,3600,1836,1836
formal-r03-heterogeneous-periodic-hz30-copy-in,heterogeneous-periodic-hz30,copy-in,3,4a084922f161e032a973fdbd8f203fe3f2bd9c17b8ae541cee4b1de51e808fdf,0.8255555555555556,24.766666666666666,99.06666666666666,60.854295,70.86977796000001,900,743,743,0,157,157,4714.0,976497512.656896,0,157,0,3600,2972,2972
formal-r03-heterogeneous-periodic-hz30-manual-checked,heterogeneous-periodic-hz30,manual-checked,3,4a084922f161e032a973fdbd8f203fe3f2bd9c17b8ae541cee4b1de51e808fdf,0.5011111111111111,15.033333333333333,60.13333333333333,47.048649,51.316672499999996,900,451,451,0,449,449,4458.0,1117893135.760589,0,449,0,3600,1804,1804
formal-r03-homogeneous-jitter-hz30-manual-checked,homogeneous-jitter-hz30,manual-checked,3,f4a972b6fdf1bc83003c424b23da8947e2f1410d42d76c0e8852816590b6bc70,0.6333333333333333,19.0,76.0,75.50233850000001,93.54075809999992,900,570,570,0,330,330,5078.0,1172984796.6253057,0,330,0,3600,2280,2280
formal-r03-homogeneous-jitter-hz30-manual-full,homogeneous-jitter-hz30,manual-full,3,f4a972b6fdf1bc83003c424b23da8947e2f1410d42d76c0e8852816590b6bc70,0.48,14.4,57.6,64.8457245,71.75024994,900,432,432,0,468,468,5078.0,1463323922.4803329,0,468,0,3600,1728,1728
formal-r03-homogeneous-jitter-hz30-auto-batched,homogeneous-jitter-hz30,auto-batched,3,f4a972b6fdf1bc83003c424b23da8947e2f1410d42d76c0e8852816590b6bc70,0.6322222222222222,18.966666666666665,75.96666666666667,74.747955,92.98682095,900,570,569,0,330,330,5078.0,1159087027.1164415,0,330,0,3600,2280,2280
formal-r03-homogeneous-jitter-hz30-copy-in,homogeneous-jitter-hz30,copy-in,3,f4a972b6fdf1bc83003c424b23da8947e2f1410d42d76c0e8852816590b6bc70,0.6177777777777778,18.533333333333335,76.93333333333334,83.5247455,102.94042336999999,900,584,556,0,316,316,5334.0,1074079007.015731,0,316,0,3600,2336,2336
formal-r03-heterogeneous-jitter-hz30-manual-checked,heterogeneous-jitter-hz30,manual-checked,3,f4a972b6fdf1bc83003c424b23da8947e2f1410d42d76c0e8852816590b6bc70,0.5833333333333334,17.5,70.0,48.717038,53.61177008,900,525,525,0,375,375,4458.0,1294447930.5056255,0,375,0,3600,2100,2100
formal-r03-heterogeneous-jitter-hz30-copy-in,heterogeneous-jitter-hz30,copy-in,3,f4a972b6fdf1bc83003c424b23da8947e2f1410d42d76c0e8852816590b6bc70,0.7977777777777778,23.933333333333334,95.73333333333333,54.529438,77.26813842000001,900,718,718,0,182,182,4714.0,901289209.83552,0,182,0,3600,2872,2872
formal-r03-heterogeneous-jitter-hz30-auto-batched,heterogeneous-jitter-hz30,auto-batched,3,f4a972b6fdf1bc83003c424b23da8947e2f1410d42d76c0e8852816590b6bc70,0.5744444444444444,17.233333333333334,68.93333333333334,48.231104,53.70268951999999,900,517,517,0,383,383,4458.0,1299390522.0599809,0,383,0,3600,2068,2068
formal-r03-heterogeneous-jitter-hz30-manual-full,heterogeneous-jitter-hz30,manual-full,3,f4a972b6fdf1bc83003c424b23da8947e2f1410d42d76c0e8852816590b6bc70,0.57,17.1,68.4,49.833529,54.64326628,900,513,513,0,387,387,4458.0,1306063458.2310913,0,387,0,3600,2052,2052
formal-r04-homogeneous-periodic-hz30-manual-full,homogeneous-periodic-hz30,manual-full,4,4a084922f161e032a973fdbd8f203fe3f2bd9c17b8ae541cee4b1de51e808fdf,0.5,15.0,60.0,65.1050525,68.98148608,900,450,450,0,450,450,5078.0,1524659044.840243,0,450,0,3600,1800,1800
formal-r04-homogeneous-periodic-hz30-manual-checked,homogeneous-periodic-hz30,manual-checked,4,4a084922f161e032a973fdbd8f203fe3f2bd9c17b8ae541cee4b1de51e808fdf,0.6544444444444445,19.633333333333333,78.53333333333333,74.735274,91.85684616,900,589,589,0,311,311,5078.0,1272667959.8972929,0,311,0,3600,2356,2356
formal-r04-homogeneous-periodic-hz30-copy-in,homogeneous-periodic-hz30,copy-in,4,4a084922f161e032a973fdbd8f203fe3f2bd9c17b8ae541cee4b1de51e808fdf,0.6388888888888888,19.166666666666668,77.96666666666667,83.6045635,101.44860832,900,588,575,0,312,312,5334.0,1160133080.4154367,0,312,0,3600,2352,2352
formal-r04-homogeneous-periodic-hz30-auto-batched,homogeneous-periodic-hz30,auto-batched,4,4a084922f161e032a973fdbd8f203fe3f2bd9c17b8ae541cee4b1de51e808fdf,0.6544444444444445,19.633333333333333,78.53333333333333,75.076176,93.74993372,900,589,589,0,311,311,5078.0,1259922477.5663617,0,311,0,3600,2356,2356
formal-r04-heterogeneous-jitter-hz30-auto-batched,heterogeneous-jitter-hz30,auto-batched,4,18bd00a143107783e8e5a0c5a92257b2a71a460026ffb2154ec4dc88c2ceb0c0,0.5822222222222222,17.466666666666665,69.86666666666666,47.3946555,53.10329791,900,524,524,0,376,376,4458.0,1294576736.8974335,0,376,0,3600,2096,2096
formal-r04-heterogeneous-jitter-hz30-copy-in,heterogeneous-jitter-hz30,copy-in,4,18bd00a143107783e8e5a0c5a92257b2a71a460026ffb2154ec4dc88c2ceb0c0,0.8088888888888889,24.266666666666666,97.2,56.019690999999995,80.42363490000001,900,730,728,0,170,170,4714.0,938519830.6394112,0,170,0,3600,2920,2920
formal-r04-heterogeneous-jitter-hz30-manual-checked,heterogeneous-jitter-hz30,manual-checked,4,18bd00a143107783e8e5a0c5a92257b2a71a460026ffb2154ec4dc88c2ceb0c0,0.5788888888888889,17.366666666666667,69.46666666666667,48.749964,53.612476199999996,900,521,521,0,379,379,4458.0,1314761194.4656897,0,379,0,3600,2084,2084
formal-r04-heterogeneous-jitter-hz30-manual-full,heterogeneous-jitter-hz30,manual-full,4,18bd00a143107783e8e5a0c5a92257b2a71a460026ffb2154ec4dc88c2ceb0c0,0.5755555555555556,17.266666666666666,69.06666666666666,49.928805499999996,54.28936223,900,518,518,0,382,382,4458.0,1318229444.542464,0,382,0,3600,2072,2072
formal-r04-heterogeneous-periodic-hz30-manual-full,heterogeneous-periodic-hz30,manual-full,4,4a084922f161e032a973fdbd8f203fe3f2bd9c17b8ae541cee4b1de51e808fdf,0.5,15.0,60.0,46.777856,50.66710131,900,450,450,0,450,450,4458.0,1145653022.859264,0,450,0,3600,1800,1800
formal-r04-heterogeneous-periodic-hz30-manual-checked,heterogeneous-periodic-hz30,manual-checked,4,4a084922f161e032a973fdbd8f203fe3f2bd9c17b8ae541cee4b1de51e808fdf,0.5,15.0,60.0,47.878528,51.382777499999996,900,450,450,0,450,450,4458.0,1133146818.6402817,0,450,0,3600,1800,1800
formal-r04-heterogeneous-periodic-hz30-auto-batched,heterogeneous-periodic-hz30,auto-batched,4,4a084922f161e032a973fdbd8f203fe3f2bd9c17b8ae541cee4b1de51e808fdf,0.5022222222222222,15.066666666666666,60.266666666666666,47.5619835,53.43090901000001,900,452,452,0,448,448,4458.0,1109430434.554675,0,448,0,3600,1808,1808
formal-r04-heterogeneous-periodic-hz30-copy-in,heterogeneous-periodic-hz30,copy-in,4,4a084922f161e032a973fdbd8f203fe3f2bd9c17b8ae541cee4b1de51e808fdf,0.8222222222222222,24.666666666666668,98.66666666666667,60.9101955,76.39064375000001,900,740,740,0,160,160,4714.0,1068258387.7287936,0,160,0,3600,2960,2960
formal-r04-homogeneous-jitter-hz30-manual-full,homogeneous-jitter-hz30,manual-full,4,18bd00a143107783e8e5a0c5a92257b2a71a460026ffb2154ec4dc88c2ceb0c0,0.48,14.4,57.6,64.328442,71.74870530999999,900,432,432,0,468,468,5078.0,1463346423.8604288,0,468,0,3600,1728,1728
formal-r04-homogeneous-jitter-hz30-copy-in,homogeneous-jitter-hz30,copy-in,4,18bd00a143107783e8e5a0c5a92257b2a71a460026ffb2154ec4dc88c2ceb0c0,0.6311111111111111,18.933333333333334,77.43333333333334,84.47511,101.90336592,900,585,568,0,315,315,5334.0,1114814090.9150207,0,315,0,3600,2340,2340
formal-r04-homogeneous-jitter-hz30-auto-batched,homogeneous-jitter-hz30,auto-batched,4,18bd00a143107783e8e5a0c5a92257b2a71a460026ffb2154ec4dc88c2ceb0c0,0.6344444444444445,19.033333333333335,76.13333333333334,73.549603,94.1118764,900,571,571,0,329,329,5078.0,1157947968.5111809,0,329,0,3600,2284,2284
formal-r04-homogeneous-jitter-hz30-manual-checked,homogeneous-jitter-hz30,manual-checked,4,18bd00a143107783e8e5a0c5a92257b2a71a460026ffb2154ec4dc88c2ceb0c0,0.6322222222222222,18.966666666666665,75.86666666666666,73.636405,93.90289656,900,569,569,0,331,331,5078.0,1142894146.6976256,0,331,0,3600,2276,2276
formal-r04-late-periodic-hz30-manual-checked,late-periodic-hz30,manual-checked,4,4a084922f161e032a973fdbd8f203fe3f2bd9c17b8ae541cee4b1de51e808fdf,0.4988888888888889,14.966666666666667,59.93333333333333,65.9459335,69.50591936000001,900,450,449,0,450,450,5078.0,1541771684.0423424,0,450,0,3600,1800,1800
formal-r04-late-periodic-hz30-auto-batched,late-periodic-hz30,auto-batched,4,4a084922f161e032a973fdbd8f203fe3f2bd9c17b8ae541cee4b1de51e808fdf,0.5,15.0,60.0,64.541044,70.19678906,900,450,450,0,450,450,5078.0,1536678626.4981503,0,450,0,3600,1800,1800
formal-r05-heterogeneous-jitter-hz30-auto-batched,heterogeneous-jitter-hz30,auto-batched,5,799b44c6414cc88cba9389b837f517e103adb438183f36b6dd61106afac370f9,0.5855555555555556,17.566666666666666,70.26666666666667,46.527936,52.13378464,900,527,527,0,373,373,4458.0,1291870639.927296,0,373,0,3600,2108,2108
formal-r05-heterogeneous-jitter-hz30-manual-checked,heterogeneous-jitter-hz30,manual-checked,5,799b44c6414cc88cba9389b837f517e103adb438183f36b6dd61106afac370f9,0.5833333333333334,17.5,70.0,48.799325,53.148878839999995,900,525,525,0,375,375,4458.0,1304533645.5979009,0,375,0,3600,2100,2100
formal-r05-heterogeneous-jitter-hz30-copy-in,heterogeneous-jitter-hz30,copy-in,5,799b44c6414cc88cba9389b837f517e103adb438183f36b6dd61106afac370f9,0.8111111111111111,24.333333333333332,97.33333333333333,56.064239,78.01113711,900,730,730,0,170,170,4714.0,926435501.7670656,0,170,0,3600,2920,2920
formal-r05-heterogeneous-jitter-hz30-manual-full,heterogeneous-jitter-hz30,manual-full,5,799b44c6414cc88cba9389b837f517e103adb438183f36b6dd61106afac370f9,0.5722222222222222,17.166666666666668,68.66666666666667,50.155982,55.1347413,900,515,515,0,385,385,4458.0,1311314047.8640127,0,385,0,3600,2060,2060
formal-r05-homogeneous-periodic-hz30-manual-full,homogeneous-periodic-hz30,manual-full,5,4a084922f161e032a973fdbd8f203fe3f2bd9c17b8ae541cee4b1de51e808fdf,0.5,15.0,60.0,65.432842,68.52783855999999,900,450,450,0,450,450,5078.0,1526172908.9347584,0,450,0,3600,1800,1800
formal-r05-homogeneous-periodic-hz30-copy-in,homogeneous-periodic-hz30,copy-in,5,4a084922f161e032a973fdbd8f203fe3f2bd9c17b8ae541cee4b1de51e808fdf,0.6288888888888889,18.866666666666667,77.96666666666667,84.396242,102.8752576,900,591,566,0,309,309,5334.0,1162134572.0205312,0,309,0,3600,2364,2364
formal-r05-homogeneous-periodic-hz30-manual-checked,homogeneous-periodic-hz30,manual-checked,5,4a084922f161e032a973fdbd8f203fe3f2bd9c17b8ae541cee4b1de51e808fdf,0.6555555555555556,19.666666666666668,78.66666666666667,75.068729,92.33096579000001,900,590,590,0,310,310,5078.0,1254510726.1489153,0,310,0,3600,2360,2360
formal-r05-homogeneous-periodic-hz30-auto-batched,homogeneous-periodic-hz30,auto-batched,5,4a084922f161e032a973fdbd8f203fe3f2bd9c17b8ae541cee4b1de51e808fdf,0.6555555555555556,19.666666666666668,78.66666666666667,73.945016,92.16939837,900,590,590,0,310,310,5078.0,1262583668.4558337,0,310,0,3600,2360,2360
formal-r05-late-periodic-hz30-auto-batched,late-periodic-hz30,auto-batched,5,4a084922f161e032a973fdbd8f203fe3f2bd9c17b8ae541cee4b1de51e808fdf,0.5,15.0,60.0,65.955617,69.77674831,900,450,450,0,450,450,5078.0,1540167332.1578496,0,450,0,3600,1800,1800
formal-r05-late-periodic-hz30-manual-checked,late-periodic-hz30,manual-checked,5,4a084922f161e032a973fdbd8f203fe3f2bd9c17b8ae541cee4b1de51e808fdf,0.5,15.0,60.0,65.7597365,69.02970462,900,450,450,0,450,450,5078.0,1541680747.4921472,0,450,0,3600,1800,1800
formal-r05-heterogeneous-periodic-hz30-manual-full,heterogeneous-periodic-hz30,manual-full,5,4a084922f161e032a973fdbd8f203fe3f2bd9c17b8ae541cee4b1de51e808fdf,0.5,15.0,60.0,48.635901000000004,52.50450598,900,450,450,0,450,450,4458.0,1147082756.5228033,0,450,0,3600,1800,1800
formal-r05-heterogeneous-periodic-hz30-manual-checked,heterogeneous-periodic-hz30,manual-checked,5,4a084922f161e032a973fdbd8f203fe3f2bd9c17b8ae541cee4b1de51e808fdf,0.5011111111111111,15.033333333333333,60.13333333333333,48.677884,52.3582465,900,451,451,0,449,449,4458.0,1103970859.2193537,0,449,0,3600,1804,1804
formal-r05-heterogeneous-periodic-hz30-auto-batched,heterogeneous-periodic-hz30,auto-batched,5,4a084922f161e032a973fdbd8f203fe3f2bd9c17b8ae541cee4b1de51e808fdf,0.5,15.0,60.0,48.246117,52.345127330000004,900,450,450,0,450,450,4458.0,1131035324.977152,0,450,0,3600,1800,1800
formal-r05-heterogeneous-periodic-hz30-copy-in,heterogeneous-periodic-hz30,copy-in,5,4a084922f161e032a973fdbd8f203fe3f2bd9c17b8ae541cee4b1de51e808fdf,0.8255555555555556,24.766666666666666,99.06666666666666,61.244925,75.85832674000001,900,743,743,0,157,157,4714.0,1061148945.9511296,0,157,0,3600,2972,2972
formal-r05-homogeneous-jitter-hz30-auto-batched,homogeneous-jitter-hz30,auto-batched,5,799b44c6414cc88cba9389b837f517e103adb438183f36b6dd61106afac370f9,0.6388888888888888,19.166666666666668,76.66666666666667,74.820772,94.51284058,900,575,575,0,325,325,5078.0,1172042366.459904,0,325,0,3600,2300,2300
formal-r05-homogeneous-jitter-hz30-copy-in,homogeneous-jitter-hz30,copy-in,5,799b44c6414cc88cba9389b837f517e103adb438183f36b6dd61106afac370f9,0.6222222222222222,18.666666666666668,77.36666666666666,83.587671,103.64804199999999,900,587,560,0,313,313,5334.0,1097675429.9904,0,313,0,3600,2348,2348
formal-r05-homogeneous-jitter-hz30-manual-checked,homogeneous-jitter-hz30,manual-checked,5,799b44c6414cc88cba9389b837f517e103adb438183f36b6dd61106afac370f9,0.6377777777777778,19.133333333333333,76.53333333333333,75.251191,94.18651185999998,900,574,574,0,326,326,5078.0,1174737644.2146816,0,326,0,3600,2296,2296
formal-r05-homogeneous-jitter-hz30-manual-full,homogeneous-jitter-hz30,manual-full,5,799b44c6414cc88cba9389b837f517e103adb438183f36b6dd61106afac370f9,0.48333333333333334,14.5,58.0,65.764178,71.39306201999999,900,435,435,0,465,465,5078.0,1476624876.5325313,0,465,0,3600,1740,1740
