run,condition,method,repeat,consumer,timely,timely_fraction,p50_ms,p99_ms,profile,offered_publications,allocated_peak_bytes,reserved_peak_bytes
formal-r00-homogeneous-periodic-hz30-manual-checked,homogeneous-periodic-hz30,manual-checked,0,0,589,0.6544444444444445,67.618859,89.12094144,composed,900,468787712,532676608
formal-r00-homogeneous-periodic-hz30-manual-checked,homogeneous-periodic-hz30,manual-checked,0,1,589,0.6544444444444445,69.394037,90.95309632,composed,900,468787712,532676608
formal-r00-homogeneous-periodic-hz30-manual-checked,homogeneous-periodic-hz30,manual-checked,0,2,589,0.6544444444444445,66.767158,91.0155496,composed,900,468787712,532676608
formal-r00-homogeneous-periodic-hz30-manual-checked,homogeneous-periodic-hz30,manual-checked,0,3,589,0.6544444444444445,69.865343,90.20034276,composed,900,468787712,532676608
formal-r00-homogeneous-periodic-hz30-copy-in,homogeneous-periodic-hz30,copy-in,0,0,591,0.6566666666666666,69.517486,86.6502151,composed,900,519119360,599785472
formal-r00-homogeneous-periodic-hz30-copy-in,homogeneous-periodic-hz30,copy-in,0,1,591,0.6566666666666666,74.157547,91.2546569,composed,900,519119360,599785472
formal-r00-homogeneous-periodic-hz30-copy-in,homogeneous-periodic-hz30,copy-in,0,2,577,0.6411111111111111,82.868226,100.6482723,composed,900,519119360,599785472
formal-r00-homogeneous-periodic-hz30-copy-in,homogeneous-periodic-hz30,copy-in,0,3,591,0.6566666666666666,78.652432,96.0325869,composed,900,519119360,599785472
formal-r00-homogeneous-periodic-hz30-manual-full,homogeneous-periodic-hz30,manual-full,0,0,450,0.5,57.4392955,66.24543841,composed,900,452010496,532676608
formal-r00-homogeneous-periodic-hz30-manual-full,homogeneous-periodic-hz30,manual-full,0,1,450,0.5,61.591427499999995,67.85718615,composed,900,452010496,532676608
formal-r00-homogeneous-periodic-hz30-manual-full,homogeneous-periodic-hz30,manual-full,0,2,450,0.5,54.0544125,67.90988494,composed,900,452010496,532676608
formal-r00-homogeneous-periodic-hz30-manual-full,homogeneous-periodic-hz30,manual-full,0,3,450,0.5,50.042846,68.39059249,composed,900,452010496,532676608
formal-r00-homogeneous-periodic-hz30-auto-batched,homogeneous-periodic-hz30,auto-batched,0,0,589,0.6544444444444445,69.02269,92.3498594,composed,900,468787712,532676608
formal-r00-homogeneous-periodic-hz30-auto-batched,homogeneous-periodic-hz30,auto-batched,0,1,589,0.6544444444444445,66.949885,88.49016908,composed,900,468787712,532676608
formal-r00-homogeneous-periodic-hz30-auto-batched,homogeneous-periodic-hz30,auto-batched,0,2,589,0.6544444444444445,68.390134,89.59159492,composed,900,468787712,532676608
formal-r00-homogeneous-periodic-hz30-auto-batched,homogeneous-periodic-hz30,auto-batched,0,3,589,0.6544444444444445,69.246646,90.22870036,composed,900,468787712,532676608
formal-r00-heterogeneous-periodic-hz30-manual-checked,heterogeneous-periodic-hz30,manual-checked,0,0,455,0.5055555555555555,14.363971,17.40771212,native,900,512,2097152
formal-r00-heterogeneous-periodic-hz30-manual-checked,heterogeneous-periodic-hz30,manual-checked,0,1,455,0.5055555555555555,36.984988,45.63710408,head,900,468787200,532676608
formal-r00-heterogeneous-periodic-hz30-manual-checked,heterogeneous-periodic-hz30,manual-checked,0,2,455,0.5055555555555555,46.844869,52.09641209999999,composed,900,468787712,532676608
formal-r00-heterogeneous-periodic-hz30-manual-checked,heterogeneous-periodic-hz30,manual-checked,0,3,455,0.5055555555555555,42.291688,50.45717876,composed-late,900,452010496,532676608
formal-r00-heterogeneous-periodic-hz30-auto-batched,heterogeneous-periodic-hz30,auto-batched,0,0,450,0.5,10.423151,17.05682286,native,900,512,2097152
formal-r00-heterogeneous-periodic-hz30-auto-batched,heterogeneous-periodic-hz30,auto-batched,0,1,450,0.5,39.094212,48.134942699999996,head,900,468787200,532676608
formal-r00-heterogeneous-periodic-hz30-auto-batched,heterogeneous-periodic-hz30,auto-batched,0,2,450,0.5,45.719934499999994,53.070241190000004,composed,900,468787712,532676608
formal-r00-heterogeneous-periodic-hz30-auto-batched,heterogeneous-periodic-hz30,auto-batched,0,3,450,0.5,48.3561715,52.4598066,composed-late,900,452010496,532676608
formal-r00-heterogeneous-periodic-hz30-copy-in,heterogeneous-periodic-hz30,copy-in,0,0,746,0.8288888888888889,18.318879000000003,26.862494249999987,native,900,67109376,69206016
formal-r00-heterogeneous-periodic-hz30-copy-in,heterogeneous-periodic-hz30,copy-in,0,1,746,0.8288888888888889,35.764734000000004,42.6147607,head,900,519118848,599785472
formal-r00-heterogeneous-periodic-hz30-copy-in,heterogeneous-periodic-hz30,copy-in,0,2,746,0.8288888888888889,56.986253500000004,70.15514514999998,composed,900,519119360,599785472
formal-r00-heterogeneous-periodic-hz30-copy-in,heterogeneous-periodic-hz30,copy-in,0,3,746,0.8288888888888889,60.899221499999996,71.1770022,composed-late,900,519119360,599785472
formal-r00-heterogeneous-periodic-hz30-manual-full,heterogeneous-periodic-hz30,manual-full,0,0,450,0.5,9.5425815,15.332632239999999,native,900,512,2097152
formal-r00-heterogeneous-periodic-hz30-manual-full,heterogeneous-periodic-hz30,manual-full,0,1,450,0.5,37.7466815,41.991280929999995,head,900,452009984,532676608
formal-r00-heterogeneous-periodic-hz30-manual-full,heterogeneous-periodic-hz30,manual-full,0,2,450,0.5,47.9578935,53.52273732,composed,900,452010496,532676608
formal-r00-heterogeneous-periodic-hz30-manual-full,heterogeneous-periodic-hz30,manual-full,0,3,450,0.5,43.063961,50.32709696,composed-late,900,452010496,532676608
formal-r00-homogeneous-jitter-hz30-manual-checked,homogeneous-jitter-hz30,manual-checked,0,0,573,0.6366666666666667,70.658888,92.09399935999998,composed,900,468787712,532676608
formal-r00-homogeneous-jitter-hz30-manual-checked,homogeneous-jitter-hz30,manual-checked,0,1,573,0.6366666666666667,64.17351,86.51021648,composed,900,468787712,532676608
formal-r00-homogeneous-jitter-hz30-manual-checked,homogeneous-jitter-hz30,manual-checked,0,2,573,0.6366666666666667,70.360001,91.29734816,composed,900,468787712,532676608
formal-r00-homogeneous-jitter-hz30-manual-checked,homogeneous-jitter-hz30,manual-checked,0,3,573,0.6366666666666667,65.276541,89.8766764,composed,900,468787712,532676608
formal-r00-homogeneous-jitter-hz30-manual-full,homogeneous-jitter-hz30,manual-full,0,0,436,0.48444444444444446,56.897718999999995,67.15693645,composed,900,452010496,532676608
formal-r00-homogeneous-jitter-hz30-manual-full,homogeneous-jitter-hz30,manual-full,0,1,436,0.48444444444444446,52.5158005,69.63047135,composed,900,452010496,532676608
formal-r00-homogeneous-jitter-hz30-manual-full,homogeneous-jitter-hz30,manual-full,0,2,436,0.48444444444444446,63.2599575,69.87372265,composed,900,452010496,532676608
formal-r00-homogeneous-jitter-hz30-manual-full,homogeneous-jitter-hz30,manual-full,0,3,436,0.48444444444444446,57.3402535,69.41146555,composed,900,452010496,532676608
formal-r00-homogeneous-jitter-hz30-copy-in,homogeneous-jitter-hz30,copy-in,0,0,573,0.6366666666666667,74.2981385,100.78881708,composed,900,519119360,599785472
formal-r00-homogeneous-jitter-hz30-copy-in,homogeneous-jitter-hz30,copy-in,0,1,576,0.64,74.9050335,100.33423796,composed,900,519119360,599785472
formal-r00-homogeneous-jitter-hz30-copy-in,homogeneous-jitter-hz30,copy-in,0,2,581,0.6455555555555555,76.4812675,98.47642148999999,composed,900,519119360,599785472
formal-r00-homogeneous-jitter-hz30-copy-in,homogeneous-jitter-hz30,copy-in,0,3,570,0.6333333333333333,79.0499705,102.34706112999999,composed,900,519119360,599785472
formal-r00-homogeneous-jitter-hz30-auto-batched,homogeneous-jitter-hz30,auto-batched,0,0,573,0.6366666666666667,69.900461,92.68216011,composed,900,468787712,532676608
formal-r00-homogeneous-jitter-hz30-auto-batched,homogeneous-jitter-hz30,auto-batched,0,1,574,0.6377777777777778,67.406147,88.80125282999998,composed,900,468787712,532676608
formal-r00-homogeneous-jitter-hz30-auto-batched,homogeneous-jitter-hz30,auto-batched,0,2,574,0.6377777777777778,67.346796,90.43707169,composed,900,468787712,532676608
formal-r00-homogeneous-jitter-hz30-auto-batched,homogeneous-jitter-hz30,auto-batched,0,3,574,0.6377777777777778,63.091178,89.14051623999997,composed,900,468787712,532676608
formal-r00-heterogeneous-jitter-hz30-manual-full,heterogeneous-jitter-hz30,manual-full,0,0,514,0.5711111111111111,10.474324,17.7904794,native,900,512,2097152
formal-r00-heterogeneous-jitter-hz30-manual-full,heterogeneous-jitter-hz30,manual-full,0,1,514,0.5711111111111111,38.210986500000004,42.00811708,head,900,452009984,532676608
formal-r00-heterogeneous-jitter-hz30-manual-full,heterogeneous-jitter-hz30,manual-full,0,2,514,0.5711111111111111,43.4632385,53.10770191,composed,900,452010496,532676608
formal-r00-heterogeneous-jitter-hz30-manual-full,heterogeneous-jitter-hz30,manual-full,0,3,514,0.5711111111111111,47.475147,52.36118985,composed-late,900,452010496,532676608
formal-r00-heterogeneous-jitter-hz30-auto-batched,heterogeneous-jitter-hz30,auto-batched,0,0,525,0.5833333333333334,9.65841,18.225666399999998,native,900,512,2097152
formal-r00-heterogeneous-jitter-hz30-auto-batched,heterogeneous-jitter-hz30,auto-batched,0,1,525,0.5833333333333334,36.801278,44.8075452,head,900,468787200,532676608
formal-r00-heterogeneous-jitter-hz30-auto-batched,heterogeneous-jitter-hz30,auto-batched,0,2,525,0.5833333333333334,46.232007,51.37159312,composed,900,468787712,532676608
formal-r00-heterogeneous-jitter-hz30-auto-batched,heterogeneous-jitter-hz30,auto-batched,0,3,525,0.5833333333333334,42.561226,51.76906904,composed-late,900,452010496,532676608
formal-r00-heterogeneous-jitter-hz30-copy-in,heterogeneous-jitter-hz30,copy-in,0,0,730,0.8111111111111111,16.2867085,26.89419423,native,900,67109376,69206016
formal-r00-heterogeneous-jitter-hz30-copy-in,heterogeneous-jitter-hz30,copy-in,0,1,730,0.8111111111111111,36.477897999999996,53.605856720000006,head,900,519118848,599785472
formal-r00-heterogeneous-jitter-hz30-copy-in,heterogeneous-jitter-hz30,copy-in,0,2,730,0.8111111111111111,52.125187499999996,75.73307693000002,composed,900,519119360,599785472
formal-r00-heterogeneous-jitter-hz30-copy-in,heterogeneous-jitter-hz30,copy-in,0,3,730,0.8111111111111111,55.486436,78.77729298000001,composed-late,900,519119360,599785472
formal-r00-heterogeneous-jitter-hz30-manual-checked,heterogeneous-jitter-hz30,manual-checked,0,0,523,0.5811111111111111,8.081459,16.854887039999998,native,900,512,2097152
formal-r00-heterogeneous-jitter-hz30-manual-checked,heterogeneous-jitter-hz30,manual-checked,0,1,523,0.5811111111111111,38.663396,46.55880679999999,head,900,468787200,532676608
formal-r00-heterogeneous-jitter-hz30-manual-checked,heterogeneous-jitter-hz30,manual-checked,0,2,523,0.5811111111111111,48.194178,52.64194701999998,composed,900,468787712,532676608
formal-r00-heterogeneous-jitter-hz30-manual-checked,heterogeneous-jitter-hz30,manual-checked,0,3,523,0.5811111111111111,44.778242,50.77567249999998,composed-late,900,452010496,532676608
formal-r00-late-periodic-hz30-manual-checked,late-periodic-hz30,manual-checked,0,0,450,0.5,62.2539625,69.08965959,composed-late,900,452010496,532676608
formal-r00-late-periodic-hz30-manual-checked,late-periodic-hz30,manual-checked,0,1,450,0.5,53.0150875,68.2106792,composed-late,900,452010496,532676608
formal-r00-late-periodic-hz30-manual-checked,late-periodic-hz30,manual-checked,0,2,450,0.5,57.205219,68.19609982,composed-late,900,452010496,532676608
formal-r00-late-periodic-hz30-manual-checked,late-periodic-hz30,manual-checked,0,3,450,0.5,61.3051105,68.0130721,composed-late,900,452010496,532676608
formal-r00-late-periodic-hz30-auto-batched,late-periodic-hz30,auto-batched,0,0,450,0.5,62.42511399999999,68.48095282,composed-late,900,452010496,532676608
formal-r00-late-periodic-hz30-auto-batched,late-periodic-hz30,auto-batched,0,1,450,0.5,56.2132335,68.31204169,composed-late,900,452010496,532676608
formal-r00-late-periodic-hz30-auto-batched,late-periodic-hz30,auto-batched,0,2,450,0.5,57.4879595,67.81960033,composed-late,900,452010496,532676608
formal-r00-late-periodic-hz30-auto-batched,late-periodic-hz30,auto-batched,0,3,450,0.5,53.5156375,67.47598484999999,composed-late,900,452010496,532676608
formal-r01-homogeneous-periodic-hz30-auto-batched,homogeneous-periodic-hz30,auto-batched,1,0,591,0.6566666666666666,69.386678,88.9681247,composed,900,468787712,532676608
formal-r01-homogeneous-periodic-hz30-auto-batched,homogeneous-periodic-hz30,auto-batched,1,1,591,0.6566666666666666,68.445433,88.93611530000001,composed,900,468787712,532676608
formal-r01-homogeneous-periodic-hz30-auto-batched,homogeneous-periodic-hz30,auto-batched,1,2,591,0.6566666666666666,68.172474,91.6161081,composed,900,468787712,532676608
formal-r01-homogeneous-periodic-hz30-auto-batched,homogeneous-periodic-hz30,auto-batched,1,3,591,0.6566666666666666,69.265333,90.1145874,composed,900,468787712,532676608
formal-r01-homogeneous-periodic-hz30-manual-full,homogeneous-periodic-hz30,manual-full,1,0,450,0.5,58.7255065,68.54131558,composed,900,452010496,532676608
formal-r01-homogeneous-periodic-hz30-manual-full,homogeneous-periodic-hz30,manual-full,1,1,450,0.5,52.409834000000004,67.43098196,composed,900,452010496,532676608
formal-r01-homogeneous-periodic-hz30-manual-full,homogeneous-periodic-hz30,manual-full,1,2,450,0.5,61.8151495,68.17202194,composed,900,452010496,532676608
formal-r01-homogeneous-periodic-hz30-manual-full,homogeneous-periodic-hz30,manual-full,1,3,450,0.5,57.3952345,67.3979285,composed,900,452010496,532676608
formal-r01-homogeneous-periodic-hz30-manual-checked,homogeneous-periodic-hz30,manual-checked,1,0,589,0.6544444444444445,65.350257,88.978561,composed,900,468787712,532676608
formal-r01-homogeneous-periodic-hz30-manual-checked,homogeneous-periodic-hz30,manual-checked,1,1,589,0.6544444444444445,70.299658,89.68759032,composed,900,468787712,532676608
formal-r01-homogeneous-periodic-hz30-manual-checked,homogeneous-periodic-hz30,manual-checked,1,2,589,0.6544444444444445,72.46607,93.11987184,composed,900,468787712,532676608
formal-r01-homogeneous-periodic-hz30-manual-checked,homogeneous-periodic-hz30,manual-checked,1,3,589,0.6544444444444445,66.749455,86.6532752,composed,900,468787712,532676608
formal-r01-homogeneous-periodic-hz30-copy-in,homogeneous-periodic-hz30,copy-in,1,0,578,0.6422222222222222,80.8588705,102.00582803,composed,900,519119360,599785472
formal-r01-homogeneous-periodic-hz30-copy-in,homogeneous-periodic-hz30,copy-in,1,1,583,0.6477777777777778,78.4991295,100.62362404000001,composed,900,519119360,599785472
formal-r01-homogeneous-periodic-hz30-copy-in,homogeneous-periodic-hz30,copy-in,1,2,588,0.6533333333333333,71.5463145,90.67044696000002,composed,900,519119360,599785472
formal-r01-homogeneous-periodic-hz30-copy-in,homogeneous-periodic-hz30,copy-in,1,3,588,0.6533333333333333,73.57539299999999,96.84979070000001,composed,900,519119360,599785472
formal-r01-heterogeneous-periodic-hz30-manual-checked,heterogeneous-periodic-hz30,manual-checked,1,0,451,0.5011111111111111,11.50981,15.840076499999999,native,900,512,2097152
formal-r01-heterogeneous-periodic-hz30-manual-checked,heterogeneous-periodic-hz30,manual-checked,1,1,451,0.5011111111111111,38.708261,45.064874,head,900,468787200,532676608
formal-r01-heterogeneous-periodic-hz30-manual-checked,heterogeneous-periodic-hz30,manual-checked,1,2,451,0.5011111111111111,48.309706,52.595634000000004,composed,900,468787712,532676608
formal-r01-heterogeneous-periodic-hz30-manual-checked,heterogeneous-periodic-hz30,manual-checked,1,3,451,0.5011111111111111,44.442775,50.784375,composed-late,900,452010496,532676608
formal-r01-heterogeneous-periodic-hz30-manual-full,heterogeneous-periodic-hz30,manual-full,1,0,450,0.5,10.320633,15.891472330000001,native,900,512,2097152
formal-r01-heterogeneous-periodic-hz30-manual-full,heterogeneous-periodic-hz30,manual-full,1,1,450,0.5,38.019898999999995,41.28228333,head,900,452009984,532676608
formal-r01-heterogeneous-periodic-hz30-manual-full,heterogeneous-periodic-hz30,manual-full,1,2,450,0.5,43.650645499999996,51.76819169,composed,900,452010496,532676608
formal-r01-heterogeneous-periodic-hz30-manual-full,heterogeneous-periodic-hz30,manual-full,1,3,450,0.5,47.336727499999995,50.52024235,composed-late,900,452010496,532676608
formal-r01-heterogeneous-periodic-hz30-copy-in,heterogeneous-periodic-hz30,copy-in,1,0,742,0.8244444444444444,19.0278855,27.20426107,native,900,67109376,69206016
formal-r01-heterogeneous-periodic-hz30-copy-in,heterogeneous-periodic-hz30,copy-in,1,1,742,0.8244444444444444,36.2747015,43.57603386,head,900,519118848,599785472
formal-r01-heterogeneous-periodic-hz30-copy-in,heterogeneous-periodic-hz30,copy-in,1,2,742,0.8244444444444444,57.4404415,70.86023138,composed,900,519119360,599785472
formal-r01-heterogeneous-periodic-hz30-copy-in,heterogeneous-periodic-hz30,copy-in,1,3,742,0.8244444444444444,56.803191999999996,70.57705177,composed-late,900,519119360,599785472
formal-r01-heterogeneous-periodic-hz30-auto-batched,heterogeneous-periodic-hz30,auto-batched,1,0,450,0.5,9.763449,14.472535549999993,native,900,512,2097152
formal-r01-heterogeneous-periodic-hz30-auto-batched,heterogeneous-periodic-hz30,auto-batched,1,1,450,0.5,38.748194,44.49116412999999,head,900,468787200,532676608
formal-r01-heterogeneous-periodic-hz30-auto-batched,heterogeneous-periodic-hz30,auto-batched,1,2,450,0.5,44.802944,51.474257509999994,composed,900,468787712,532676608
formal-r01-heterogeneous-periodic-hz30-auto-batched,heterogeneous-periodic-hz30,auto-batched,1,3,450,0.5,48.313646,51.62874108,composed-late,900,452010496,532676608
formal-r01-late-periodic-hz30-manual-checked,late-periodic-hz30,manual-checked,1,0,450,0.5,58.191516,67.77303548,composed-late,900,452010496,532676608
formal-r01-late-periodic-hz30-manual-checked,late-periodic-hz30,manual-checked,1,1,450,0.5,57.5171495,67.80045876,composed-late,900,452010496,532676608
formal-r01-late-periodic-hz30-manual-checked,late-periodic-hz30,manual-checked,1,2,450,0.5,58.70598,68.40923751,composed-late,900,452010496,532676608
formal-r01-late-periodic-hz30-manual-checked,late-periodic-hz30,manual-checked,1,3,450,0.5,56.9918565,68.10559145,composed-late,900,452010496,532676608
formal-r01-late-periodic-hz30-auto-batched,late-periodic-hz30,auto-batched,1,0,450,0.5,56.0070695,68.17473862,composed-late,900,452010496,532676608
formal-r01-late-periodic-hz30-auto-batched,late-periodic-hz30,auto-batched,1,1,450,0.5,58.095907499999996,68.31965639,composed-late,900,452010496,532676608
formal-r01-late-periodic-hz30-auto-batched,late-periodic-hz30,auto-batched,1,2,450,0.5,60.5191285,68.55521397,composed-late,900,452010496,532676608
formal-r01-late-periodic-hz30-auto-batched,late-periodic-hz30,auto-batched,1,3,450,0.5,51.6682055,67.98971071,composed-late,900,452010496,532676608
formal-r01-homogeneous-jitter-hz30-manual-checked,homogeneous-jitter-hz30,manual-checked,1,0,571,0.6344444444444445,67.792587,88.9972538,composed,900,468787712,532676608
formal-r01-homogeneous-jitter-hz30-manual-checked,homogeneous-jitter-hz30,manual-checked,1,1,571,0.6344444444444445,63.102575,88.76278659999998,composed,900,468787712,532676608
formal-r01-homogeneous-jitter-hz30-manual-checked,homogeneous-jitter-hz30,manual-checked,1,2,570,0.6333333333333333,71.065801,90.9008556,composed,900,468787712,532676608
formal-r01-homogeneous-jitter-hz30-manual-checked,homogeneous-jitter-hz30,manual-checked,1,3,571,0.6344444444444445,63.271904,88.13194369999997,composed,900,468787712,532676608
formal-r01-homogeneous-jitter-hz30-auto-batched,homogeneous-jitter-hz30,auto-batched,1,0,572,0.6355555555555555,67.8899325,90.11167425999997,composed,900,468787712,532676608
formal-r01-homogeneous-jitter-hz30-auto-batched,homogeneous-jitter-hz30,auto-batched,1,1,572,0.6355555555555555,62.3728545,86.26474031,composed,900,468787712,532676608
formal-r01-homogeneous-jitter-hz30-auto-batched,homogeneous-jitter-hz30,auto-batched,1,2,572,0.6355555555555555,68.5236905,91.03918829,composed,900,468787712,532676608
formal-r01-homogeneous-jitter-hz30-auto-batched,homogeneous-jitter-hz30,auto-batched,1,3,572,0.6355555555555555,68.748592,92.04744117999998,composed,900,468787712,532676608
formal-r01-homogeneous-jitter-hz30-copy-in,homogeneous-jitter-hz30,copy-in,1,0,576,0.64,74.876375,101.96800771999996,composed,900,519119360,599785472
formal-r01-homogeneous-jitter-hz30-copy-in,homogeneous-jitter-hz30,copy-in,1,1,571,0.6344444444444445,76.559184,103.26971279999998,composed,900,519119360,599785472
formal-r01-homogeneous-jitter-hz30-copy-in,homogeneous-jitter-hz30,copy-in,1,2,577,0.6411111111111111,78.020159,100.86877431999999,composed,900,519119360,599785472
formal-r01-homogeneous-jitter-hz30-copy-in,homogeneous-jitter-hz30,copy-in,1,3,575,0.6388888888888888,73.697669,101.26809987999998,composed,900,519119360,599785472
formal-r01-homogeneous-jitter-hz30-manual-full,homogeneous-jitter-hz30,manual-full,1,0,432,0.48,60.098763000000005,69.06756263,composed,900,452010496,532676608
formal-r01-homogeneous-jitter-hz30-manual-full,homogeneous-jitter-hz30,manual-full,1,1,432,0.48,52.365791,67.88058939,composed,900,452010496,532676608
formal-r01-homogeneous-jitter-hz30-manual-full,homogeneous-jitter-hz30,manual-full,1,2,432,0.48,62.525856000000005,71.87661922,composed,900,452010496,532676608
formal-r01-homogeneous-jitter-hz30-manual-full,homogeneous-jitter-hz30,manual-full,1,3,432,0.48,56.0879365,67.93127025,composed,900,452010496,532676608
formal-r01-heterogeneous-jitter-hz30-auto-batched,heterogeneous-jitter-hz30,auto-batched,1,0,533,0.5922222222222222,9.655383,17.583532039999987,native,900,512,2097152
formal-r01-heterogeneous-jitter-hz30-auto-batched,heterogeneous-jitter-hz30,auto-batched,1,1,533,0.5922222222222222,36.790302,45.826734720000005,head,900,468787200,532676608
formal-r01-heterogeneous-jitter-hz30-auto-batched,heterogeneous-jitter-hz30,auto-batched,1,2,533,0.5922222222222222,46.439862,52.08945791999999,composed,900,468787712,532676608
formal-r01-heterogeneous-jitter-hz30-auto-batched,heterogeneous-jitter-hz30,auto-batched,1,3,533,0.5922222222222222,41.757822,51.38643619999999,composed-late,900,452010496,532676608
formal-r01-heterogeneous-jitter-hz30-copy-in,heterogeneous-jitter-hz30,copy-in,1,0,722,0.8022222222222222,17.073794,28.17935850999999,native,900,67109376,69206016
formal-r01-heterogeneous-jitter-hz30-copy-in,heterogeneous-jitter-hz30,copy-in,1,1,722,0.8022222222222222,36.1737505,53.267531639999994,head,900,519118848,599785472
formal-r01-heterogeneous-jitter-hz30-copy-in,heterogeneous-jitter-hz30,copy-in,1,2,722,0.8022222222222222,54.944332,77.80793098999999,composed,900,519119360,599785472
formal-r01-heterogeneous-jitter-hz30-copy-in,heterogeneous-jitter-hz30,copy-in,1,3,722,0.8022222222222222,51.805636,74.45866190999999,composed-late,900,519119360,599785472
formal-r01-heterogeneous-jitter-hz30-manual-checked,heterogeneous-jitter-hz30,manual-checked,1,0,523,0.5811111111111111,10.44045,18.124797179999995,native,900,512,2097152
formal-r01-heterogeneous-jitter-hz30-manual-checked,heterogeneous-jitter-hz30,manual-checked,1,1,523,0.5811111111111111,38.900656,41.81371719999999,head,900,468787200,532676608
formal-r01-heterogeneous-jitter-hz30-manual-checked,heterogeneous-jitter-hz30,manual-checked,1,2,523,0.5811111111111111,45.291327,51.40576926,composed,900,468787712,532676608
formal-r01-heterogeneous-jitter-hz30-manual-checked,heterogeneous-jitter-hz30,manual-checked,1,3,523,0.5811111111111111,48.599926,53.49579615999998,composed-late,900,452010496,532676608
formal-r01-heterogeneous-jitter-hz30-manual-full,heterogeneous-jitter-hz30,manual-full,1,0,522,0.58,10.354448999999999,18.388652829999998,native,900,512,2097152
formal-r01-heterogeneous-jitter-hz30-manual-full,heterogeneous-jitter-hz30,manual-full,1,1,522,0.58,37.870437499999994,41.55931307,head,900,452009984,532676608
formal-r01-heterogeneous-jitter-hz30-manual-full,heterogeneous-jitter-hz30,manual-full,1,2,522,0.58,44.7168835,51.81422597999999,composed,900,452010496,532676608
formal-r01-heterogeneous-jitter-hz30-manual-full,heterogeneous-jitter-hz30,manual-full,1,3,522,0.58,46.5037115,53.5670461,composed-late,900,452010496,532676608
formal-r02-heterogeneous-jitter-hz30-manual-checked,heterogeneous-jitter-hz30,manual-checked,2,0,533,0.5922222222222222,10.448877,21.128744239999996,native,900,512,2097152
formal-r02-heterogeneous-jitter-hz30-manual-checked,heterogeneous-jitter-hz30,manual-checked,2,1,533,0.5922222222222222,38.802316,46.003847640000004,head,900,468787200,532676608
formal-r02-heterogeneous-jitter-hz30-manual-checked,heterogeneous-jitter-hz30,manual-checked,2,2,533,0.5922222222222222,48.636409,54.58848539999999,composed,900,468787712,532676608
formal-r02-heterogeneous-jitter-hz30-manual-checked,heterogeneous-jitter-hz30,manual-checked,2,3,533,0.5922222222222222,44.610094,51.12084828,composed-late,900,452010496,532676608
formal-r02-heterogeneous-jitter-hz30-auto-batched,heterogeneous-jitter-hz30,auto-batched,2,0,531,0.59,12.659721,18.888535200000007,native,900,512,2097152
formal-r02-heterogeneous-jitter-hz30-auto-batched,heterogeneous-jitter-hz30,auto-batched,2,1,531,0.59,38.101247,46.73302460000001,head,900,468787200,532676608
formal-r02-heterogeneous-jitter-hz30-auto-batched,heterogeneous-jitter-hz30,auto-batched,2,2,531,0.59,46.35687,52.085747900000015,composed,900,468787712,532676608
formal-r02-heterogeneous-jitter-hz30-auto-batched,heterogeneous-jitter-hz30,auto-batched,2,3,531,0.59,42.882709,53.40714680000001,composed-late,900,452010496,532676608
formal-r02-heterogeneous-jitter-hz30-copy-in,heterogeneous-jitter-hz30,copy-in,2,0,729,0.81,14.492806,22.677370040000003,native,900,67109376,69206016
formal-r02-heterogeneous-jitter-hz30-copy-in,heterogeneous-jitter-hz30,copy-in,2,1,729,0.81,36.050772,53.82490492000001,head,900,519118848,599785472
formal-r02-heterogeneous-jitter-hz30-copy-in,heterogeneous-jitter-hz30,copy-in,2,2,729,0.81,51.894304,74.14041060000001,composed,900,519119360,599785472
formal-r02-heterogeneous-jitter-hz30-copy-in,heterogeneous-jitter-hz30,copy-in,2,3,729,0.81,54.541703,76.91227180000001,composed-late,900,519119360,599785472
formal-r02-heterogeneous-jitter-hz30-manual-full,heterogeneous-jitter-hz30,manual-full,2,0,525,0.5833333333333334,12.433781,18.16931296,native,900,512,2097152
formal-r02-heterogeneous-jitter-hz30-manual-full,heterogeneous-jitter-hz30,manual-full,2,1,525,0.5833333333333334,37.994305,41.3829502,head,900,452009984,532676608
formal-r02-heterogeneous-jitter-hz30-manual-full,heterogeneous-jitter-hz30,manual-full,2,2,525,0.5833333333333334,47.434346,51.69499404,composed,900,452010496,532676608
formal-r02-heterogeneous-jitter-hz30-manual-full,heterogeneous-jitter-hz30,manual-full,2,3,525,0.5833333333333334,43.508202,52.78060316,composed-late,900,452010496,532676608
formal-r02-late-periodic-hz30-auto-batched,late-periodic-hz30,auto-batched,2,0,450,0.5,58.696205,68.58492826999999,composed-late,900,452010496,532676608
formal-r02-late-periodic-hz30-auto-batched,late-periodic-hz30,auto-batched,2,1,450,0.5,55.4703875,68.36599909,composed-late,900,452010496,532676608
formal-r02-late-periodic-hz30-auto-batched,late-periodic-hz30,auto-batched,2,2,450,0.5,62.230946,68.77661243,composed-late,900,452010496,532676608
formal-r02-late-periodic-hz30-auto-batched,late-periodic-hz30,auto-batched,2,3,450,0.5,57.9210785,68.92158850999999,composed-late,900,452010496,532676608
formal-r02-late-periodic-hz30-manual-checked,late-periodic-hz30,manual-checked,2,0,450,0.5,61.36623,68.11940921,composed-late,900,452010496,532676608
formal-r02-late-periodic-hz30-manual-checked,late-periodic-hz30,manual-checked,2,1,450,0.5,58.977415,68.13105413,composed-late,900,452010496,532676608
formal-r02-late-periodic-hz30-manual-checked,late-periodic-hz30,manual-checked,2,2,450,0.5,56.909006000000005,67.65445661,composed-late,900,452010496,532676608
formal-r02-late-periodic-hz30-manual-checked,late-periodic-hz30,manual-checked,2,3,450,0.5,56.6896445,68.90161735,composed-late,900,452010496,532676608
formal-r02-heterogeneous-periodic-hz30-auto-batched,heterogeneous-periodic-hz30,auto-batched,2,0,453,0.5033333333333333,10.453525,18.017162360000015,native,900,512,2097152
formal-r02-heterogeneous-periodic-hz30-auto-batched,heterogeneous-periodic-hz30,auto-batched,2,1,453,0.5033333333333333,38.411236,46.765088000000006,head,900,468787200,532676608
formal-r02-heterogeneous-periodic-hz30-auto-batched,heterogeneous-periodic-hz30,auto-batched,2,2,453,0.5033333333333333,46.02654,51.78375028000001,composed,900,468787712,532676608
formal-r02-heterogeneous-periodic-hz30-auto-batched,heterogeneous-periodic-hz30,auto-batched,2,3,453,0.5033333333333333,46.234757,51.42680768,composed-late,900,452010496,532676608
formal-r02-heterogeneous-periodic-hz30-copy-in,heterogeneous-periodic-hz30,copy-in,2,0,744,0.8266666666666667,17.2033345,25.35711409,native,900,67109376,69206016
formal-r02-heterogeneous-periodic-hz30-copy-in,heterogeneous-periodic-hz30,copy-in,2,1,744,0.8266666666666667,35.38129,42.16045923000001,head,900,519118848,599785472
formal-r02-heterogeneous-periodic-hz30-copy-in,heterogeneous-periodic-hz30,copy-in,2,2,744,0.8266666666666667,57.416489999999996,70.56879373000001,composed,900,519119360,599785472
formal-r02-heterogeneous-periodic-hz30-copy-in,heterogeneous-periodic-hz30,copy-in,2,3,744,0.8266666666666667,57.2044105,70.01275160000002,composed-late,900,519119360,599785472
formal-r02-heterogeneous-periodic-hz30-manual-full,heterogeneous-periodic-hz30,manual-full,2,0,450,0.5,8.3625275,15.921929359999998,native,900,512,2097152
formal-r02-heterogeneous-periodic-hz30-manual-full,heterogeneous-periodic-hz30,manual-full,2,1,450,0.5,38.576928499999994,44.10369194999996,head,900,452009984,532676608
formal-r02-heterogeneous-periodic-hz30-manual-full,heterogeneous-periodic-hz30,manual-full,2,2,450,0.5,48.09483,52.91252309,composed,900,452010496,532676608
formal-r02-heterogeneous-periodic-hz30-manual-full,heterogeneous-periodic-hz30,manual-full,2,3,450,0.5,43.7985895,50.41178675,composed-late,900,452010496,532676608
formal-r02-heterogeneous-periodic-hz30-manual-checked,heterogeneous-periodic-hz30,manual-checked,2,0,453,0.5033333333333333,10.676178,15.76413212,native,900,512,2097152
formal-r02-heterogeneous-periodic-hz30-manual-checked,heterogeneous-periodic-hz30,manual-checked,2,1,453,0.5033333333333333,36.775963,43.20521992000001,head,900,468787200,532676608
formal-r02-heterogeneous-periodic-hz30-manual-checked,heterogeneous-periodic-hz30,manual-checked,2,2,453,0.5033333333333333,46.447556,50.496156800000016,composed,900,468787712,532676608
formal-r02-heterogeneous-periodic-hz30-manual-checked,heterogeneous-periodic-hz30,manual-checked,2,3,453,0.5033333333333333,42.185066,50.98555632,composed-late,900,452010496,532676608
formal-r02-homogeneous-jitter-hz30-auto-batched,homogeneous-jitter-hz30,auto-batched,2,0,573,0.6366666666666667,67.255821,91.35952412,composed,900,468787712,532676608
formal-r02-homogeneous-jitter-hz30-auto-batched,homogeneous-jitter-hz30,auto-batched,2,1,572,0.6355555555555555,68.63058,93.20661907999992,composed,900,468787712,532676608
formal-r02-homogeneous-jitter-hz30-auto-batched,homogeneous-jitter-hz30,auto-batched,2,2,573,0.6366666666666667,65.06176,88.6374372,composed,900,468787712,532676608
formal-r02-homogeneous-jitter-hz30-auto-batched,homogeneous-jitter-hz30,auto-batched,2,3,572,0.6355555555555555,67.687305,92.86725119999998,composed,900,468787712,532676608
formal-r02-homogeneous-jitter-hz30-manual-full,homogeneous-jitter-hz30,manual-full,2,0,426,0.47333333333333333,61.9171145,70.933144,composed,900,452010496,532676608
formal-r02-homogeneous-jitter-hz30-manual-full,homogeneous-jitter-hz30,manual-full,2,1,426,0.47333333333333333,55.163992,69.92183374999999,composed,900,452010496,532676608
formal-r02-homogeneous-jitter-hz30-manual-full,homogeneous-jitter-hz30,manual-full,2,2,426,0.47333333333333333,60.9204785,68.40334924999999,composed,900,452010496,532676608
formal-r02-homogeneous-jitter-hz30-manual-full,homogeneous-jitter-hz30,manual-full,2,3,426,0.47333333333333333,52.647982999999996,70.39357675,composed,900,452010496,532676608
formal-r02-homogeneous-jitter-hz30-copy-in,homogeneous-jitter-hz30,copy-in,2,0,580,0.6444444444444445,74.10008099999999,99.24485854,composed,900,519119360,599785472
formal-r02-homogeneous-jitter-hz30-copy-in,homogeneous-jitter-hz30,copy-in,2,1,566,0.6288888888888889,80.23153400000001,102.12606442999997,composed,900,519119360,599785472
formal-r02-homogeneous-jitter-hz30-copy-in,homogeneous-jitter-hz30,copy-in,2,2,583,0.6477777777777778,72.70205999999999,98.33105744,composed,900,519119360,599785472
formal-r02-homogeneous-jitter-hz30-copy-in,homogeneous-jitter-hz30,copy-in,2,3,570,0.6333333333333333,77.91001800000001,101.93001036999998,composed,900,519119360,599785472
formal-r02-homogeneous-jitter-hz30-manual-checked,homogeneous-jitter-hz30,manual-checked,2,0,573,0.6366666666666667,65.957993,91.26803264,composed,900,468787712,532676608
formal-r02-homogeneous-jitter-hz30-manual-checked,homogeneous-jitter-hz30,manual-checked,2,1,573,0.6366666666666667,66.808434,90.06212387999999,composed,900,468787712,532676608
formal-r02-homogeneous-jitter-hz30-manual-checked,homogeneous-jitter-hz30,manual-checked,2,2,573,0.6366666666666667,69.363596,91.43743423999999,composed,900,468787712,532676608
formal-r02-homogeneous-jitter-hz30-manual-checked,homogeneous-jitter-hz30,manual-checked,2,3,573,0.6366666666666667,63.714076,86.95808627999999,composed,900,468787712,532676608
formal-r02-homogeneous-periodic-hz30-manual-full,homogeneous-periodic-hz30,manual-full,2,0,450,0.5,59.211207,67.30780629,composed,900,452010496,532676608
formal-r02-homogeneous-periodic-hz30-manual-full,homogeneous-periodic-hz30,manual-full,2,1,450,0.5,56.267917499999996,65.77001138,composed,900,452010496,532676608
formal-r02-homogeneous-periodic-hz30-manual-full,homogeneous-periodic-hz30,manual-full,2,2,450,0.5,63.975736999999995,68.70152483,composed,900,452010496,532676608
formal-r02-homogeneous-periodic-hz30-manual-full,homogeneous-periodic-hz30,manual-full,2,3,450,0.5,52.2550345,68.66427931999999,composed,900,452010496,532676608
formal-r02-homogeneous-periodic-hz30-auto-batched,homogeneous-periodic-hz30,auto-batched,2,0,589,0.6544444444444445,67.589797,89.0306412,composed,900,468787712,532676608
formal-r02-homogeneous-periodic-hz30-auto-batched,homogeneous-periodic-hz30,auto-batched,2,1,589,0.6544444444444445,63.717872,82.94996116,composed,900,468787712,532676608
formal-r02-homogeneous-periodic-hz30-auto-batched,homogeneous-periodic-hz30,auto-batched,2,2,589,0.6544444444444445,70.481882,88.15735248,composed,900,468787712,532676608
formal-r02-homogeneous-periodic-hz30-auto-batched,homogeneous-periodic-hz30,auto-batched,2,3,589,0.6544444444444445,71.081776,93.474264,composed,900,468787712,532676608
formal-r02-homogeneous-periodic-hz30-manual-checked,homogeneous-periodic-hz30,manual-checked,2,0,590,0.6555555555555556,68.6814585,88.07842518,composed,900,468787712,532676608
formal-r02-homogeneous-periodic-hz30-manual-checked,homogeneous-periodic-hz30,manual-checked,2,1,590,0.6555555555555556,66.47859700000001,87.92341723,composed,900,468787712,532676608
formal-r02-homogeneous-periodic-hz30-manual-checked,homogeneous-periodic-hz30,manual-checked,2,2,590,0.6555555555555556,71.54729499999999,90.70698718000001,composed,900,468787712,532676608
formal-r02-homogeneous-periodic-hz30-manual-checked,homogeneous-periodic-hz30,manual-checked,2,3,589,0.6544444444444445,64.84727749999999,86.94103978000001,composed,900,468787712,532676608
formal-r02-homogeneous-periodic-hz30-copy-in,homogeneous-periodic-hz30,copy-in,2,0,590,0.6555555555555556,77.803326,97.14911230000001,composed,900,519119360,599785472
formal-r02-homogeneous-periodic-hz30-copy-in,homogeneous-periodic-hz30,copy-in,2,1,569,0.6322222222222222,83.762462,102.16945926000001,composed,900,519119360,599785472
formal-r02-homogeneous-periodic-hz30-copy-in,homogeneous-periodic-hz30,copy-in,2,2,590,0.6555555555555556,75.5127115,95.39951106000001,composed,900,519119360,599785472
formal-r02-homogeneous-periodic-hz30-copy-in,homogeneous-periodic-hz30,copy-in,2,3,590,0.6555555555555556,69.42802649999999,85.90983872,composed,900,519119360,599785472
formal-r03-late-periodic-hz30-manual-checked,late-periodic-hz30,manual-checked,3,0,450,0.5,57.7803445,67.9938161,composed-late,900,452010496,532676608
formal-r03-late-periodic-hz30-manual-checked,late-periodic-hz30,manual-checked,3,1,450,0.5,57.001569,67.56789204,composed-late,900,452010496,532676608
formal-r03-late-periodic-hz30-manual-checked,late-periodic-hz30,manual-checked,3,2,450,0.5,61.1779345,68.4943118,composed-late,900,452010496,532676608
formal-r03-late-periodic-hz30-manual-checked,late-periodic-hz30,manual-checked,3,3,450,0.5,58.880847,68.37499722,composed-late,900,452010496,532676608
formal-r03-late-periodic-hz30-auto-batched,late-periodic-hz30,auto-batched,3,0,450,0.5,53.957862000000006,68.2125199,composed-late,900,452010496,532676608
formal-r03-late-periodic-hz30-auto-batched,late-periodic-hz30,auto-batched,3,1,450,0.5,61.154393999999996,68.20635839,composed-late,900,452010496,532676608
formal-r03-late-periodic-hz30-auto-batched,late-periodic-hz30,auto-batched,3,2,450,0.5,59.410799999999995,67.46722939,composed-late,900,452010496,532676608
formal-r03-late-periodic-hz30-auto-batched,late-periodic-hz30,auto-batched,3,3,450,0.5,52.137659,66.92065405,composed-late,900,452010496,532676608
formal-r03-homogeneous-periodic-hz30-auto-batched,homogeneous-periodic-hz30,auto-batched,3,0,591,0.6566666666666666,63.610208,81.95974530000001,composed,900,468787712,532676608
formal-r03-homogeneous-periodic-hz30-auto-batched,homogeneous-periodic-hz30,auto-batched,3,1,591,0.6566666666666666,68.408474,87.56397950000002,composed,900,468787712,532676608
formal-r03-homogeneous-periodic-hz30-auto-batched,homogeneous-periodic-hz30,auto-batched,3,2,591,0.6566666666666666,72.392447,91.3479878,composed,900,468787712,532676608
formal-r03-homogeneous-periodic-hz30-auto-batched,homogeneous-periodic-hz30,auto-batched,3,3,591,0.6566666666666666,67.847601,91.1898335,composed,900,468787712,532676608
formal-r03-homogeneous-periodic-hz30-copy-in,homogeneous-periodic-hz30,copy-in,3,0,590,0.6555555555555556,74.89879400000001,91.90009021,composed,900,519119360,599785472
formal-r03-homogeneous-periodic-hz30-copy-in,homogeneous-periodic-hz30,copy-in,3,1,590,0.6555555555555556,70.072262,87.3593975,composed,900,519119360,599785472
formal-r03-homogeneous-periodic-hz30-copy-in,homogeneous-periodic-hz30,copy-in,3,2,588,0.6533333333333333,79.92761,98.45741290999999,composed,900,519119360,599785472
formal-r03-homogeneous-periodic-hz30-copy-in,homogeneous-periodic-hz30,copy-in,3,3,564,0.6266666666666667,84.5063505,103.51849320000001,composed,900,519119360,599785472
formal-r03-homogeneous-periodic-hz30-manual-checked,homogeneous-periodic-hz30,manual-checked,3,0,588,0.6533333333333333,69.451186,88.75512382,composed,900,468787712,532676608
formal-r03-homogeneous-periodic-hz30-manual-checked,homogeneous-periodic-hz30,manual-checked,3,1,588,0.6533333333333333,67.581335,88.81210813,composed,900,468787712,532676608
formal-r03-homogeneous-periodic-hz30-manual-checked,homogeneous-periodic-hz30,manual-checked,3,2,588,0.6533333333333333,70.4536905,91.28108642,composed,900,468787712,532676608
formal-r03-homogeneous-periodic-hz30-manual-checked,homogeneous-periodic-hz30,manual-checked,3,3,588,0.6533333333333333,66.734828,91.48824180999999,composed,900,468787712,532676608
formal-r03-homogeneous-periodic-hz30-manual-full,homogeneous-periodic-hz30,manual-full,3,0,450,0.5,61.2654645,68.18645716,composed,900,452010496,532676608
formal-r03-homogeneous-periodic-hz30-manual-full,homogeneous-periodic-hz30,manual-full,3,1,450,0.5,53.078259,67.89097946,composed,900,452010496,532676608
formal-r03-homogeneous-periodic-hz30-manual-full,homogeneous-periodic-hz30,manual-full,3,2,450,0.5,56.8766085,66.87054952999999,composed,900,452010496,532676608
formal-r03-homogeneous-periodic-hz30-manual-full,homogeneous-periodic-hz30,manual-full,3,3,450,0.5,61.8308455,68.32672260999999,composed,900,452010496,532676608
formal-r03-heterogeneous-periodic-hz30-manual-full,heterogeneous-periodic-hz30,manual-full,3,0,450,0.5,14.9375055,15.809146969999999,native,900,512,2097152
formal-r03-heterogeneous-periodic-hz30-manual-full,heterogeneous-periodic-hz30,manual-full,3,1,450,0.5,37.857074499999996,42.06926642,head,900,452009984,532676608
formal-r03-heterogeneous-periodic-hz30-manual-full,heterogeneous-periodic-hz30,manual-full,3,2,450,0.5,47.501007,50.63751546,composed,900,452010496,532676608
formal-r03-heterogeneous-periodic-hz30-manual-full,heterogeneous-periodic-hz30,manual-full,3,3,450,0.5,42.8327515,51.48770306,composed-late,900,452010496,532676608
formal-r03-heterogeneous-periodic-hz30-auto-batched,heterogeneous-periodic-hz30,auto-batched,3,0,459,0.51,13.814141,20.093714520000002,native,900,512,2097152
formal-r03-heterogeneous-periodic-hz30-auto-batched,heterogeneous-periodic-hz30,auto-batched,3,1,459,0.51,36.8077,45.0807974,head,900,468787200,532676608
formal-r03-heterogeneous-periodic-hz30-auto-batched,heterogeneous-periodic-hz30,auto-batched,3,2,459,0.51,46.46424,50.21882506,composed,900,468787712,532676608
formal-r03-heterogeneous-periodic-hz30-auto-batched,heterogeneous-periodic-hz30,auto-batched,3,3,459,0.51,41.683354,50.079914200000005,composed-late,900,452010496,532676608
formal-r03-heterogeneous-periodic-hz30-copy-in,heterogeneous-periodic-hz30,copy-in,3,0,743,0.8255555555555556,18.069942,25.281835800000007,native,900,67109376,69206016
formal-r03-heterogeneous-periodic-hz30-copy-in,heterogeneous-periodic-hz30,copy-in,3,1,743,0.8255555555555556,35.613011,43.098876159999996,head,900,519118848,599785472
formal-r03-heterogeneous-periodic-hz30-copy-in,heterogeneous-periodic-hz30,copy-in,3,2,743,0.8255555555555556,55.946333,69.11594122000001,composed,900,519119360,599785472
formal-r03-heterogeneous-periodic-hz30-copy-in,heterogeneous-periodic-hz30,copy-in,3,3,743,0.8255555555555556,59.099219,70.71412284,composed-late,900,519119360,599785472
formal-r03-heterogeneous-periodic-hz30-manual-checked,heterogeneous-periodic-hz30,manual-checked,3,0,451,0.5011111111111111,14.900129,16.767093,native,900,512,2097152
formal-r03-heterogeneous-periodic-hz30-manual-checked,heterogeneous-periodic-hz30,manual-checked,3,1,451,0.5011111111111111,36.846295,45.954949,head,900,468787200,532676608
formal-r03-heterogeneous-periodic-hz30-manual-checked,heterogeneous-periodic-hz30,manual-checked,3,2,451,0.5011111111111111,46.789536,51.099326000000005,composed,900,468787712,532676608
formal-r03-heterogeneous-periodic-hz30-manual-checked,heterogeneous-periodic-hz30,manual-checked,3,3,451,0.5011111111111111,42.048965,50.655719,composed-late,900,452010496,532676608
formal-r03-homogeneous-jitter-hz30-manual-checked,homogeneous-jitter-hz30,manual-checked,3,0,570,0.6333333333333333,69.67071899999999,90.56050672999999,composed,900,468787712,532676608
formal-r03-homogeneous-jitter-hz30-manual-checked,homogeneous-jitter-hz30,manual-checked,3,1,570,0.6333333333333333,64.3392735,84.86414241999995,composed,900,468787712,532676608
formal-r03-homogeneous-jitter-hz30-manual-checked,homogeneous-jitter-hz30,manual-checked,3,2,570,0.6333333333333333,67.5652555,91.27516051999999,composed,900,468787712,532676608
formal-r03-homogeneous-jitter-hz30-manual-checked,homogeneous-jitter-hz30,manual-checked,3,3,570,0.6333333333333333,68.724885,92.11185110999998,composed,900,468787712,532676608
formal-r03-homogeneous-jitter-hz30-manual-full,homogeneous-jitter-hz30,manual-full,3,0,432,0.48,58.006886,67.94454365,composed,900,452010496,532676608
formal-r03-homogeneous-jitter-hz30-manual-full,homogeneous-jitter-hz30,manual-full,3,1,432,0.48,53.1518095,70.50241309,composed,900,452010496,532676608
formal-r03-homogeneous-jitter-hz30-manual-full,homogeneous-jitter-hz30,manual-full,3,2,432,0.48,61.891994,70.32816087,composed,900,452010496,532676608
formal-r03-homogeneous-jitter-hz30-manual-full,homogeneous-jitter-hz30,manual-full,3,3,432,0.48,56.802817,70.28076333,composed,900,452010496,532676608
formal-r03-homogeneous-jitter-hz30-auto-batched,homogeneous-jitter-hz30,auto-batched,3,0,570,0.6333333333333333,65.5789135,89.37268414999991,composed,900,468787712,532676608
formal-r03-homogeneous-jitter-hz30-auto-batched,homogeneous-jitter-hz30,auto-batched,3,1,570,0.6333333333333333,65.03292450000001,90.95357623999999,composed,900,468787712,532676608
formal-r03-homogeneous-jitter-hz30-auto-batched,homogeneous-jitter-hz30,auto-batched,3,2,570,0.6333333333333333,72.433736,90.95922844999998,composed,900,468787712,532676608
formal-r03-homogeneous-jitter-hz30-auto-batched,homogeneous-jitter-hz30,auto-batched,3,3,569,0.6322222222222222,66.782302,87.9466688199999,composed,900,468787712,532676608
formal-r03-homogeneous-jitter-hz30-copy-in,homogeneous-jitter-hz30,copy-in,3,0,577,0.6411111111111111,76.9592965,100.22150736999996,composed,900,519119360,599785472
formal-r03-homogeneous-jitter-hz30-copy-in,homogeneous-jitter-hz30,copy-in,3,1,577,0.6411111111111111,74.62543600000001,100.12833499999998,composed,900,519119360,599785472
formal-r03-homogeneous-jitter-hz30-copy-in,homogeneous-jitter-hz30,copy-in,3,2,577,0.6411111111111111,76.3771875,100.30380660999998,composed,900,519119360,599785472
formal-r03-homogeneous-jitter-hz30-copy-in,homogeneous-jitter-hz30,copy-in,3,3,577,0.6411111111111111,75.3437815,100.43796757999999,composed,900,519119360,599785472
formal-r03-heterogeneous-jitter-hz30-manual-checked,heterogeneous-jitter-hz30,manual-checked,3,0,525,0.5833333333333334,10.365854,17.48849072,native,900,512,2097152
formal-r03-heterogeneous-jitter-hz30-manual-checked,heterogeneous-jitter-hz30,manual-checked,3,1,525,0.5833333333333334,38.759131,49.94580756,head,900,468787200,532676608
formal-r03-heterogeneous-jitter-hz30-manual-checked,heterogeneous-jitter-hz30,manual-checked,3,2,525,0.5833333333333334,48.375286,52.965227199999994,composed,900,468787712,532676608
formal-r03-heterogeneous-jitter-hz30-manual-checked,heterogeneous-jitter-hz30,manual-checked,3,3,525,0.5833333333333334,44.461265,50.7427276,composed-late,900,452010496,532676608
formal-r03-heterogeneous-jitter-hz30-copy-in,heterogeneous-jitter-hz30,copy-in,3,0,718,0.7977777777777778,16.033527499999998,28.15818214000001,native,900,67109376,69206016
formal-r03-heterogeneous-jitter-hz30-copy-in,heterogeneous-jitter-hz30,copy-in,3,1,718,0.7977777777777778,36.2789465,55.213579520000025,head,900,519118848,599785472
formal-r03-heterogeneous-jitter-hz30-copy-in,heterogeneous-jitter-hz30,copy-in,3,2,718,0.7977777777777778,50.3053745,75.59496715,composed,900,519119360,599785472
formal-r03-heterogeneous-jitter-hz30-copy-in,heterogeneous-jitter-hz30,copy-in,3,3,718,0.7977777777777778,53.8401255,77.03879934000001,composed-late,900,519119360,599785472
formal-r03-heterogeneous-jitter-hz30-auto-batched,heterogeneous-jitter-hz30,auto-batched,3,0,517,0.5744444444444444,8.157778,17.58670283999999,native,900,512,2097152
formal-r03-heterogeneous-jitter-hz30-auto-batched,heterogeneous-jitter-hz30,auto-batched,3,1,517,0.5744444444444444,37.33319,46.9419284,head,900,468787200,532676608
formal-r03-heterogeneous-jitter-hz30-auto-batched,heterogeneous-jitter-hz30,auto-batched,3,2,517,0.5744444444444444,44.790257,52.57851451999999,composed,900,468787712,532676608
formal-r03-heterogeneous-jitter-hz30-auto-batched,heterogeneous-jitter-hz30,auto-batched,3,3,517,0.5744444444444444,47.302355,53.70268951999999,composed-late,900,452010496,532676608
formal-r03-heterogeneous-jitter-hz30-manual-full,heterogeneous-jitter-hz30,manual-full,3,0,513,0.57,10.435949,20.22448484,native,900,512,2097152
formal-r03-heterogeneous-jitter-hz30-manual-full,heterogeneous-jitter-hz30,manual-full,3,1,513,0.57,40.035793,41.68682824,head,900,452009984,532676608
formal-r03-heterogeneous-jitter-hz30-manual-full,heterogeneous-jitter-hz30,manual-full,3,2,513,0.57,49.756783,54.64326628,composed,900,452010496,532676608
formal-r03-heterogeneous-jitter-hz30-manual-full,heterogeneous-jitter-hz30,manual-full,3,3,513,0.57,45.006918,51.19581108,composed-late,900,452010496,532676608
formal-r04-homogeneous-periodic-hz30-manual-full,homogeneous-periodic-hz30,manual-full,4,0,450,0.5,56.7585675,67.38881819,composed,900,452010496,532676608
formal-r04-homogeneous-periodic-hz30-manual-full,homogeneous-periodic-hz30,manual-full,4,1,450,0.5,60.1440765,68.00888071,composed,900,452010496,532676608
formal-r04-homogeneous-periodic-hz30-manual-full,homogeneous-periodic-hz30,manual-full,4,2,450,0.5,58.347035,68.13483862,composed,900,452010496,532676608
formal-r04-homogeneous-periodic-hz30-manual-full,homogeneous-periodic-hz30,manual-full,4,3,450,0.5,56.703691500000005,67.5917242,composed,900,452010496,532676608
formal-r04-homogeneous-periodic-hz30-manual-checked,homogeneous-periodic-hz30,manual-checked,4,0,589,0.6544444444444445,67.561858,87.98621556,composed,900,468787712,532676608
formal-r04-homogeneous-periodic-hz30-manual-checked,homogeneous-periodic-hz30,manual-checked,4,1,589,0.6544444444444445,71.574607,90.20347716,composed,900,468787712,532676608
formal-r04-homogeneous-periodic-hz30-manual-checked,homogeneous-periodic-hz30,manual-checked,4,2,589,0.6544444444444445,68.19715,90.81635484,composed,900,468787712,532676608
formal-r04-homogeneous-periodic-hz30-manual-checked,homogeneous-periodic-hz30,manual-checked,4,3,589,0.6544444444444445,66.990493,89.51361779999999,composed,900,468787712,532676608
formal-r04-homogeneous-periodic-hz30-copy-in,homogeneous-periodic-hz30,copy-in,4,0,580,0.6444444444444445,78.3624575,100.22274673,composed,900,519119360,599785472
formal-r04-homogeneous-periodic-hz30-copy-in,homogeneous-periodic-hz30,copy-in,4,1,588,0.6533333333333333,75.80469,95.6746021,composed,900,519119360,599785472
formal-r04-homogeneous-periodic-hz30-copy-in,homogeneous-periodic-hz30,copy-in,4,2,583,0.6477777777777778,80.6478005,99.54889752999999,composed,900,519119360,599785472
formal-r04-homogeneous-periodic-hz30-copy-in,homogeneous-periodic-hz30,copy-in,4,3,588,0.6533333333333333,70.96809300000001,89.87459035,composed,900,519119360,599785472
formal-r04-homogeneous-periodic-hz30-auto-batched,homogeneous-periodic-hz30,auto-batched,4,0,589,0.6544444444444445,69.191416,88.56357195999999,composed,900,468787712,532676608
formal-r04-homogeneous-periodic-hz30-auto-batched,homogeneous-periodic-hz30,auto-batched,4,1,589,0.6544444444444445,66.400717,91.32743924,composed,900,468787712,532676608
formal-r04-homogeneous-periodic-hz30-auto-batched,homogeneous-periodic-hz30,auto-batched,4,2,589,0.6544444444444445,67.472751,89.16956796,composed,900,468787712,532676608
formal-r04-homogeneous-periodic-hz30-auto-batched,homogeneous-periodic-hz30,auto-batched,4,3,589,0.6544444444444445,71.404819,90.53898631999999,composed,900,468787712,532676608
formal-r04-heterogeneous-jitter-hz30-auto-batched,heterogeneous-jitter-hz30,auto-batched,4,0,524,0.5822222222222222,12.1324025,18.838105909999996,native,900,512,2097152
formal-r04-heterogeneous-jitter-hz30-auto-batched,heterogeneous-jitter-hz30,auto-batched,4,1,524,0.5822222222222222,36.8265875,47.058564209999986,head,900,468787200,532676608
formal-r04-heterogeneous-jitter-hz30-auto-batched,heterogeneous-jitter-hz30,auto-batched,4,2,524,0.5822222222222222,46.464991,52.55672746999999,composed,900,468787712,532676608
formal-r04-heterogeneous-jitter-hz30-auto-batched,heterogeneous-jitter-hz30,auto-batched,4,3,524,0.5822222222222222,41.964638,52.661293609999994,composed-late,900,452010496,532676608
formal-r04-heterogeneous-jitter-hz30-copy-in,heterogeneous-jitter-hz30,copy-in,4,0,730,0.8111111111111111,14.8460775,25.71442828,native,900,67109376,69206016
formal-r04-heterogeneous-jitter-hz30-copy-in,heterogeneous-jitter-hz30,copy-in,4,1,730,0.8111111111111111,36.1272365,53.15298839,head,900,519118848,599785472
formal-r04-heterogeneous-jitter-hz30-copy-in,heterogeneous-jitter-hz30,copy-in,4,2,728,0.8088888888888889,52.162001000000004,76.19191660000001,composed,900,519119360,599785472
formal-r04-heterogeneous-jitter-hz30-copy-in,heterogeneous-jitter-hz30,copy-in,4,3,728,0.8088888888888889,55.1260825,79.93685711,composed-late,900,519119360,599785472
formal-r04-heterogeneous-jitter-hz30-manual-checked,heterogeneous-jitter-hz30,manual-checked,4,0,521,0.5788888888888889,10.397778,18.48596639999998,native,900,512,2097152
formal-r04-heterogeneous-jitter-hz30-manual-checked,heterogeneous-jitter-hz30,manual-checked,4,1,521,0.5788888888888889,38.71677,45.29154539999996,head,900,468787200,532676608
formal-r04-heterogeneous-jitter-hz30-manual-checked,heterogeneous-jitter-hz30,manual-checked,4,2,521,0.5788888888888889,44.324677,51.016643,composed,900,468787712,532676608
formal-r04-heterogeneous-jitter-hz30-manual-checked,heterogeneous-jitter-hz30,manual-checked,4,3,521,0.5788888888888889,48.280254,53.5660288,composed-late,900,452010496,532676608
formal-r04-heterogeneous-jitter-hz30-manual-full,heterogeneous-jitter-hz30,manual-full,4,0,518,0.5755555555555556,10.4645615,19.393419529999992,native,900,512,2097152
formal-r04-heterogeneous-jitter-hz30-manual-full,heterogeneous-jitter-hz30,manual-full,4,1,518,0.5755555555555556,40.120785999999995,43.486301189999985,head,900,452009984,532676608
formal-r04-heterogeneous-jitter-hz30-manual-full,heterogeneous-jitter-hz30,manual-full,4,2,518,0.5755555555555556,49.816114999999996,54.24290782,composed,900,452010496,532676608
formal-r04-heterogeneous-jitter-hz30-manual-full,heterogeneous-jitter-hz30,manual-full,4,3,518,0.5755555555555556,45.493468,52.64426861999999,composed-late,900,452010496,532676608
formal-r04-heterogeneous-periodic-hz30-manual-full,heterogeneous-periodic-hz30,manual-full,4,0,450,0.5,12.511914,16.118562119999996,native,900,512,2097152
formal-r04-heterogeneous-periodic-hz30-manual-full,heterogeneous-periodic-hz30,manual-full,4,1,450,0.5,36.712071,40.31323105,head,900,452009984,532676608
formal-r04-heterogeneous-periodic-hz30-manual-full,heterogeneous-periodic-hz30,manual-full,4,2,450,0.5,46.587568000000005,49.784959459999996,composed,900,452010496,532676608
formal-r04-heterogeneous-periodic-hz30-manual-full,heterogeneous-periodic-hz30,manual-full,4,3,450,0.5,42.1529115,50.41625070999999,composed-late,900,452010496,532676608
formal-r04-heterogeneous-periodic-hz30-manual-checked,heterogeneous-periodic-hz30,manual-checked,4,0,450,0.5,10.482434999999999,17.217394679999995,native,900,512,2097152
formal-r04-heterogeneous-periodic-hz30-manual-checked,heterogeneous-periodic-hz30,manual-checked,4,1,450,0.5,37.3592725,45.340580519999996,head,900,468787200,532676608
formal-r04-heterogeneous-periodic-hz30-manual-checked,heterogeneous-periodic-hz30,manual-checked,4,2,450,0.5,42.772777500000004,51.29979331,composed,900,468787712,532676608
formal-r04-heterogeneous-periodic-hz30-manual-checked,heterogeneous-periodic-hz30,manual-checked,4,3,450,0.5,45.853752,50.994628829999996,composed-late,900,452010496,532676608
formal-r04-heterogeneous-periodic-hz30-auto-batched,heterogeneous-periodic-hz30,auto-batched,4,0,452,0.5022222222222222,9.302607,16.78976647,native,900,512,2097152
formal-r04-heterogeneous-periodic-hz30-auto-batched,heterogeneous-periodic-hz30,auto-batched,4,1,452,0.5022222222222222,36.979963,47.66308386000001,head,900,468787200,532676608
formal-r04-heterogeneous-periodic-hz30-auto-batched,heterogeneous-periodic-hz30,auto-batched,4,2,452,0.5022222222222222,47.2084355,53.43090901000001,composed,900,468787712,532676608
formal-r04-heterogeneous-periodic-hz30-auto-batched,heterogeneous-periodic-hz30,auto-batched,4,3,452,0.5022222222222222,42.0677545,51.38293516,composed-late,900,452010496,532676608
formal-r04-heterogeneous-periodic-hz30-copy-in,heterogeneous-periodic-hz30,copy-in,4,0,740,0.8222222222222222,18.3131985,24.494231180000003,native,900,67109376,69206016
formal-r04-heterogeneous-periodic-hz30-copy-in,heterogeneous-periodic-hz30,copy-in,4,1,740,0.8222222222222222,34.43223,44.10716236,head,900,519118848,599785472
formal-r04-heterogeneous-periodic-hz30-copy-in,heterogeneous-periodic-hz30,copy-in,4,2,740,0.8222222222222222,57.8787715,73.04332694,composed,900,519119360,599785472
formal-r04-heterogeneous-periodic-hz30-copy-in,heterogeneous-periodic-hz30,copy-in,4,3,740,0.8222222222222222,56.789749,76.16525208,composed-late,900,519119360,599785472
formal-r04-homogeneous-jitter-hz30-manual-full,homogeneous-jitter-hz30,manual-full,4,0,432,0.48,54.270496,70.11166566,composed,900,452010496,532676608
formal-r04-homogeneous-jitter-hz30-manual-full,homogeneous-jitter-hz30,manual-full,4,1,432,0.48,59.543791999999996,69.04409727,composed,900,452010496,532676608
formal-r04-homogeneous-jitter-hz30-manual-full,homogeneous-jitter-hz30,manual-full,4,2,432,0.48,61.295157,68.19639894,composed,900,452010496,532676608
formal-r04-homogeneous-jitter-hz30-manual-full,homogeneous-jitter-hz30,manual-full,4,3,432,0.48,51.8557625,67.65966508,composed,900,452010496,532676608
formal-r04-homogeneous-jitter-hz30-copy-in,homogeneous-jitter-hz30,copy-in,4,0,582,0.6466666666666666,76.964155,99.44308396000001,composed,900,519119360,599785472
formal-r04-homogeneous-jitter-hz30-copy-in,homogeneous-jitter-hz30,copy-in,4,1,580,0.6444444444444445,77.046768,99.00563559999998,composed,900,519119360,599785472
formal-r04-homogeneous-jitter-hz30-copy-in,homogeneous-jitter-hz30,copy-in,4,2,584,0.6488888888888888,73.672527,97.29129332,composed,900,519119360,599785472
formal-r04-homogeneous-jitter-hz30-copy-in,homogeneous-jitter-hz30,copy-in,4,3,577,0.6411111111111111,79.601284,100.32793339999999,composed,900,519119360,599785472
formal-r04-homogeneous-jitter-hz30-auto-batched,homogeneous-jitter-hz30,auto-batched,4,0,571,0.6344444444444445,70.722335,94.1118764,composed,900,468787712,532676608
formal-r04-homogeneous-jitter-hz30-auto-batched,homogeneous-jitter-hz30,auto-batched,4,1,571,0.6344444444444445,62.125349,88.67136219999999,composed,900,468787712,532676608
formal-r04-homogeneous-jitter-hz30-auto-batched,homogeneous-jitter-hz30,auto-batched,4,2,571,0.6344444444444445,68.037415,91.01508259999994,composed,900,468787712,532676608
formal-r04-homogeneous-jitter-hz30-auto-batched,homogeneous-jitter-hz30,auto-batched,4,3,571,0.6344444444444445,65.197322,89.76776969999996,composed,900,468787712,532676608
formal-r04-homogeneous-jitter-hz30-manual-checked,homogeneous-jitter-hz30,manual-checked,4,0,569,0.6322222222222222,64.398521,91.93822568000002,composed,900,468787712,532676608
formal-r04-homogeneous-jitter-hz30-manual-checked,homogeneous-jitter-hz30,manual-checked,4,1,569,0.6322222222222222,62.871988,88.07538756000001,composed,900,468787712,532676608
formal-r04-homogeneous-jitter-hz30-manual-checked,homogeneous-jitter-hz30,manual-checked,4,2,569,0.6322222222222222,70.415548,92.11097884000003,composed,900,468787712,532676608
formal-r04-homogeneous-jitter-hz30-manual-checked,homogeneous-jitter-hz30,manual-checked,4,3,569,0.6322222222222222,67.957401,92.80944264,composed,900,468787712,532676608
formal-r04-late-periodic-hz30-manual-checked,late-periodic-hz30,manual-checked,4,0,450,0.5,57.312135,67.93788579,composed-late,900,452010496,532676608
formal-r04-late-periodic-hz30-manual-checked,late-periodic-hz30,manual-checked,4,1,449,0.4988888888888889,61.0094305,68.58648174,composed-late,900,452010496,532676608
formal-r04-late-periodic-hz30-manual-checked,late-periodic-hz30,manual-checked,4,2,450,0.5,56.7968475,69.01425727,composed-late,900,452010496,532676608
formal-r04-late-periodic-hz30-manual-checked,late-periodic-hz30,manual-checked,4,3,449,0.4988888888888889,57.3610495,67.43064364,composed-late,900,452010496,532676608
formal-r04-late-periodic-hz30-auto-batched,late-periodic-hz30,auto-batched,4,0,450,0.5,62.232023999999996,68.70386646,composed-late,900,452010496,532676608
formal-r04-late-periodic-hz30-auto-batched,late-periodic-hz30,auto-batched,4,1,450,0.5,58.3832435,68.33979341,composed-late,900,452010496,532676608
formal-r04-late-periodic-hz30-auto-batched,late-periodic-hz30,auto-batched,4,2,450,0.5,54.0982775,69.02485560999999,composed-late,900,452010496,532676608
formal-r04-late-periodic-hz30-auto-batched,late-periodic-hz30,auto-batched,4,3,450,0.5,51.799476999999996,67.62078835999999,composed-late,900,452010496,532676608
formal-r05-heterogeneous-jitter-hz30-auto-batched,heterogeneous-jitter-hz30,auto-batched,5,0,527,0.5855555555555556,10.233532,16.355507720000002,native,900,512,2097152
formal-r05-heterogeneous-jitter-hz30-auto-batched,heterogeneous-jitter-hz30,auto-batched,5,1,527,0.5855555555555556,36.619576,46.112203980000004,head,900,468787200,532676608
formal-r05-heterogeneous-jitter-hz30-auto-batched,heterogeneous-jitter-hz30,auto-batched,5,2,527,0.5855555555555556,46.072596,52.13378464,composed,900,468787712,532676608
formal-r05-heterogeneous-jitter-hz30-auto-batched,heterogeneous-jitter-hz30,auto-batched,5,3,527,0.5855555555555556,41.506081,49.851601280000004,composed-late,900,452010496,532676608
formal-r05-heterogeneous-jitter-hz30-manual-checked,heterogeneous-jitter-hz30,manual-checked,5,0,525,0.5833333333333334,11.093353,17.95718048,native,900,512,2097152
formal-r05-heterogeneous-jitter-hz30-manual-checked,heterogeneous-jitter-hz30,manual-checked,5,1,525,0.5833333333333334,38.50441,45.73694872,head,900,468787200,532676608
formal-r05-heterogeneous-jitter-hz30-manual-checked,heterogeneous-jitter-hz30,manual-checked,5,2,525,0.5833333333333334,48.398296,52.89141456,composed,900,468787712,532676608
formal-r05-heterogeneous-jitter-hz30-manual-checked,heterogeneous-jitter-hz30,manual-checked,5,3,525,0.5833333333333334,44.335681,50.62852204,composed-late,900,452010496,532676608
formal-r05-heterogeneous-jitter-hz30-copy-in,heterogeneous-jitter-hz30,copy-in,5,0,730,0.8111111111111111,14.3219475,23.79372516,native,900,67109376,69206016
formal-r05-heterogeneous-jitter-hz30-copy-in,heterogeneous-jitter-hz30,copy-in,5,1,730,0.8111111111111111,36.240885500000005,51.45572082,head,900,519118848,599785472
formal-r05-heterogeneous-jitter-hz30-copy-in,heterogeneous-jitter-hz30,copy-in,5,2,730,0.8111111111111111,52.4201315,74.55284479000001,composed,900,519119360,599785472
formal-r05-heterogeneous-jitter-hz30-copy-in,heterogeneous-jitter-hz30,copy-in,5,3,730,0.8111111111111111,53.912774,77.42543217000005,composed-late,900,519119360,599785472
formal-r05-heterogeneous-jitter-hz30-manual-full,heterogeneous-jitter-hz30,manual-full,5,0,515,0.5722222222222222,10.438695,20.99980314,native,900,512,2097152
formal-r05-heterogeneous-jitter-hz30-manual-full,heterogeneous-jitter-hz30,manual-full,5,1,515,0.5722222222222222,40.247892,42.11183458000001,head,900,452009984,532676608
formal-r05-heterogeneous-jitter-hz30-manual-full,heterogeneous-jitter-hz30,manual-full,5,2,515,0.5722222222222222,50.081734,55.1347413,composed,900,452010496,532676608
formal-r05-heterogeneous-jitter-hz30-manual-full,heterogeneous-jitter-hz30,manual-full,5,3,515,0.5722222222222222,45.599477,50.78161352,composed-late,900,452010496,532676608
formal-r05-homogeneous-periodic-hz30-manual-full,homogeneous-periodic-hz30,manual-full,5,0,450,0.5,62.1840045,68.15685881,composed,900,452010496,532676608
formal-r05-homogeneous-periodic-hz30-manual-full,homogeneous-periodic-hz30,manual-full,5,1,450,0.5,52.4678155,67.94501516,composed,900,452010496,532676608
formal-r05-homogeneous-periodic-hz30-manual-full,homogeneous-periodic-hz30,manual-full,5,2,450,0.5,58.42152,67.89266334,composed,900,452010496,532676608
formal-r05-homogeneous-periodic-hz30-manual-full,homogeneous-periodic-hz30,manual-full,5,3,450,0.5,56.852699,67.05970024,composed,900,452010496,532676608
formal-r05-homogeneous-periodic-hz30-copy-in,homogeneous-periodic-hz30,copy-in,5,0,589,0.6544444444444445,79.67381,97.7984189,composed,900,519119360,599785472
formal-r05-homogeneous-periodic-hz30-copy-in,homogeneous-periodic-hz30,copy-in,5,1,568,0.6311111111111111,84.338148,102.7860197,composed,900,519119360,599785472
formal-r05-homogeneous-periodic-hz30-copy-in,homogeneous-periodic-hz30,copy-in,5,2,591,0.6566666666666666,69.918976,86.9306327,composed,900,519119360,599785472
formal-r05-homogeneous-periodic-hz30-copy-in,homogeneous-periodic-hz30,copy-in,5,3,591,0.6566666666666666,74.979079,91.46538850000002,composed,900,519119360,599785472
formal-r05-homogeneous-periodic-hz30-manual-checked,homogeneous-periodic-hz30,manual-checked,5,0,590,0.6555555555555556,72.1062755,90.41360898000002,composed,900,468787712,532676608
formal-r05-homogeneous-periodic-hz30-manual-checked,homogeneous-periodic-hz30,manual-checked,5,1,590,0.6555555555555556,64.1795905,88.2496282,composed,900,468787712,532676608
formal-r05-homogeneous-periodic-hz30-manual-checked,homogeneous-periodic-hz30,manual-checked,5,2,590,0.6555555555555556,68.6871965,88.70185010000002,composed,900,468787712,532676608
formal-r05-homogeneous-periodic-hz30-manual-checked,homogeneous-periodic-hz30,manual-checked,5,3,590,0.6555555555555556,67.741529,90.19430301000001,composed,900,468787712,532676608
formal-r05-homogeneous-periodic-hz30-auto-batched,homogeneous-periodic-hz30,auto-batched,5,0,590,0.6555555555555556,66.9758035,88.97403106,composed,900,468787712,532676608
formal-r05-homogeneous-periodic-hz30-auto-batched,homogeneous-periodic-hz30,auto-batched,5,1,590,0.6555555555555556,68.7605125,89.22962073000001,composed,900,468787712,532676608
formal-r05-homogeneous-periodic-hz30-auto-batched,homogeneous-periodic-hz30,auto-batched,5,2,590,0.6555555555555556,71.4942705,91.52620036,composed,900,468787712,532676608
formal-r05-homogeneous-periodic-hz30-auto-batched,homogeneous-periodic-hz30,auto-batched,5,3,590,0.6555555555555556,63.8270435,84.18045891000001,composed,900,468787712,532676608
formal-r05-late-periodic-hz30-auto-batched,late-periodic-hz30,auto-batched,5,0,450,0.5,60.933554,67.95717098,composed-late,900,452010496,532676608
formal-r05-late-periodic-hz30-auto-batched,late-periodic-hz30,auto-batched,5,1,450,0.5,61.5143985,69.59228897999999,composed-late,900,452010496,532676608
formal-r05-late-periodic-hz30-auto-batched,late-periodic-hz30,auto-batched,5,2,450,0.5,56.8677755,68.75884508,composed-late,900,452010496,532676608
formal-r05-late-periodic-hz30-auto-batched,late-periodic-hz30,auto-batched,5,3,450,0.5,52.562394999999995,68.27686763999999,composed-late,900,452010496,532676608
formal-r05-late-periodic-hz30-manual-checked,late-periodic-hz30,manual-checked,5,0,450,0.5,57.359452,68.16336197999999,composed-late,900,452010496,532676608
formal-r05-late-periodic-hz30-manual-checked,late-periodic-hz30,manual-checked,5,1,450,0.5,53.934838,67.38885735,composed-late,900,452010496,532676608
formal-r05-late-periodic-hz30-manual-checked,late-periodic-hz30,manual-checked,5,2,450,0.5,60.1736545,68.06896382000001,composed-late,900,452010496,532676608
formal-r05-late-periodic-hz30-manual-checked,late-periodic-hz30,manual-checked,5,3,450,0.5,61.4490555,67.89116461,composed-late,900,452010496,532676608
formal-r05-heterogeneous-periodic-hz30-manual-full,heterogeneous-periodic-hz30,manual-full,5,0,450,0.5,10.313268,15.61764719,native,900,512,2097152
formal-r05-heterogeneous-periodic-hz30-manual-full,heterogeneous-periodic-hz30,manual-full,5,1,450,0.5,38.420248,41.43001919,head,900,452009984,532676608
formal-r05-heterogeneous-periodic-hz30-manual-full,heterogeneous-periodic-hz30,manual-full,5,2,450,0.5,43.7301635,52.50450598,composed,900,452010496,532676608
formal-r05-heterogeneous-periodic-hz30-manual-full,heterogeneous-periodic-hz30,manual-full,5,3,450,0.5,47.639855499999996,50.91948312,composed-late,900,452010496,532676608
formal-r05-heterogeneous-periodic-hz30-manual-checked,heterogeneous-periodic-hz30,manual-checked,5,0,451,0.5011111111111111,7.610603,15.822160499999999,native,900,512,2097152
formal-r05-heterogeneous-periodic-hz30-manual-checked,heterogeneous-periodic-hz30,manual-checked,5,1,451,0.5011111111111111,38.204802,45.063356,head,900,468787200,532676608
formal-r05-heterogeneous-periodic-hz30-manual-checked,heterogeneous-periodic-hz30,manual-checked,5,2,451,0.5011111111111111,48.565813,52.1328655,composed,900,468787712,532676608
formal-r05-heterogeneous-periodic-hz30-manual-checked,heterogeneous-periodic-hz30,manual-checked,5,3,451,0.5011111111111111,43.81324,49.954140499999994,composed-late,900,452010496,532676608
formal-r05-heterogeneous-periodic-hz30-auto-batched,heterogeneous-periodic-hz30,auto-batched,5,0,450,0.5,8.184924,13.415077629999995,native,900,512,2097152
formal-r05-heterogeneous-periodic-hz30-auto-batched,heterogeneous-periodic-hz30,auto-batched,5,1,450,0.5,37.535079499999995,45.3341816,head,900,468787200,532676608
formal-r05-heterogeneous-periodic-hz30-auto-batched,heterogeneous-periodic-hz30,auto-batched,5,2,450,0.5,45.2144225,51.18168653,composed,900,468787712,532676608
formal-r05-heterogeneous-periodic-hz30-auto-batched,heterogeneous-periodic-hz30,auto-batched,5,3,450,0.5,46.6426515,51.93855148,composed-late,900,452010496,532676608
formal-r05-heterogeneous-periodic-hz30-copy-in,heterogeneous-periodic-hz30,copy-in,5,0,743,0.8255555555555556,18.287494,24.884733740000005,native,900,67109376,69206016
formal-r05-heterogeneous-periodic-hz30-copy-in,heterogeneous-periodic-hz30,copy-in,5,1,743,0.8255555555555556,34.557893,43.86229498,head,900,519118848,599785472
formal-r05-heterogeneous-periodic-hz30-copy-in,heterogeneous-periodic-hz30,copy-in,5,2,743,0.8255555555555556,58.879225,75.45317874000003,composed,900,519119360,599785472
formal-r05-heterogeneous-periodic-hz30-copy-in,heterogeneous-periodic-hz30,copy-in,5,3,743,0.8255555555555556,57.707449,72.42271048000002,composed-late,900,519119360,599785472
formal-r05-homogeneous-jitter-hz30-auto-batched,homogeneous-jitter-hz30,auto-batched,5,0,575,0.6388888888888888,69.351519,90.61046329999999,composed,900,468787712,532676608
formal-r05-homogeneous-jitter-hz30-auto-batched,homogeneous-jitter-hz30,auto-batched,5,1,575,0.6388888888888888,70.281028,92.1869969,composed,900,468787712,532676608
formal-r05-homogeneous-jitter-hz30-auto-batched,homogeneous-jitter-hz30,auto-batched,5,2,575,0.6388888888888888,64.721482,87.92936118,composed,900,468787712,532676608
formal-r05-homogeneous-jitter-hz30-auto-batched,homogeneous-jitter-hz30,auto-batched,5,3,575,0.6388888888888888,64.765504,90.3787964,composed,900,468787712,532676608
formal-r05-homogeneous-jitter-hz30-copy-in,homogeneous-jitter-hz30,copy-in,5,0,583,0.6477777777777778,75.897832,99.53327064,composed,900,519119360,599785472
formal-r05-homogeneous-jitter-hz30-copy-in,homogeneous-jitter-hz30,copy-in,5,1,576,0.64,79.077291,101.51188350000001,composed,900,519119360,599785472
formal-r05-homogeneous-jitter-hz30-copy-in,homogeneous-jitter-hz30,copy-in,5,2,586,0.6511111111111111,71.599761,97.04032948,composed,900,519119360,599785472
formal-r05-homogeneous-jitter-hz30-copy-in,homogeneous-jitter-hz30,copy-in,5,3,576,0.64,77.467014,100.65821557999999,composed,900,519119360,599785472
formal-r05-homogeneous-jitter-hz30-manual-checked,homogeneous-jitter-hz30,manual-checked,5,0,574,0.6377777777777778,71.2509045,93.95514490999999,composed,900,468787712,532676608
formal-r05-homogeneous-jitter-hz30-manual-checked,homogeneous-jitter-hz30,manual-checked,5,1,574,0.6377777777777778,67.3964435,89.87425529,composed,900,468787712,532676608
formal-r05-homogeneous-jitter-hz30-manual-checked,homogeneous-jitter-hz30,manual-checked,5,2,574,0.6377777777777778,65.380644,89.54398443999999,composed,900,468787712,532676608
formal-r05-homogeneous-jitter-hz30-manual-checked,homogeneous-jitter-hz30,manual-checked,5,3,574,0.6377777777777778,65.80240950000001,90.39414431,composed,900,468787712,532676608
formal-r05-homogeneous-jitter-hz30-manual-full,homogeneous-jitter-hz30,manual-full,5,0,435,0.48333333333333334,58.164664,70.77030586,composed,900,452010496,532676608
formal-r05-homogeneous-jitter-hz30-manual-full,homogeneous-jitter-hz30,manual-full,5,1,435,0.48333333333333334,52.152245,67.45141772,composed,900,452010496,532676608
formal-r05-homogeneous-jitter-hz30-manual-full,homogeneous-jitter-hz30,manual-full,5,2,435,0.48333333333333334,61.302268,69.44188432,composed,900,452010496,532676608
formal-r05-homogeneous-jitter-hz30-manual-full,homogeneous-jitter-hz30,manual-full,5,3,435,0.48333333333333334,60.514246,69.59565421999999,composed,900,452010496,532676608
