condition,method,metric,n_planned,n_observed,mean,low,high,status
heterogeneous-jitter-hz30,auto-batched,full_publication_timely_fraction,6,6,0.5846296296296296,0.5780163584866899,0.5912429007725694,pointwise_t95_df5
heterogeneous-jitter-hz30,auto-batched,full_publication_timely_goodput_hz,6,6,17.538888888888888,17.340490754600697,17.73728702317708,pointwise_t95_df5
heterogeneous-jitter-hz30,auto-batched,recipient_timely_goodput_hz,6,6,70.15555555555555,69.36196301840279,70.94914809270831,pointwise_t95_df5
heterogeneous-jitter-hz30,auto-batched,full_publication_p50_ms,6,6,47.45869375,46.69680570413293,48.220581795867076,pointwise_t95_df5
heterogeneous-jitter-hz30,auto-batched,full_publication_p99_ms,6,6,52.91314026166667,52.14866373965443,53.67761678367891,pointwise_t95_df5
heterogeneous-jitter-hz30,auto-batched,offered_publications,6,6,900,900.0,900.0,pointwise_t95_df5
heterogeneous-jitter-hz30,auto-batched,complete_correct,6,6,526.1666666666666,520.2147226380209,532.1186106953123,pointwise_t95_df5
heterogeneous-jitter-hz30,auto-batched,complete_timely,6,6,526.1666666666666,520.2147226380209,532.1186106953123,pointwise_t95_df5
heterogeneous-jitter-hz30,auto-batched,partial_publications,6,6,0,0.0,0.0,pointwise_t95_df5
heterogeneous-jitter-hz30,auto-batched,zero_correct_publications,6,6,373.8333333333333,367.88138930468756,379.78527736197907,pointwise_t95_df5
heterogeneous-jitter-hz30,auto-batched,incomplete_publications,6,6,373.8333333333333,367.88138930468756,379.78527736197907,pointwise_t95_df5
heterogeneous-jitter-hz30,auto-batched,sampled_device_peak_mib,6,6,4458.0,4458.0,4458.0,pointwise_t95_df5
heterogeneous-jitter-hz30,auto-batched,protected_byte_seconds,6,6,1299738981.8253312,1288820981.3021193,1310656982.3485432,pointwise_t95_df5
heterogeneous-jitter-hz30,copy-in,full_publication_timely_fraction,6,6,0.8068518518518518,0.80102554194756,0.8126781617561436,pointwise_t95_df5
heterogeneous-jitter-hz30,copy-in,full_publication_timely_goodput_hz,6,6,24.205555555555556,24.0307662584268,24.38034485268431,pointwise_t95_df5
heterogeneous-jitter-hz30,copy-in,recipient_timely_goodput_hz,6,6,96.84444444444445,96.13279718853126,97.55609170035764,pointwise_t95_df5
heterogeneous-jitter-hz30,copy-in,full_publication_p50_ms,6,6,55.71773125,55.071371747028465,56.364090752971535,pointwise_t95_df5
heterogeneous-jitter-hz30,copy-in,full_publication_p99_ms,6,6,78.25273606333334,76.88912753333994,79.61634459332674,pointwise_t95_df5
heterogeneous-jitter-hz30,copy-in,offered_publications,6,6,900,900.0,900.0,pointwise_t95_df5
heterogeneous-jitter-hz30,copy-in,complete_correct,6,6,726.5,721.0368835910358,731.9631164089642,pointwise_t95_df5
heterogeneous-jitter-hz30,copy-in,complete_timely,6,6,726.1666666666666,720.922987752804,731.4103455805292,pointwise_t95_df5
heterogeneous-jitter-hz30,copy-in,partial_publications,6,6,0,0.0,0.0,pointwise_t95_df5
heterogeneous-jitter-hz30,copy-in,zero_correct_publications,6,6,173.5,168.03688359103586,178.96311640896414,pointwise_t95_df5
heterogeneous-jitter-hz30,copy-in,incomplete_publications,6,6,173.5,168.03688359103586,178.96311640896414,pointwise_t95_df5
heterogeneous-jitter-hz30,copy-in,sampled_device_peak_mib,6,6,4714.0,4714.0,4714.0,pointwise_t95_df5
heterogeneous-jitter-hz30,copy-in,protected_byte_seconds,6,6,923147160.0795648,904636825.8905838,941657494.2685459,pointwise_t95_df5
heterogeneous-jitter-hz30,manual-checked,full_publication_timely_fraction,6,6,0.5833333333333334,0.5784415227346311,0.5882251439320356,pointwise_t95_df5
heterogeneous-jitter-hz30,manual-checked,full_publication_timely_goodput_hz,6,6,17.5,17.35324568203893,17.64675431796107,pointwise_t95_df5
heterogeneous-jitter-hz30,manual-checked,recipient_timely_goodput_hz,6,6,70.0,69.41298272815573,70.58701727184427,pointwise_t95_df5
heterogeneous-jitter-hz30,manual-checked,full_publication_p50_ms,6,6,48.79682483333333,48.590831863203604,49.00281780346306,pointwise_t95_df5
heterogeneous-jitter-hz30,manual-checked,full_publication_p99_ms,6,6,53.63924893666666,53.07477928703367,54.20371858629965,pointwise_t95_df5
heterogeneous-jitter-hz30,manual-checked,offered_publications,6,6,900,900.0,900.0,pointwise_t95_df5
heterogeneous-jitter-hz30,manual-checked,complete_correct,6,6,525,520.597370461168,529.402629538832,pointwise_t95_df5
heterogeneous-jitter-hz30,manual-checked,complete_timely,6,6,525,520.597370461168,529.402629538832,pointwise_t95_df5
heterogeneous-jitter-hz30,manual-checked,partial_publications,6,6,0,0.0,0.0,pointwise_t95_df5
heterogeneous-jitter-hz30,manual-checked,zero_correct_publications,6,6,375,370.59737046116794,379.40262953883206,pointwise_t95_df5
heterogeneous-jitter-hz30,manual-checked,incomplete_publications,6,6,375,370.59737046116794,379.40262953883206,pointwise_t95_df5
heterogeneous-jitter-hz30,manual-checked,sampled_device_peak_mib,6,6,4458.0,4458.0,4458.0,pointwise_t95_df5
heterogeneous-jitter-hz30,manual-checked,protected_byte_seconds,6,6,1308845500.5855744,1295696840.8520944,1321994160.3190544,pointwise_t95_df5
heterogeneous-jitter-hz30,manual-full,full_publication_timely_fraction,6,6,0.5753703703703703,0.5697822946368237,0.5809584461039169,pointwise_t95_df5
heterogeneous-jitter-hz30,manual-full,full_publication_timely_goodput_hz,6,6,17.261111111111113,17.093468839104716,17.42875338311751,pointwise_t95_df5
heterogeneous-jitter-hz30,manual-full,recipient_timely_goodput_hz,6,6,69.04444444444445,68.37387535641886,69.71501353247004,pointwise_t95_df5
heterogeneous-jitter-hz30,manual-full,full_publication_p50_ms,6,6,49.060353,47.99319442450042,50.127511575499575,pointwise_t95_df5
heterogeneous-jitter-hz30,manual-full,full_publication_p99_ms,6,6,54.20003587833333,53.538754486216334,54.86131727045033,pointwise_t95_df5
heterogeneous-jitter-hz30,manual-full,offered_publications,6,6,900,900.0,900.0,pointwise_t95_df5
heterogeneous-jitter-hz30,manual-full,complete_correct,6,6,517.8333333333334,512.8040651731415,522.8626014935253,pointwise_t95_df5
heterogeneous-jitter-hz30,manual-full,complete_timely,6,6,517.8333333333334,512.8040651731415,522.8626014935253,pointwise_t95_df5
heterogeneous-jitter-hz30,manual-full,partial_publications,6,6,0,0.0,0.0,pointwise_t95_df5
heterogeneous-jitter-hz30,manual-full,zero_correct_publications,6,6,382.1666666666667,377.1373985064748,387.19593482685855,pointwise_t95_df5
heterogeneous-jitter-hz30,manual-full,incomplete_publications,6,6,382.1666666666667,377.1373985064748,387.19593482685855,pointwise_t95_df5
heterogeneous-jitter-hz30,manual-full,sampled_device_peak_mib,6,6,4458.0,4458.0,4458.0,pointwise_t95_df5
heterogeneous-jitter-hz30,manual-full,protected_byte_seconds,6,6,1318584704.8310783,1306333787.2461743,1330835622.4159822,pointwise_t95_df5
heterogeneous-periodic-hz30,auto-batched,full_publication_timely_fraction,6,6,0.5025925925925926,0.4985086786519082,0.506676506533277,pointwise_t95_df5
heterogeneous-periodic-hz30,auto-batched,full_publication_timely_goodput_hz,6,6,15.077777777777778,14.955260359557245,15.20029519599831,pointwise_t95_df5
heterogeneous-periodic-hz30,auto-batched,recipient_timely_goodput_hz,6,6,60.31111111111111,59.82104143822898,60.80118078399324,pointwise_t95_df5
heterogeneous-periodic-hz30,auto-batched,full_publication_p50_ms,6,6,48.189355,47.20890303160253,49.16980696839747,pointwise_t95_df5
heterogeneous-periodic-hz30,auto-batched,full_publication_p99_ms,6,6,52.36190098,51.24738646907148,53.476415490928524,pointwise_t95_df5
heterogeneous-periodic-hz30,auto-batched,offered_publications,6,6,900,900.0,900.0,pointwise_t95_df5
heterogeneous-periodic-hz30,auto-batched,complete_correct,6,6,452.3333333333333,448.65781078671733,456.0088558799493,pointwise_t95_df5
heterogeneous-periodic-hz30,auto-batched,complete_timely,6,6,452.3333333333333,448.65781078671733,456.0088558799493,pointwise_t95_df5
heterogeneous-periodic-hz30,auto-batched,partial_publications,6,6,0,0.0,0.0,pointwise_t95_df5
heterogeneous-periodic-hz30,auto-batched,zero_correct_publications,6,6,447.6666666666667,443.9911441200507,451.34218921328267,pointwise_t95_df5
heterogeneous-periodic-hz30,auto-batched,incomplete_publications,6,6,447.6666666666667,443.9911441200507,451.34218921328267,pointwise_t95_df5
heterogeneous-periodic-hz30,auto-batched,sampled_device_peak_mib,6,6,4458.0,4458.0,4458.0,pointwise_t95_df5
heterogeneous-periodic-hz30,auto-batched,protected_byte_seconds,6,6,1127452010.1507072,1118012696.6854248,1136891323.6159897,pointwise_t95_df5
heterogeneous-periodic-hz30,copy-in,full_publication_timely_fraction,6,6,0.8255555555555556,0.8232234763557867,0.8278876347553245,pointwise_t95_df5
heterogeneous-periodic-hz30,copy-in,full_publication_timely_goodput_hz,6,6,24.766666666666666,24.6967042906736,24.83662904265973,pointwise_t95_df5
heterogeneous-periodic-hz30,copy-in,recipient_timely_goodput_hz,6,6,99.06666666666666,98.7868171626944,99.34651617063892,pointwise_t95_df5
heterogeneous-periodic-hz30,copy-in,full_publication_p50_ms,6,6,61.05825575,60.84455606715549,61.271955432844514,pointwise_t95_df5
heterogeneous-periodic-hz30,copy-in,full_publication_p99_ms,6,6,72.77982396166666,70.04865704738447,75.51099087594886,pointwise_t95_df5
heterogeneous-periodic-hz30,copy-in,offered_publications,6,6,900,900.0,900.0,pointwise_t95_df5
heterogeneous-periodic-hz30,copy-in,complete_correct,6,6,743,740.901128720208,745.098871279792,pointwise_t95_df5
heterogeneous-periodic-hz30,copy-in,complete_timely,6,6,743,740.901128720208,745.098871279792,pointwise_t95_df5
heterogeneous-periodic-hz30,copy-in,partial_publications,6,6,0,0.0,0.0,pointwise_t95_df5
heterogeneous-periodic-hz30,copy-in,zero_correct_publications,6,6,157,154.90112872020805,159.09887127979195,pointwise_t95_df5
heterogeneous-periodic-hz30,copy-in,incomplete_publications,6,6,157,154.90112872020805,159.09887127979195,pointwise_t95_df5
heterogeneous-periodic-hz30,copy-in,sampled_device_peak_mib,6,6,4714.0,4714.0,4714.0,pointwise_t95_df5
heterogeneous-periodic-hz30,copy-in,protected_byte_seconds,6,6,1016521425.6758784,972339931.3227166,1060702920.0290402,pointwise_t95_df5
heterogeneous-periodic-hz30,manual-checked,full_publication_timely_fraction,6,6,0.5020370370370371,0.4998975317733654,0.5041765423007087,pointwise_t95_df5
heterogeneous-periodic-hz30,manual-checked,full_publication_timely_goodput_hz,6,6,15.06111111111111,14.996925953200961,15.12529626902126,pointwise_t95_df5
heterogeneous-periodic-hz30,manual-checked,recipient_timely_goodput_hz,6,6,60.24444444444444,59.987703812803844,60.50118507608504,pointwise_t95_df5
heterogeneous-periodic-hz30,manual-checked,full_publication_p50_ms,6,6,47.74556283333333,46.925846078490814,48.56527958817585,pointwise_t95_df5
heterogeneous-periodic-hz30,manual-checked,full_publication_p99_ms,6,6,52.01940666333333,51.361534585936866,52.67727874072979,pointwise_t95_df5
heterogeneous-periodic-hz30,manual-checked,offered_publications,6,6,900,900.0,900.0,pointwise_t95_df5
heterogeneous-periodic-hz30,manual-checked,complete_correct,6,6,451.8333333333333,449.90777859602883,453.7588880706378,pointwise_t95_df5
heterogeneous-periodic-hz30,manual-checked,complete_timely,6,6,451.8333333333333,449.90777859602883,453.7588880706378,pointwise_t95_df5
heterogeneous-periodic-hz30,manual-checked,partial_publications,6,6,0,0.0,0.0,pointwise_t95_df5
heterogeneous-periodic-hz30,manual-checked,zero_correct_publications,6,6,448.1666666666667,446.2411119293622,450.09222140397117,pointwise_t95_df5
heterogeneous-periodic-hz30,manual-checked,incomplete_publications,6,6,448.1666666666667,446.2411119293622,450.09222140397117,pointwise_t95_df5
heterogeneous-periodic-hz30,manual-checked,sampled_device_peak_mib,6,6,4458.0,4458.0,4458.0,pointwise_t95_df5
heterogeneous-periodic-hz30,manual-checked,protected_byte_seconds,6,6,1119821805.9288576,1109863227.4506595,1129780384.4070556,pointwise_t95_df5
heterogeneous-periodic-hz30,manual-full,full_publication_timely_fraction,6,6,0.5,0.5,0.5,pointwise_t95_df5
heterogeneous-periodic-hz30,manual-full,full_publication_timely_goodput_hz,6,6,15.0,15.0,15.0,pointwise_t95_df5
heterogeneous-periodic-hz30,manual-full,recipient_timely_goodput_hz,6,6,60.0,60.0,60.0,pointwise_t95_df5
heterogeneous-periodic-hz30,manual-full,full_publication_p50_ms,6,6,47.94616166666667,47.24552751397862,48.646795819354715,pointwise_t95_df5
heterogeneous-periodic-hz30,manual-full,full_publication_p99_ms,6,6,52.17244133166666,51.104925245578585,53.23995741775474,pointwise_t95_df5
heterogeneous-periodic-hz30,manual-full,offered_publications,6,6,900,900.0,900.0,pointwise_t95_df5
heterogeneous-periodic-hz30,manual-full,complete_correct,6,6,450,450.0,450.0,pointwise_t95_df5
heterogeneous-periodic-hz30,manual-full,complete_timely,6,6,450,450.0,450.0,pointwise_t95_df5
heterogeneous-periodic-hz30,manual-full,partial_publications,6,6,0,0.0,0.0,pointwise_t95_df5
heterogeneous-periodic-hz30,manual-full,zero_correct_publications,6,6,450,450.0,450.0,pointwise_t95_df5
heterogeneous-periodic-hz30,manual-full,incomplete_publications,6,6,450,450.0,450.0,pointwise_t95_df5
heterogeneous-periodic-hz30,manual-full,sampled_device_peak_mib,6,6,4458.0,4458.0,4458.0,pointwise_t95_df5
heterogeneous-periodic-hz30,manual-full,protected_byte_seconds,6,6,1146621159.8364673,1145524220.4203603,1147718099.2525742,pointwise_t95_df5
homogeneous-jitter-hz30,auto-batched,full_publication_timely_fraction,6,6,0.6353703703703704,0.6329902020040404,0.6377505387367003,pointwise_t95_df5
homogeneous-jitter-hz30,auto-batched,full_publication_timely_goodput_hz,6,6,19.06111111111111,18.98970606012121,19.13251616210101,pointwise_t95_df5
homogeneous-jitter-hz30,auto-batched,recipient_timely_goodput_hz,6,6,76.31111111111112,76.04778229428047,76.57443992794177,pointwise_t95_df5
homogeneous-jitter-hz30,auto-batched,full_publication_p50_ms,6,6,74.361134,73.83090495924534,74.89136304075467,pointwise_t95_df5
homogeneous-jitter-hz30,auto-batched,full_publication_p99_ms,6,6,94.17571976833332,93.51154852033856,94.83989101632808,pointwise_t95_df5
homogeneous-jitter-hz30,auto-batched,offered_publications,6,6,900,900.0,900.0,pointwise_t95_df5
homogeneous-jitter-hz30,auto-batched,complete_correct,6,6,572.5,570.5366856930196,574.4633143069804,pointwise_t95_df5
homogeneous-jitter-hz30,auto-batched,complete_timely,6,6,571.8333333333334,569.6911818036365,573.9754848630303,pointwise_t95_df5
homogeneous-jitter-hz30,auto-batched,partial_publications,6,6,0,0.0,0.0,pointwise_t95_df5
homogeneous-jitter-hz30,auto-batched,zero_correct_publications,6,6,327.5,325.5366856930197,329.4633143069803,pointwise_t95_df5
homogeneous-jitter-hz30,auto-batched,incomplete_publications,6,6,327.5,325.5366856930197,329.4633143069803,pointwise_t95_df5
homogeneous-jitter-hz30,auto-batched,sampled_device_peak_mib,6,6,5078.0,5078.0,5078.0,pointwise_t95_df5
homogeneous-jitter-hz30,auto-batched,protected_byte_seconds,6,6,1162127519.3696256,1154903873.0569587,1169351165.6822925,pointwise_t95_df5
homogeneous-jitter-hz30,copy-in,full_publication_timely_fraction,6,6,0.6164814814814815,0.606910955002902,0.626052007960061,pointwise_t95_df5
homogeneous-jitter-hz30,copy-in,full_publication_timely_goodput_hz,6,6,18.494444444444444,18.20732865008706,18.781560238801827,pointwise_t95_df5
homogeneous-jitter-hz30,copy-in,recipient_timely_goodput_hz,6,6,76.94444444444444,76.55511990387369,77.3337689850152,pointwise_t95_df5
homogeneous-jitter-hz30,copy-in,full_publication_p50_ms,6,6,83.66908383333333,83.1206858838668,84.21748178279987,pointwise_t95_df5
homogeneous-jitter-hz30,copy-in,full_publication_p99_ms,6,6,103.53655055666665,102.44602358879078,104.62707752454253,pointwise_t95_df5
homogeneous-jitter-hz30,copy-in,offered_publications,6,6,900,900.0,900.0,pointwise_t95_df5
homogeneous-jitter-hz30,copy-in,complete_correct,6,6,584.8333333333334,583.6064956416284,586.0601710250384,pointwise_t95_df5
homogeneous-jitter-hz30,copy-in,complete_timely,6,6,554.8333333333334,546.2198595026118,563.4468071640549,pointwise_t95_df5
homogeneous-jitter-hz30,copy-in,partial_publications,6,6,0,0.0,0.0,pointwise_t95_df5
homogeneous-jitter-hz30,copy-in,zero_correct_publications,6,6,315.1666666666667,313.9398289749617,316.3935043583717,pointwise_t95_df5
homogeneous-jitter-hz30,copy-in,incomplete_publications,6,6,315.1666666666667,313.9398289749617,316.3935043583717,pointwise_t95_df5
homogeneous-jitter-hz30,copy-in,sampled_device_peak_mib,6,6,5334.0,5334.0,5334.0,pointwise_t95_df5
homogeneous-jitter-hz30,copy-in,protected_byte_seconds,6,6,1096485549.2296703,1082030507.955734,1110940590.5036066,pointwise_t95_df5
homogeneous-jitter-hz30,manual-checked,full_publication_timely_fraction,6,6,0.635,0.6325820488221339,0.6374179511778661,pointwise_t95_df5
homogeneous-jitter-hz30,manual-checked,full_publication_timely_goodput_hz,6,6,19.05,18.977461464664017,19.122538535335984,pointwise_t95_df5
homogeneous-jitter-hz30,manual-checked,recipient_timely_goodput_hz,6,6,76.21666666666667,75.93879182125737,76.49454151207597,pointwise_t95_df5
homogeneous-jitter-hz30,manual-checked,full_publication_p50_ms,6,6,74.38938158333333,73.26573371114114,75.51302945552553,pointwise_t95_df5
homogeneous-jitter-hz30,manual-checked,full_publication_p99_ms,6,6,93.64429117999998,92.98089337602332,94.30768898397665,pointwise_t95_df5
homogeneous-jitter-hz30,manual-checked,offered_publications,6,6,900,900.0,900.0,pointwise_t95_df5
homogeneous-jitter-hz30,manual-checked,complete_correct,6,6,571.6666666666666,569.6030730469106,573.7302602864227,pointwise_t95_df5
homogeneous-jitter-hz30,manual-checked,complete_timely,6,6,571.5,569.3238439399205,573.6761560600795,pointwise_t95_df5
homogeneous-jitter-hz30,manual-checked,partial_publications,6,6,0,0.0,0.0,pointwise_t95_df5
homogeneous-jitter-hz30,manual-checked,zero_correct_publications,6,6,328.3333333333333,326.26973971357734,330.3969269530893,pointwise_t95_df5
homogeneous-jitter-hz30,manual-checked,incomplete_publications,6,6,328.3333333333333,326.26973971357734,330.3969269530893,pointwise_t95_df5
homogeneous-jitter-hz30,manual-checked,sampled_device_peak_mib,6,6,5078.0,5078.0,5078.0,pointwise_t95_df5
homogeneous-jitter-hz30,manual-checked,protected_byte_seconds,6,6,1158823827.468288,1140583241.9536054,1177064412.9829705,pointwise_t95_df5
homogeneous-jitter-hz30,manual-full,full_publication_timely_fraction,6,6,0.48018518518518516,0.47611795169790333,0.484252418672467,pointwise_t95_df5
homogeneous-jitter-hz30,manual-full,full_publication_timely_goodput_hz,6,6,14.405555555555555,14.2835385509371,14.52757256017401,pointwise_t95_df5
homogeneous-jitter-hz30,manual-full,recipient_timely_goodput_hz,6,6,57.62222222222222,57.1341542037484,58.11029024069604,pointwise_t95_df5
homogeneous-jitter-hz30,manual-full,full_publication_p50_ms,6,6,65.18794241666667,64.57396088840434,65.801923944929,pointwise_t95_df5
homogeneous-jitter-hz30,manual-full,full_publication_p99_ms,6,6,71.81130965499999,71.42324584970801,72.19937346029197,pointwise_t95_df5
homogeneous-jitter-hz30,manual-full,offered_publications,6,6,900,900.0,900.0,pointwise_t95_df5
homogeneous-jitter-hz30,manual-full,complete_correct,6,6,432.1666666666667,428.506156528113,435.82717680522035,pointwise_t95_df5
homogeneous-jitter-hz30,manual-full,complete_timely,6,6,432.1666666666667,428.506156528113,435.82717680522035,pointwise_t95_df5
homogeneous-jitter-hz30,manual-full,partial_publications,6,6,0,0.0,0.0,pointwise_t95_df5
homogeneous-jitter-hz30,manual-full,zero_correct_publications,6,6,467.8333333333333,464.17282319477965,471.493843471887,pointwise_t95_df5
homogeneous-jitter-hz30,manual-full,incomplete_publications,6,6,467.8333333333333,464.17282319477965,471.493843471887,pointwise_t95_df5
homogeneous-jitter-hz30,manual-full,sampled_device_peak_mib,6,6,5078.0,5078.0,5078.0,pointwise_t95_df5
homogeneous-jitter-hz30,manual-full,protected_byte_seconds,6,6,1464331441.3682687,1451628641.7871032,1477034240.9494343,pointwise_t95_df5
homogeneous-periodic-hz30,auto-batched,full_publication_timely_fraction,6,6,0.6553703703703704,0.654223929470506,0.6565168112702348,pointwise_t95_df5
homogeneous-periodic-hz30,auto-batched,full_publication_timely_goodput_hz,6,6,19.66111111111111,19.626717884115177,19.695504338107046,pointwise_t95_df5
homogeneous-periodic-hz30,auto-batched,recipient_timely_goodput_hz,6,6,78.64444444444445,78.50687153646071,78.78201735242818,pointwise_t95_df5
homogeneous-periodic-hz30,auto-batched,full_publication_p50_ms,6,6,74.80013033333333,74.21040434831,75.38985631835665,pointwise_t95_df5
homogeneous-periodic-hz30,auto-batched,full_publication_p99_ms,6,6,93.01803827833334,92.3365095774128,93.69956697925387,pointwise_t95_df5
homogeneous-periodic-hz30,auto-batched,offered_publications,6,6,900,900.0,900.0,pointwise_t95_df5
homogeneous-periodic-hz30,auto-batched,complete_correct,6,6,589.8333333333334,588.8015365234554,590.8651301432113,pointwise_t95_df5
homogeneous-periodic-hz30,auto-batched,complete_timely,6,6,589.8333333333334,588.8015365234554,590.8651301432113,pointwise_t95_df5
homogeneous-periodic-hz30,auto-batched,partial_publications,6,6,0,0.0,0.0,pointwise_t95_df5
homogeneous-periodic-hz30,auto-batched,zero_correct_publications,6,6,310.1666666666667,309.13486985678867,311.1984634765447,pointwise_t95_df5
homogeneous-periodic-hz30,auto-batched,incomplete_publications,6,6,310.1666666666667,309.13486985678867,311.1984634765447,pointwise_t95_df5
homogeneous-periodic-hz30,auto-batched,sampled_device_peak_mib,6,6,5078.0,5078.0,5078.0,pointwise_t95_df5
homogeneous-periodic-hz30,auto-batched,protected_byte_seconds,6,6,1262897570.4551425,1257332821.5729122,1268462319.3373728,pointwise_t95_df5
homogeneous-periodic-hz30,copy-in,full_publication_timely_fraction,6,6,0.6333333333333333,0.6268201905840027,0.6398464760826639,pointwise_t95_df5
homogeneous-periodic-hz30,copy-in,full_publication_timely_goodput_hz,6,6,19.0,18.804605717520083,19.195394282479917,pointwise_t95_df5
homogeneous-periodic-hz30,copy-in,recipient_timely_goodput_hz,6,6,77.97777777777777,77.77181411964082,78.18374143591473,pointwise_t95_df5
homogeneous-periodic-hz30,copy-in,full_publication_p50_ms,6,6,83.87470775,83.17920779640978,84.57020770359021,pointwise_t95_df5
homogeneous-periodic-hz30,copy-in,full_publication_p99_ms,6,6,102.37616895000001,101.1404203507965,103.61191754920351,pointwise_t95_df5
homogeneous-periodic-hz30,copy-in,offered_publications,6,6,900,900.0,900.0,pointwise_t95_df5
homogeneous-periodic-hz30,copy-in,complete_correct,6,6,590,588.8504008547582,591.1495991452418,pointwise_t95_df5
homogeneous-periodic-hz30,copy-in,complete_timely,6,6,570,564.1381715256025,575.8618284743975,pointwise_t95_df5
homogeneous-periodic-hz30,copy-in,partial_publications,6,6,0,0.0,0.0,pointwise_t95_df5
homogeneous-periodic-hz30,copy-in,zero_correct_publications,6,6,310,308.8504008547582,311.1495991452418,pointwise_t95_df5
homogeneous-periodic-hz30,copy-in,incomplete_publications,6,6,310,308.8504008547582,311.1495991452418,pointwise_t95_df5
homogeneous-periodic-hz30,copy-in,sampled_device_peak_mib,6,6,5334.0,5334.0,5334.0,pointwise_t95_df5
homogeneous-periodic-hz30,copy-in,protected_byte_seconds,6,6,1159224602.0272126,1153267324.752817,1165181879.3016083,pointwise_t95_df5
homogeneous-periodic-hz30,manual-checked,full_publication_timely_fraction,6,6,0.6544444444444445,0.6537069762489273,0.6551819126399617,pointwise_t95_df5
homogeneous-periodic-hz30,manual-checked,full_publication_timely_goodput_hz,6,6,19.633333333333333,19.611209287467815,19.65545737919885,pointwise_t95_df5
homogeneous-periodic-hz30,manual-checked,recipient_timely_goodput_hz,6,6,78.55,78.45167858952483,78.64832141047516,pointwise_t95_df5
homogeneous-periodic-hz30,manual-checked,full_publication_p50_ms,6,6,75.13103358333333,74.51244956130405,75.74961760536262,pointwise_t95_df5
homogeneous-periodic-hz30,manual-checked,full_publication_p99_ms,6,6,93.00023309333334,92.01530691756389,93.98515926910278,pointwise_t95_df5
homogeneous-periodic-hz30,manual-checked,offered_publications,6,6,900,900.0,900.0,pointwise_t95_df5
homogeneous-periodic-hz30,manual-checked,complete_correct,6,6,589.1666666666666,588.3766802161747,589.9566531171586,pointwise_t95_df5
homogeneous-periodic-hz30,manual-checked,complete_timely,6,6,589,588.3362786240344,589.6637213759656,pointwise_t95_df5
homogeneous-periodic-hz30,manual-checked,partial_publications,6,6,0,0.0,0.0,pointwise_t95_df5
homogeneous-periodic-hz30,manual-checked,zero_correct_publications,6,6,310.8333333333333,310.0433468828414,311.62331978382525,pointwise_t95_df5
homogeneous-periodic-hz30,manual-checked,incomplete_publications,6,6,310.8333333333333,310.0433468828414,311.62331978382525,pointwise_t95_df5
homogeneous-periodic-hz30,manual-checked,sampled_device_peak_mib,6,6,5078.0,5078.0,5078.0,pointwise_t95_df5
homogeneous-periodic-hz30,manual-checked,protected_byte_seconds,6,6,1268401797.5980031,1259196306.0213037,1277607289.1747026,pointwise_t95_df5
homogeneous-periodic-hz30,manual-full,full_publication_timely_fraction,6,6,0.5,0.5,0.5,pointwise_t95_df5
homogeneous-periodic-hz30,manual-full,full_publication_timely_goodput_hz,6,6,15.0,15.0,15.0,pointwise_t95_df5
homogeneous-periodic-hz30,manual-full,recipient_timely_goodput_hz,6,6,60.0,60.0,60.0,pointwise_t95_df5
homogeneous-periodic-hz30,manual-full,full_publication_p50_ms,6,6,65.25700066666667,64.50375735874566,66.01024397458768,pointwise_t95_df5
homogeneous-periodic-hz30,manual-full,full_publication_p99_ms,6,6,68.94640914,68.54830953577441,69.34450874422559,pointwise_t95_df5
homogeneous-periodic-hz30,manual-full,offered_publications,6,6,900,900.0,900.0,pointwise_t95_df5
homogeneous-periodic-hz30,manual-full,complete_correct,6,6,450,450.0,450.0,pointwise_t95_df5
homogeneous-periodic-hz30,manual-full,complete_timely,6,6,450,450.0,450.0,pointwise_t95_df5
homogeneous-periodic-hz30,manual-full,partial_publications,6,6,0,0.0,0.0,pointwise_t95_df5
homogeneous-periodic-hz30,manual-full,zero_correct_publications,6,6,450,450.0,450.0,pointwise_t95_df5
homogeneous-periodic-hz30,manual-full,incomplete_publications,6,6,450,450.0,450.0,pointwise_t95_df5
homogeneous-periodic-hz30,manual-full,sampled_device_peak_mib,6,6,5078.0,5078.0,5078.0,pointwise_t95_df5
homogeneous-periodic-hz30,manual-full,protected_byte_seconds,6,6,1523759868.6437376,1520974633.5262253,1526545103.7612498,pointwise_t95_df5
late-periodic-hz30,auto-batched,full_publication_timely_fraction,6,6,0.5,0.5,0.5,pointwise_t95_df5
late-periodic-hz30,auto-batched,full_publication_timely_goodput_hz,6,6,15.0,15.0,15.0,pointwise_t95_df5
late-periodic-hz30,auto-batched,recipient_timely_goodput_hz,6,6,60.0,60.0,60.0,pointwise_t95_df5
late-periodic-hz30,auto-batched,full_publication_p50_ms,6,6,65.18839233333333,64.28907223262172,66.08771243404493,pointwise_t95_df5
late-periodic-hz30,auto-batched,full_publication_p99_ms,6,6,69.575248605,69.06338374669134,70.08711346330865,pointwise_t95_df5
late-periodic-hz30,auto-batched,offered_publications,6,6,900,900.0,900.0,pointwise_t95_df5
late-periodic-hz30,auto-batched,complete_correct,6,6,450,450.0,450.0,pointwise_t95_df5
late-periodic-hz30,auto-batched,complete_timely,6,6,450,450.0,450.0,pointwise_t95_df5
late-periodic-hz30,auto-batched,partial_publications,6,6,0,0.0,0.0,pointwise_t95_df5
late-periodic-hz30,auto-batched,zero_correct_publications,6,6,450,450.0,450.0,pointwise_t95_df5
late-periodic-hz30,auto-batched,incomplete_publications,6,6,450,450.0,450.0,pointwise_t95_df5
late-periodic-hz30,auto-batched,sampled_device_peak_mib,6,6,5078.0,5078.0,5078.0,pointwise_t95_df5
late-periodic-hz30,auto-batched,protected_byte_seconds,6,6,1539424870.2111745,1537382218.2886436,1541467522.1337054,pointwise_t95_df5
late-periodic-hz30,manual-checked,full_publication_timely_fraction,6,6,0.4998148148148148,0.49933878114154884,0.5002908484880808,pointwise_t95_df5
late-periodic-hz30,manual-checked,full_publication_timely_goodput_hz,6,6,14.994444444444444,14.980163434246464,15.008725454642423,pointwise_t95_df5
late-periodic-hz30,manual-checked,recipient_timely_goodput_hz,6,6,59.98888888888889,59.96032686849293,60.01745090928485,pointwise_t95_df5
late-periodic-hz30,manual-checked,full_publication_p50_ms,6,6,65.910508,65.70996516552823,66.11105083447175,pointwise_t95_df5
late-periodic-hz30,manual-checked,full_publication_p99_ms,6,6,69.24665823000001,68.92172622191909,69.57159023808093,pointwise_t95_df5
late-periodic-hz30,manual-checked,offered_publications,6,6,900,900.0,900.0,pointwise_t95_df5
late-periodic-hz30,manual-checked,complete_correct,6,6,450,450.0,450.0,pointwise_t95_df5
late-periodic-hz30,manual-checked,complete_timely,6,6,449.8333333333333,449.4049030273939,450.2617636392727,pointwise_t95_df5
late-periodic-hz30,manual-checked,partial_publications,6,6,0,0.0,0.0,pointwise_t95_df5
late-periodic-hz30,manual-checked,zero_correct_publications,6,6,450,450.0,450.0,pointwise_t95_df5
late-periodic-hz30,manual-checked,incomplete_publications,6,6,450,450.0,450.0,pointwise_t95_df5
late-periodic-hz30,manual-checked,sampled_device_peak_mib,6,6,5078.0,5078.0,5078.0,pointwise_t95_df5
late-periodic-hz30,manual-checked,protected_byte_seconds,6,6,1541229989.0429952,1540748328.0734208,1541711650.0125697,pointwise_t95_df5
