condition,a_method,b_method,metric,n,mean,sd,ci95_low,ci95_high
base-r1-hz10,copy-in,auto-batched,receipt_capacity_hz,6,0.0,0.0,0.0,0.0
base-r1-hz10,copy-in,auto-batched,cohort_delivered_hz,6,0.0,0.0,0.0,0.0
base-r1-hz10,copy-in,auto-batched,mean_age_ms,6,1.5234695173611026,0.45970368619435115,1.0410400852771926,2.0058989494450126
base-r1-hz10,copy-in,auto-batched,p50_latency_ms,6,1.4808560833333335,0.26414279384632433,1.2036552214493041,1.7580569452173629
base-r1-hz10,copy-in,auto-batched,p99_latency_ms,6,0.7020658550000031,0.13021114021718574,0.5654176437445955,0.8387140662554107
base-r1-hz10,copy-in,auto-batched,device_peak_mib,6,256.0,0.0,256.0,256.0
base-r1-hz10,copy-in,auto-batched,protected_mib,6,-7.161551684296875,0.25256046027504864,-7.426597632538044,-6.8965057360557065
base-r1-hz10,copy-in,auto-batched,private_copy_mean_mib,6,127.2710170170703,0.1582523378063102,127.10494137367951,127.4370926604611
base-r1-hz10,copy-in,auto-batched,private_copy_peak_mib,6,253.125,0.0,253.125,253.125
base-r1-hz10,copy-in,auto-batched,copy_p50_device_ms,6,0.10222933068871498,0.0007708394573307289,0.10142038428955404,0.10303827708787593
base-r1-hz10,copy-in,auto-batched,copy_p99_device_ms,6,0.7728981242080527,0.3456961559725897,0.4101122575553774,1.135683990860728
base-r1-hz10,copy-in,auto-batched,summed_consumer_allocated_peaks_mib,6,192.0,0.0,192.0,192.0
base-r1-hz10,copy-in,auto-batched,summed_consumer_reserved_peaks_mib,6,256.0,0.0,256.0,256.0
base-r1-hz10,copy-in,auto-batched,timely_50ms_hz,6,-3.9222222222222225,1.2281271498897404,-5.211062623640389,-2.633381820804056
base-r1-hz10,copy-in,auto-batched,timely_75ms_hz,6,0.0,0.0,0.0,0.0
base-r1-hz10,copy-in,auto-batched,timely_100ms_hz,6,0.0,0.0,0.0,0.0
base-r1-hz10,copy-in,auto-batched,timely_150ms_hz,6,0.0,0.0,0.0,0.0
base-r1-hz10,copy-in,auto-batched,arrivals,6,0,0.0,0.0,0.0
base-r1-hz10,copy-in,auto-batched,publications,6,0,0.0,0.0,0.0
base-r1-hz10,copy-in,auto-batched,timely,6,0,0.0,0.0,0.0
base-r1-hz10,copy-in,auto-batched,correct_late,6,0,0.0,0.0,0.0
base-r1-hz10,copy-in,auto-batched,producer_late,6,0,0.0,0.0,0.0
base-r1-hz10,copy-in,auto-batched,pool_exhausted,6,0,0.0,0.0,0.0
base-r1-hz10,copy-in,auto-batched,credit_exhausted,6,0,0.0,0.0,0.0
base-r1-hz10,copy-in,auto-batched,queue_loss,6,0,0.0,0.0,0.0
base-r1-hz10,copy-in,auto-batched,peak_outstanding,6,0,0.0,0.0,0.0
base-r1-hz10,copy-in,manual-full,receipt_capacity_hz,6,0.0,0.0,0.0,0.0
base-r1-hz10,copy-in,manual-full,cohort_delivered_hz,6,0.0,0.0,0.0,0.0
base-r1-hz10,copy-in,manual-full,mean_age_ms,6,1.3995903779166572,0.6666118111066356,0.7000241853657466,2.0991565704675677
base-r1-hz10,copy-in,manual-full,p50_latency_ms,6,1.4806628333333325,0.39761038863863557,1.0633963207030566,1.8979293459636084
base-r1-hz10,copy-in,manual-full,p99_latency_ms,6,1.101521698333336,0.7922201093216962,0.27013768096885815,1.9329057156978138
base-r1-hz10,copy-in,manual-full,device_peak_mib,6,256.0,0.0,256.0,256.0
base-r1-hz10,copy-in,manual-full,protected_mib,6,-27.176876367890625,0.07881401872387513,-27.25958660806289,-27.09416612771836
base-r1-hz10,copy-in,manual-full,private_copy_mean_mib,6,127.2710170170703,0.1582523378063102,127.10494137367951,127.4370926604611
base-r1-hz10,copy-in,manual-full,private_copy_peak_mib,6,253.125,0.0,253.125,253.125
base-r1-hz10,copy-in,manual-full,copy_p50_device_ms,6,0.10222933068871498,0.0007708394573307289,0.10142038428955404,0.10303827708787593
base-r1-hz10,copy-in,manual-full,copy_p99_device_ms,6,0.7728981242080527,0.3456961559725897,0.4101122575553774,1.135683990860728
base-r1-hz10,copy-in,manual-full,summed_consumer_allocated_peaks_mib,6,256.0,0.0,256.0,256.0
base-r1-hz10,copy-in,manual-full,summed_consumer_reserved_peaks_mib,6,256.0,0.0,256.0,256.0
base-r1-hz10,copy-in,manual-full,timely_50ms_hz,6,-3.4166666666666665,1.641103964477029,-5.138899655763447,-1.6944336775698852
base-r1-hz10,copy-in,manual-full,timely_75ms_hz,6,0.0,0.0,0.0,0.0
base-r1-hz10,copy-in,manual-full,timely_100ms_hz,6,0.0,0.0,0.0,0.0
base-r1-hz10,copy-in,manual-full,timely_150ms_hz,6,0.0,0.0,0.0,0.0
base-r1-hz10,copy-in,manual-full,arrivals,6,0,0.0,0.0,0.0
base-r1-hz10,copy-in,manual-full,publications,6,0,0.0,0.0,0.0
base-r1-hz10,copy-in,manual-full,timely,6,0,0.0,0.0,0.0
base-r1-hz10,copy-in,manual-full,correct_late,6,0,0.0,0.0,0.0
base-r1-hz10,copy-in,manual-full,producer_late,6,0,0.0,0.0,0.0
base-r1-hz10,copy-in,manual-full,pool_exhausted,6,0,0.0,0.0,0.0
base-r1-hz10,copy-in,manual-full,credit_exhausted,6,0,0.0,0.0,0.0
base-r1-hz10,copy-in,manual-full,queue_loss,6,0,0.0,0.0,0.0
base-r1-hz10,copy-in,manual-full,peak_outstanding,6,0,0.0,0.0,0.0
base-r1-hz10,auto-batched,manual-full,receipt_capacity_hz,6,0.0,0.0,0.0,0.0
base-r1-hz10,auto-batched,manual-full,cohort_delivered_hz,6,0.0,0.0,0.0,0.0
base-r1-hz10,auto-batched,manual-full,mean_age_ms,6,-0.12387913944444524,0.7297007995490973,-0.8896531649518608,0.6418948860629702
base-r1-hz10,auto-batched,manual-full,p50_latency_ms,6,-0.0001932500000011809,0.5650545935613441,-0.5931816789702135,0.5927951789702112
base-r1-hz10,auto-batched,manual-full,p99_latency_ms,6,0.3994558433333329,0.7516789922308114,-0.3893828808747743,1.18829456754144
base-r1-hz10,auto-batched,manual-full,device_peak_mib,6,0.0,0.0,0.0,0.0
base-r1-hz10,auto-batched,manual-full,protected_mib,6,-20.01532468359375,0.19742303966844796,-20.222507457558418,-19.808141909629082
base-r1-hz10,auto-batched,manual-full,private_copy_mean_mib,6,0.0,0.0,0.0,0.0
base-r1-hz10,auto-batched,manual-full,private_copy_peak_mib,6,0.0,0.0,0.0,0.0
base-r1-hz10,auto-batched,manual-full,copy_p50_device_ms,6,0,0.0,0.0,0.0
base-r1-hz10,auto-batched,manual-full,copy_p99_device_ms,6,0,0.0,0.0,0.0
base-r1-hz10,auto-batched,manual-full,summed_consumer_allocated_peaks_mib,6,64.0,0.0,64.0,64.0
base-r1-hz10,auto-batched,manual-full,summed_consumer_reserved_peaks_mib,6,0.0,0.0,0.0,0.0
base-r1-hz10,auto-batched,manual-full,timely_50ms_hz,6,0.5055555555555556,2.0456367296344746,-1.6412085348031202,2.6523196459142313
base-r1-hz10,auto-batched,manual-full,timely_75ms_hz,6,0.0,0.0,0.0,0.0
base-r1-hz10,auto-batched,manual-full,timely_100ms_hz,6,0.0,0.0,0.0,0.0
base-r1-hz10,auto-batched,manual-full,timely_150ms_hz,6,0.0,0.0,0.0,0.0
base-r1-hz10,auto-batched,manual-full,arrivals,6,0,0.0,0.0,0.0
base-r1-hz10,auto-batched,manual-full,publications,6,0,0.0,0.0,0.0
base-r1-hz10,auto-batched,manual-full,timely,6,0,0.0,0.0,0.0
base-r1-hz10,auto-batched,manual-full,correct_late,6,0,0.0,0.0,0.0
base-r1-hz10,auto-batched,manual-full,producer_late,6,0,0.0,0.0,0.0
base-r1-hz10,auto-batched,manual-full,pool_exhausted,6,0,0.0,0.0,0.0
base-r1-hz10,auto-batched,manual-full,credit_exhausted,6,0,0.0,0.0,0.0
base-r1-hz10,auto-batched,manual-full,queue_loss,6,0,0.0,0.0,0.0
base-r1-hz10,auto-batched,manual-full,peak_outstanding,6,0,0.0,0.0,0.0
base-r1-hz10,auto-batched,manual-early,receipt_capacity_hz,6,0.0,0.0,0.0,0.0
base-r1-hz10,auto-batched,manual-early,cohort_delivered_hz,6,0.0,0.0,0.0,0.0
base-r1-hz10,auto-batched,manual-early,mean_age_ms,6,0.0067640793055616655,1.213222080113526,-1.2664344106743088,1.2799625692854322
base-r1-hz10,auto-batched,manual-early,p50_latency_ms,6,0.14264458333333488,0.8341648144151991,-0.7327577024611913,1.018046869127861
base-r1-hz10,auto-batched,manual-early,p99_latency_ms,6,0.27999117166666093,0.5822483884778018,-0.33104103847394434,0.8910233818072661
base-r1-hz10,auto-batched,manual-early,device_peak_mib,6,0.0,0.0,0.0,0.0
base-r1-hz10,auto-batched,manual-early,protected_mib,6,0.17659878714843766,0.4079194441714196,-0.2514864157716088,0.6046839900684841
base-r1-hz10,auto-batched,manual-early,private_copy_mean_mib,6,0.0,0.0,0.0,0.0
base-r1-hz10,auto-batched,manual-early,private_copy_peak_mib,6,0.0,0.0,0.0,0.0
base-r1-hz10,auto-batched,manual-early,copy_p50_device_ms,6,0,0.0,0.0,0.0
base-r1-hz10,auto-batched,manual-early,copy_p99_device_ms,6,0,0.0,0.0,0.0
base-r1-hz10,auto-batched,manual-early,summed_consumer_allocated_peaks_mib,6,0.0,0.0,0.0,0.0
base-r1-hz10,auto-batched,manual-early,summed_consumer_reserved_peaks_mib,6,0.0,0.0,0.0,0.0
base-r1-hz10,auto-batched,manual-early,timely_50ms_hz,6,0.2111111111111111,2.989958503366201,-2.926657904131426,3.3488801263536483
base-r1-hz10,auto-batched,manual-early,timely_75ms_hz,6,0.0,0.0,0.0,0.0
base-r1-hz10,auto-batched,manual-early,timely_100ms_hz,6,0.0,0.0,0.0,0.0
base-r1-hz10,auto-batched,manual-early,timely_150ms_hz,6,0.0,0.0,0.0,0.0
base-r1-hz10,auto-batched,manual-early,arrivals,6,0,0.0,0.0,0.0
base-r1-hz10,auto-batched,manual-early,publications,6,0,0.0,0.0,0.0
base-r1-hz10,auto-batched,manual-early,timely,6,0,0.0,0.0,0.0
base-r1-hz10,auto-batched,manual-early,correct_late,6,0,0.0,0.0,0.0
base-r1-hz10,auto-batched,manual-early,producer_late,6,0,0.0,0.0,0.0
base-r1-hz10,auto-batched,manual-early,pool_exhausted,6,0,0.0,0.0,0.0
base-r1-hz10,auto-batched,manual-early,credit_exhausted,6,0,0.0,0.0,0.0
base-r1-hz10,auto-batched,manual-early,queue_loss,6,0,0.0,0.0,0.0
base-r1-hz10,auto-batched,manual-early,peak_outstanding,6,0,0.0,0.0,0.0
base-r1-hz15,copy-in,auto-batched,receipt_capacity_hz,6,0.01111111111111048,0.01721325931647643,-0.006953096694371408,0.02917531891659237
base-r1-hz15,copy-in,auto-batched,cohort_delivered_hz,6,0.0,0.0,0.0,0.0
base-r1-hz15,copy-in,auto-batched,mean_age_ms,6,1.722590742187272,0.6576309998336559,1.0324493330614057,2.412732151313138
base-r1-hz15,copy-in,auto-batched,p50_latency_ms,6,1.7896415000000019,0.5386691406552808,1.2243429056842094,2.3549400943157943
base-r1-hz15,copy-in,auto-batched,p99_latency_ms,6,1.0221629450000027,0.6967615149911272,0.29095657866039637,1.753369311339609
base-r1-hz15,copy-in,auto-batched,device_peak_mib,6,256.0,0.0,256.0,256.0
base-r1-hz15,copy-in,auto-batched,protected_mib,6,-10.442286248554687,0.3340514691164151,-10.792851765805064,-10.09172073130431
base-r1-hz15,copy-in,auto-batched,private_copy_mean_mib,6,191.0037387301172,0.09716618291815635,190.90176907477021,191.10570838546417
base-r1-hz15,copy-in,auto-batched,private_copy_peak_mib,6,253.125,0.0,253.125,253.125
base-r1-hz15,copy-in,auto-batched,copy_p50_device_ms,6,0.10205866396427155,0.0005287915052169573,0.10150373131262264,0.10261359661592045
base-r1-hz15,copy-in,auto-batched,copy_p99_device_ms,6,0.6767086976766586,0.4496765448682284,0.2048021050666558,1.1486152902866615
base-r1-hz15,copy-in,auto-batched,summed_consumer_allocated_peaks_mib,6,192.0,0.0,192.0,192.0
base-r1-hz15,copy-in,auto-batched,summed_consumer_reserved_peaks_mib,6,256.0,0.0,256.0,256.0
base-r1-hz15,copy-in,auto-batched,timely_50ms_hz,6,-6.294444444444444,2.148427504185501,-8.54908083706948,-4.039808051819408
base-r1-hz15,copy-in,auto-batched,timely_75ms_hz,6,-0.016666666666666902,0.027888667551136816,-0.04593402834404044,0.012600695010706629
base-r1-hz15,copy-in,auto-batched,timely_100ms_hz,6,0.0,0.0,0.0,0.0
base-r1-hz15,copy-in,auto-batched,timely_150ms_hz,6,0.0,0.0,0.0,0.0
base-r1-hz15,copy-in,auto-batched,arrivals,6,0,0.0,0.0,0.0
base-r1-hz15,copy-in,auto-batched,publications,6,0,0.0,0.0,0.0
base-r1-hz15,copy-in,auto-batched,timely,6,0,0.0,0.0,0.0
base-r1-hz15,copy-in,auto-batched,correct_late,6,0,0.0,0.0,0.0
base-r1-hz15,copy-in,auto-batched,producer_late,6,0,0.0,0.0,0.0
base-r1-hz15,copy-in,auto-batched,pool_exhausted,6,0,0.0,0.0,0.0
base-r1-hz15,copy-in,auto-batched,credit_exhausted,6,0,0.0,0.0,0.0
base-r1-hz15,copy-in,auto-batched,queue_loss,6,0,0.0,0.0,0.0
base-r1-hz15,copy-in,auto-batched,peak_outstanding,6,0,1.2649110640673518,-1.3274427519310268,1.3274427519310268
base-r1-hz15,copy-in,manual-full,receipt_capacity_hz,6,0.01111111111111048,0.03442651863295286,-0.025017304499853295,0.04723952672207426
base-r1-hz15,copy-in,manual-full,cohort_delivered_hz,6,0.0,0.0,0.0,0.0
base-r1-hz15,copy-in,manual-full,mean_age_ms,6,1.6846246670491187,0.23186344740240286,1.4412989017558901,1.9279504323423473
base-r1-hz15,copy-in,manual-full,p50_latency_ms,6,1.928582916666669,0.18577747488848542,1.733621413428812,2.123544419904526
base-r1-hz15,copy-in,manual-full,p99_latency_ms,6,1.2430829916666681,0.9266907065155984,0.2705807370888129,2.2155852462445234
base-r1-hz15,copy-in,manual-full,device_peak_mib,6,256.0,0.0,256.0,256.0
base-r1-hz15,copy-in,manual-full,protected_mib,6,-40.50756027773437,0.14212308174373214,-40.65670930496809,-40.35841125050065
base-r1-hz15,copy-in,manual-full,private_copy_mean_mib,6,191.0037387301172,0.09716618291815635,190.90176907477021,191.10570838546417
base-r1-hz15,copy-in,manual-full,private_copy_peak_mib,6,253.125,0.0,253.125,253.125
base-r1-hz15,copy-in,manual-full,copy_p50_device_ms,6,0.10205866396427155,0.0005287915052169573,0.10150373131262264,0.10261359661592045
base-r1-hz15,copy-in,manual-full,copy_p99_device_ms,6,0.6767086976766586,0.4496765448682284,0.2048021050666558,1.1486152902866615
base-r1-hz15,copy-in,manual-full,summed_consumer_allocated_peaks_mib,6,256.0,0.0,256.0,256.0
base-r1-hz15,copy-in,manual-full,summed_consumer_reserved_peaks_mib,6,256.0,0.0,256.0,256.0
base-r1-hz15,copy-in,manual-full,timely_50ms_hz,6,-5.433333333333334,0.9531235200352811,-6.433575124481468,-4.433091542185199
base-r1-hz15,copy-in,manual-full,timely_75ms_hz,6,-0.016666666666666902,0.027888667551136816,-0.04593402834404044,0.012600695010706629
base-r1-hz15,copy-in,manual-full,timely_100ms_hz,6,0.0,0.0,0.0,0.0
base-r1-hz15,copy-in,manual-full,timely_150ms_hz,6,0.0,0.0,0.0,0.0
base-r1-hz15,copy-in,manual-full,arrivals,6,0,0.0,0.0,0.0
base-r1-hz15,copy-in,manual-full,publications,6,0,0.0,0.0,0.0
base-r1-hz15,copy-in,manual-full,timely,6,0,0.0,0.0,0.0
base-r1-hz15,copy-in,manual-full,correct_late,6,0,0.0,0.0,0.0
base-r1-hz15,copy-in,manual-full,producer_late,6,0,0.0,0.0,0.0
base-r1-hz15,copy-in,manual-full,pool_exhausted,6,0,0.0,0.0,0.0
base-r1-hz15,copy-in,manual-full,credit_exhausted,6,0,0.0,0.0,0.0
base-r1-hz15,copy-in,manual-full,queue_loss,6,0,0.0,0.0,0.0
base-r1-hz15,copy-in,manual-full,peak_outstanding,6,0.6666666666666666,0.5163977794943222,0.12474043250217914,1.208592900831154
base-r1-hz15,auto-batched,manual-full,receipt_capacity_hz,6,0.0,0.029814239699995502,-0.03128812571757693,0.03128812571757693
base-r1-hz15,auto-batched,manual-full,cohort_delivered_hz,6,0.0,0.0,0.0,0.0
base-r1-hz15,auto-batched,manual-full,mean_age_ms,6,-0.03796607513815312,0.8229306688790928,-0.9015788482233111,0.825646697947005
base-r1-hz15,auto-batched,manual-full,p50_latency_ms,6,0.13894141666666707,0.5073160426640783,-0.3934541191960065,0.6713369525293406
base-r1-hz15,auto-batched,manual-full,p99_latency_ms,6,0.22092004666666534,0.729870801568685,-0.5450323850189598,0.9868724783522904
base-r1-hz15,auto-batched,manual-full,device_peak_mib,6,0.0,0.0,0.0,0.0
base-r1-hz15,auto-batched,manual-full,protected_mib,6,-30.065274029179687,0.3085187151021766,-30.389044564382825,-29.74150349397655
base-r1-hz15,auto-batched,manual-full,private_copy_mean_mib,6,0.0,0.0,0.0,0.0
base-r1-hz15,auto-batched,manual-full,private_copy_peak_mib,6,0.0,0.0,0.0,0.0
base-r1-hz15,auto-batched,manual-full,copy_p50_device_ms,6,0,0.0,0.0,0.0
base-r1-hz15,auto-batched,manual-full,copy_p99_device_ms,6,0,0.0,0.0,0.0
base-r1-hz15,auto-batched,manual-full,summed_consumer_allocated_peaks_mib,6,64.0,0.0,64.0,64.0
base-r1-hz15,auto-batched,manual-full,summed_consumer_reserved_peaks_mib,6,0.0,0.0,0.0,0.0
base-r1-hz15,auto-batched,manual-full,timely_50ms_hz,6,0.8611111111111113,2.7502255799735305,-2.0250736302667045,3.747295852488927
base-r1-hz15,auto-batched,manual-full,timely_75ms_hz,6,0.0,0.021081851067787996,-0.022124045865515852,0.022124045865515852
base-r1-hz15,auto-batched,manual-full,timely_100ms_hz,6,0.0,0.0,0.0,0.0
base-r1-hz15,auto-batched,manual-full,timely_150ms_hz,6,0.0,0.0,0.0,0.0
base-r1-hz15,auto-batched,manual-full,arrivals,6,0,0.0,0.0,0.0
base-r1-hz15,auto-batched,manual-full,publications,6,0,0.0,0.0,0.0
base-r1-hz15,auto-batched,manual-full,timely,6,0,0.0,0.0,0.0
base-r1-hz15,auto-batched,manual-full,correct_late,6,0,0.0,0.0,0.0
base-r1-hz15,auto-batched,manual-full,producer_late,6,0,0.0,0.0,0.0
base-r1-hz15,auto-batched,manual-full,pool_exhausted,6,0,0.0,0.0,0.0
base-r1-hz15,auto-batched,manual-full,credit_exhausted,6,0,0.0,0.0,0.0
base-r1-hz15,auto-batched,manual-full,queue_loss,6,0,0.0,0.0,0.0
base-r1-hz15,auto-batched,manual-full,peak_outstanding,6,0.6666666666666666,1.0327955589886444,-0.41718580166230834,1.7505191349956415
base-r1-hz15,auto-batched,manual-early,receipt_capacity_hz,6,0.01111111111111048,0.02721655269758932,-0.01745090928484684,0.0396731315070678
base-r1-hz15,auto-batched,manual-early,cohort_delivered_hz,6,0.0,0.0,0.0,0.0
base-r1-hz15,auto-batched,manual-early,mean_age_ms,6,0.14122168565651094,0.7335830463459254,-0.628626508002368,0.9110698793153899
base-r1-hz15,auto-batched,manual-early,p50_latency_ms,6,0.1575199999999993,0.4170132937740702,-0.28010861279692245,0.5951486127969211
base-r1-hz15,auto-batched,manual-early,p99_latency_ms,6,0.32921726000000007,0.5993244423742633,-0.2997351696883366,0.9581696896883367
base-r1-hz15,auto-batched,manual-early,device_peak_mib,6,0.0,0.0,0.0,0.0
base-r1-hz15,auto-batched,manual-early,protected_mib,6,0.03982439074218765,0.28032432573330446,-0.25435794741215195,0.3340067288965272
base-r1-hz15,auto-batched,manual-early,private_copy_mean_mib,6,0.0,0.0,0.0,0.0
base-r1-hz15,auto-batched,manual-early,private_copy_peak_mib,6,0.0,0.0,0.0,0.0
base-r1-hz15,auto-batched,manual-early,copy_p50_device_ms,6,0,0.0,0.0,0.0
base-r1-hz15,auto-batched,manual-early,copy_p99_device_ms,6,0,0.0,0.0,0.0
base-r1-hz15,auto-batched,manual-early,summed_consumer_allocated_peaks_mib,6,0.0,0.0,0.0,0.0
base-r1-hz15,auto-batched,manual-early,summed_consumer_reserved_peaks_mib,6,0.0,0.0,0.0,0.0
base-r1-hz15,auto-batched,manual-early,timely_50ms_hz,6,-0.4166666666666666,2.6638943923011165,-3.2122523828665024,2.3789190495331693
base-r1-hz15,auto-batched,manual-early,timely_75ms_hz,6,0.03888888888888905,0.11238162496435744,-0.07904839361813149,0.1568261713959096
base-r1-hz15,auto-batched,manual-early,timely_100ms_hz,6,0.016666666666666902,0.04082482904638688,-0.026176363927272118,0.059509697260605926
base-r1-hz15,auto-batched,manual-early,timely_150ms_hz,6,0.0,0.0,0.0,0.0
base-r1-hz15,auto-batched,manual-early,arrivals,6,0,0.0,0.0,0.0
base-r1-hz15,auto-batched,manual-early,publications,6,0,0.0,0.0,0.0
base-r1-hz15,auto-batched,manual-early,timely,6,0.5,1.224744871391589,-0.7852909178181524,1.7852909178181524
base-r1-hz15,auto-batched,manual-early,correct_late,6,-0.5,1.224744871391589,-1.7852909178181524,0.7852909178181524
base-r1-hz15,auto-batched,manual-early,producer_late,6,0,0.0,0.0,0.0
base-r1-hz15,auto-batched,manual-early,pool_exhausted,6,0,0.0,0.0,0.0
base-r1-hz15,auto-batched,manual-early,credit_exhausted,6,0,0.0,0.0,0.0
base-r1-hz15,auto-batched,manual-early,queue_loss,6,0,0.0,0.0,0.0
base-r1-hz15,auto-batched,manual-early,peak_outstanding,6,0.3333333333333333,0.816496580927726,-0.523527278545435,1.1901939452121015
base-r1-hz20,copy-in,auto-batched,receipt_capacity_hz,6,0.06111111111111237,0.10835469874786338,-0.05260017150508783,0.17482239372731256
base-r1-hz20,copy-in,auto-batched,cohort_delivered_hz,6,0.06666666666666761,0.11155467020454046,-0.05040278004281937,0.1837361133761546
base-r1-hz20,copy-in,auto-batched,mean_age_ms,6,5.337095093819433,0.5609299305509623,4.748435233214876,5.92575495442399
base-r1-hz20,copy-in,auto-batched,p50_latency_ms,6,5.251342749999999,0.7513222935045134,4.462878358147974,6.039807141852024
base-r1-hz20,copy-in,auto-batched,p99_latency_ms,6,9.903348395,1.0778426215885673,8.77222193370604,11.03447485629396
base-r1-hz20,copy-in,auto-batched,device_peak_mib,6,256.0,0.0,256.0,256.0
base-r1-hz20,copy-in,auto-batched,protected_mib,6,-6.313938553476562,0.20466048013748747,-6.528716555411065,-6.099160551542059
base-r1-hz20,copy-in,auto-batched,private_copy_mean_mib,6,246.1206185848828,0.09593657905918365,246.0199393196484,246.22129785011722
base-r1-hz20,copy-in,auto-batched,private_copy_peak_mib,6,253.125,0.0,253.125,253.125
base-r1-hz20,copy-in,auto-batched,copy_p50_device_ms,6,0.10751999914646149,0.0,0.10751999914646149,0.10751999914646149
base-r1-hz20,copy-in,auto-batched,copy_p99_device_ms,6,0.11161600053310394,0.0,0.11161600053310394,0.11161600053310394
base-r1-hz20,copy-in,auto-batched,summed_consumer_allocated_peaks_mib,6,192.0,0.0,192.0,192.0
base-r1-hz20,copy-in,auto-batched,summed_consumer_reserved_peaks_mib,6,256.0,0.0,256.0,256.0
base-r1-hz20,copy-in,auto-batched,timely_50ms_hz,6,-0.8611111111111112,0.2133506937380765,-1.0850089329163808,-0.6372132893058415
base-r1-hz20,copy-in,auto-batched,timely_75ms_hz,6,-15.605555555555556,1.5645257238986947,-17.247424609748904,-13.963686501362208
base-r1-hz20,copy-in,auto-batched,timely_100ms_hz,6,-0.44444444444444525,0.25092421756969574,-0.7077732612750971,-0.1811156276137934
base-r1-hz20,copy-in,auto-batched,timely_150ms_hz,6,0.06666666666666761,0.11155467020454046,-0.05040278004281937,0.1837361133761546
base-r1-hz20,copy-in,auto-batched,arrivals,6,0,0.0,0.0,0.0
base-r1-hz20,copy-in,auto-batched,publications,6,2,3.3466401061363023,-1.5120834012847024,5.512083401284702
base-r1-hz20,copy-in,auto-batched,timely,6,-13.333333333333334,7.52772652709081,-21.233197838252824,-5.433468828413843
base-r1-hz20,copy-in,auto-batched,correct_late,6,15.333333333333334,5.428320796219275,9.636660024992302,21.030006641674365
base-r1-hz20,copy-in,auto-batched,producer_late,6,0,0.0,0.0,0.0
base-r1-hz20,copy-in,auto-batched,pool_exhausted,6,-2,3.3466401061363023,-5.512083401284702,1.5120834012847024
base-r1-hz20,copy-in,auto-batched,credit_exhausted,6,0,0.0,0.0,0.0
base-r1-hz20,copy-in,auto-batched,queue_loss,6,0,0.0,0.0,0.0
base-r1-hz20,copy-in,auto-batched,peak_outstanding,6,1.3333333333333333,1.96638416050035,-0.7302602864226719,3.3969269530893387
base-r1-hz20,copy-in,manual-full,receipt_capacity_hz,6,38.30555555555556,0.11238162496435886,38.187618273048535,38.42349283806258
base-r1-hz20,copy-in,manual-full,cohort_delivered_hz,6,38.31111111111112,0.10886621079036424,38.19686302952728,38.425359192694955
base-r1-hz20,copy-in,manual-full,mean_age_ms,6,-8.419146987083316,0.3029514787300734,-8.737075066021845,-8.101218908144787
base-r1-hz20,copy-in,manual-full,p50_latency_ms,6,15.987999583333332,0.4135003798764165,15.554057547580493,16.42194161908617
base-r1-hz20,copy-in,manual-full,p99_latency_ms,6,30.315089851666666,0.7450366164533844,29.533221873332973,31.09695783000036
base-r1-hz20,copy-in,manual-full,device_peak_mib,6,256.0,0.0,256.0,256.0
base-r1-hz20,copy-in,manual-full,protected_mib,6,1.8193655812500016,0.2515512832151789,1.5553786993824255,2.0833524631175777
base-r1-hz20,copy-in,manual-full,private_copy_mean_mib,6,246.1206185848828,0.09593657905918365,246.0199393196484,246.22129785011722
base-r1-hz20,copy-in,manual-full,private_copy_peak_mib,6,253.125,0.0,253.125,253.125
base-r1-hz20,copy-in,manual-full,copy_p50_device_ms,6,0.10751999914646149,0.0,0.10751999914646149,0.10751999914646149
base-r1-hz20,copy-in,manual-full,copy_p99_device_ms,6,0.11161600053310394,0.0,0.11161600053310394,0.11161600053310394
base-r1-hz20,copy-in,manual-full,summed_consumer_allocated_peaks_mib,6,256.0,0.0,256.0,256.0
base-r1-hz20,copy-in,manual-full,summed_consumer_reserved_peaks_mib,6,256.0,0.0,256.0,256.0
base-r1-hz20,copy-in,manual-full,timely_50ms_hz,6,-1.3833333333333333,0.6898470039718146,-2.1072833653768197,-0.659383301289847
base-r1-hz20,copy-in,manual-full,timely_75ms_hz,6,1.4611111111111097,0.9443202532725528,0.47010778185129387,2.4521144403709254
base-r1-hz20,copy-in,manual-full,timely_100ms_hz,6,37.794444444444444,0.2752103572555768,37.505628887071936,38.08326000181695
base-r1-hz20,copy-in,manual-full,timely_150ms_hz,6,38.31111111111112,0.10886621079036424,38.19686302952728,38.425359192694955
base-r1-hz20,copy-in,manual-full,arrivals,6,0,0.0,0.0,0.0
base-r1-hz20,copy-in,manual-full,publications,6,1149.3333333333333,3.265986323710904,1145.9058908858183,1152.7607757808482
base-r1-hz20,copy-in,manual-full,timely,6,1133.8333333333333,8.256310717667224,1125.1688666121581,1142.4978000545084
base-r1-hz20,copy-in,manual-full,correct_late,6,15.5,5.357238094391549,9.877923412337081,21.122076587662917
base-r1-hz20,copy-in,manual-full,producer_late,6,0,0.0,0.0,0.0
base-r1-hz20,copy-in,manual-full,pool_exhausted,6,-1149.3333333333333,3.265986323710904,-1152.7607757808482,-1145.9058908858183
base-r1-hz20,copy-in,manual-full,credit_exhausted,6,0,0.0,0.0,0.0
base-r1-hz20,copy-in,manual-full,queue_loss,6,0,0.0,0.0,0.0
base-r1-hz20,copy-in,manual-full,peak_outstanding,6,1.8333333333333333,1.1690451944500122,0.6064956416283638,3.0601710250383025
base-r1-hz20,auto-batched,manual-full,receipt_capacity_hz,6,38.24444444444445,0.10036968702787617,38.13911291771219,38.349775971176705
base-r1-hz20,auto-batched,manual-full,cohort_delivered_hz,6,38.24444444444445,0.10036968702787617,38.13911291771219,38.349775971176705
base-r1-hz20,auto-batched,manual-full,mean_age_ms,6,-13.75624208090275,0.5092862582470057,-14.290705231216426,-13.221778930589073
base-r1-hz20,auto-batched,manual-full,p50_latency_ms,6,10.736656833333333,0.5987161436858599,10.108342773968308,11.364970892698357
base-r1-hz20,auto-batched,manual-full,p99_latency_ms,6,20.411741456666665,0.6460271576400507,19.733777533098497,21.089705380234832
base-r1-hz20,auto-batched,manual-full,device_peak_mib,6,0.0,0.0,0.0,0.0
base-r1-hz20,auto-batched,manual-full,protected_mib,6,8.133304134726563,0.18852736323899835,7.935456800647943,8.331151468805183
base-r1-hz20,auto-batched,manual-full,private_copy_mean_mib,6,0.0,0.0,0.0,0.0
base-r1-hz20,auto-batched,manual-full,private_copy_peak_mib,6,0.0,0.0,0.0,0.0
base-r1-hz20,auto-batched,manual-full,copy_p50_device_ms,6,0,0.0,0.0,0.0
base-r1-hz20,auto-batched,manual-full,copy_p99_device_ms,6,0,0.0,0.0,0.0
base-r1-hz20,auto-batched,manual-full,summed_consumer_allocated_peaks_mib,6,64.0,0.0,64.0,64.0
base-r1-hz20,auto-batched,manual-full,summed_consumer_reserved_peaks_mib,6,0.0,0.0,0.0,0.0
base-r1-hz20,auto-batched,manual-full,timely_50ms_hz,6,-0.5222222222222223,0.6305788052492961,-1.1839740942138601,0.13952964976941562
base-r1-hz20,auto-batched,manual-full,timely_75ms_hz,6,17.066666666666666,1.409491634124397,15.587495911681298,18.545837421652035
base-r1-hz20,auto-batched,manual-full,timely_100ms_hz,6,38.23888888888889,0.10835469874786748,38.125177606272686,38.35260017150509
base-r1-hz20,auto-batched,manual-full,timely_150ms_hz,6,38.24444444444445,0.10036968702787617,38.13911291771219,38.349775971176705
base-r1-hz20,auto-batched,manual-full,arrivals,6,0,0.0,0.0,0.0
base-r1-hz20,auto-batched,manual-full,publications,6,1147.3333333333333,3.011090610836324,1144.1733875313655,1150.493279135301
base-r1-hz20,auto-batched,manual-full,timely,6,1147.1666666666667,3.2506409624359724,1143.7553281881806,1150.578005145153
base-r1-hz20,auto-batched,manual-full,correct_late,6,0.16666666666666666,0.408248290463863,-0.2617636392727175,0.5950969726060508
base-r1-hz20,auto-batched,manual-full,producer_late,6,0,0.0,0.0,0.0
base-r1-hz20,auto-batched,manual-full,pool_exhausted,6,-1147.3333333333333,3.011090610836324,-1150.493279135301,-1144.1733875313655
base-r1-hz20,auto-batched,manual-full,credit_exhausted,6,0,0.0,0.0,0.0
base-r1-hz20,auto-batched,manual-full,queue_loss,6,0,0.0,0.0,0.0
base-r1-hz20,auto-batched,manual-full,peak_outstanding,6,0.5,1.224744871391589,-0.7852909178181524,1.7852909178181524
base-r1-hz20,auto-batched,manual-early,receipt_capacity_hz,6,-0.10555555555555667,0.09981464302878142,-0.21030459933345474,-0.0008065117776585862
base-r1-hz20,auto-batched,manual-early,cohort_delivered_hz,6,-0.08888888888889095,0.13770607453182246,-0.2334025513327576,0.055624773554975734
base-r1-hz20,auto-batched,manual-early,mean_age_ms,6,-0.2283444932638711,0.8328081103335864,-1.1023230054423607,0.6456340189146185
base-r1-hz20,auto-batched,manual-early,p50_latency_ms,6,-0.39823283333333137,0.9689013359872931,-1.4150324268612267,0.6185667601945639
base-r1-hz20,auto-batched,manual-early,p99_latency_ms,6,-0.04187908333332283,0.4683890035545997,-0.5334231969988849,0.4496650303322392
base-r1-hz20,auto-batched,manual-early,device_peak_mib,6,0.0,0.0,0.0,0.0
base-r1-hz20,auto-batched,manual-early,protected_mib,6,-0.4334485211718757,0.36595864513545406,-0.817498566105067,-0.04939847623868443
base-r1-hz20,auto-batched,manual-early,private_copy_mean_mib,6,0.0,0.0,0.0,0.0
base-r1-hz20,auto-batched,manual-early,private_copy_peak_mib,6,0.0,0.0,0.0,0.0
base-r1-hz20,auto-batched,manual-early,copy_p50_device_ms,6,0,0.0,0.0,0.0
base-r1-hz20,auto-batched,manual-early,copy_p99_device_ms,6,0,0.0,0.0,0.0
base-r1-hz20,auto-batched,manual-early,summed_consumer_allocated_peaks_mib,6,0.0,0.0,0.0,0.0
base-r1-hz20,auto-batched,manual-early,summed_consumer_reserved_peaks_mib,6,0.0,0.0,0.0,0.0
base-r1-hz20,auto-batched,manual-early,timely_50ms_hz,6,0.027777777777777807,0.3342764435923367,-0.3230238357056987,0.3785793912612543
base-r1-hz20,auto-batched,manual-early,timely_75ms_hz,6,0.12777777777777763,2.4753376125886937,-2.4699297336478265,2.725485289203382
base-r1-hz20,auto-batched,manual-early,timely_100ms_hz,6,-0.09444444444444855,0.14669191701835643,-0.2483881702481755,0.0594992813592784
base-r1-hz20,auto-batched,manual-early,timely_150ms_hz,6,-0.08888888888889095,0.13770607453182246,-0.2334025513327576,0.055624773554975734
base-r1-hz20,auto-batched,manual-early,arrivals,6,0,0.0,0.0,0.0
base-r1-hz20,auto-batched,manual-early,publications,6,-2.6666666666666665,4.131182235954578,-7.002076539982566,1.6687432066492334
base-r1-hz20,auto-batched,manual-early,timely,6,-2.8333333333333335,4.400757510550504,-7.451645107444943,1.7849784407782763
base-r1-hz20,auto-batched,manual-early,correct_late,6,0.16666666666666666,0.408248290463863,-0.2617636392727175,0.5950969726060508
base-r1-hz20,auto-batched,manual-early,producer_late,6,0,0.0,0.0,0.0
base-r1-hz20,auto-batched,manual-early,pool_exhausted,6,2.6666666666666665,4.131182235954578,-1.6687432066492334,7.002076539982566
base-r1-hz20,auto-batched,manual-early,credit_exhausted,6,0,0.0,0.0,0.0
base-r1-hz20,auto-batched,manual-early,queue_loss,6,0,0.0,0.0,0.0
base-r1-hz20,auto-batched,manual-early,peak_outstanding,6,0.3333333333333333,1.3662601021279464,-1.1004687112076557,1.7671353778743222
base-r1-hz25,copy-in,auto-batched,receipt_capacity_hz,6,3.488888888888887,0.06885303726590801,3.4166320576669573,3.561145720110817
base-r1-hz25,copy-in,auto-batched,cohort_delivered_hz,6,3.5555555555555522,0.06885303726590572,3.4832987243336246,3.62781238677748
base-r1-hz25,copy-in,auto-batched,mean_age_ms,6,5.266937551722194,0.6320454616938307,4.603646518186178,5.9302285852582095
base-r1-hz25,copy-in,auto-batched,p50_latency_ms,6,7.4903827499999975,0.7421952785121875,6.711496572966785,8.26926892703321
base-r1-hz25,copy-in,auto-batched,p99_latency_ms,6,14.513463719999988,0.8278065964316912,13.644733974763582,15.382193465236394
base-r1-hz25,copy-in,auto-batched,device_peak_mib,6,256.0,0.0,256.0,256.0
base-r1-hz25,copy-in,auto-batched,protected_mib,6,-1.4082629765625008,0.3640307969055913,-1.7902898688549638,-1.0262360842700378
base-r1-hz25,copy-in,auto-batched,private_copy_mean_mib,6,245.9894256833203,0.3258808524300582,245.6474347024205,246.3314166642201
base-r1-hz25,copy-in,auto-batched,private_copy_peak_mib,6,253.125,0.0,253.125,253.125
base-r1-hz25,copy-in,auto-batched,copy_p50_device_ms,6,0.10751999914646149,0.0,0.10751999914646149,0.10751999914646149
base-r1-hz25,copy-in,auto-batched,copy_p99_device_ms,6,0.11246933415532112,0.00041804639095859876,0.11203062137351928,0.11290804693712296
base-r1-hz25,copy-in,auto-batched,summed_consumer_allocated_peaks_mib,6,192.0,0.0,192.0,192.0
base-r1-hz25,copy-in,auto-batched,summed_consumer_reserved_peaks_mib,6,256.0,0.0,256.0,256.0
base-r1-hz25,copy-in,auto-batched,timely_50ms_hz,6,-2.161111111111111,0.2939513691198043,-2.469594154261652,-1.8526280679605696
base-r1-hz25,copy-in,auto-batched,timely_75ms_hz,6,-19.08888888888889,1.304465265781203,-20.457841229806064,-17.719936547971713
base-r1-hz25,copy-in,auto-batched,timely_100ms_hz,6,2.75,0.265622957508487,2.471245801616018,3.028754198383982
base-r1-hz25,copy-in,auto-batched,timely_150ms_hz,6,3.5555555555555522,0.06885303726590572,3.4832987243336246,3.62781238677748
base-r1-hz25,copy-in,auto-batched,arrivals,6,0,0.0,0.0,0.0
base-r1-hz25,copy-in,auto-batched,publications,6,106.66666666666667,2.065591117977289,104.49896173000872,108.83437160332463
base-r1-hz25,copy-in,auto-batched,timely,6,82.5,7.968688725254614,74.13737404848054,90.86262595151946
base-r1-hz25,copy-in,auto-batched,correct_late,6,24.166666666666668,6.493586579592718,17.35206547929183,30.981267854041505
base-r1-hz25,copy-in,auto-batched,producer_late,6,0,0.0,0.0,0.0
base-r1-hz25,copy-in,auto-batched,pool_exhausted,6,-106.66666666666667,2.065591117977289,-108.83437160332463,-104.49896173000872
base-r1-hz25,copy-in,auto-batched,credit_exhausted,6,0,0.0,0.0,0.0
base-r1-hz25,copy-in,auto-batched,queue_loss,6,0,0.0,0.0,0.0
base-r1-hz25,copy-in,auto-batched,peak_outstanding,6,1.3333333333333333,1.2110601416389966,0.062403658639896165,2.6042630080267704
base-r1-hz25,copy-in,manual-full,receipt_capacity_hz,6,28.494444444444444,0.06804138174397864,28.423039393454545,28.565849495434342
base-r1-hz25,copy-in,manual-full,cohort_delivered_hz,6,28.51111111111111,0.05443310539517864,28.453987070319194,28.568235151903025
base-r1-hz25,copy-in,manual-full,mean_age_ms,6,2.858957567222243,0.5015862505481974,2.33257507941517,3.3853400550293165
base-r1-hz25,copy-in,manual-full,p50_latency_ms,6,17.053075166666662,0.4562362366161512,16.574284599749657,17.53186573358367
base-r1-hz25,copy-in,manual-full,p99_latency_ms,6,32.07212256999998,1.1037828691466929,30.913773488410804,33.23047165158916
base-r1-hz25,copy-in,manual-full,device_peak_mib,6,256.0,0.0,256.0,256.0
base-r1-hz25,copy-in,manual-full,protected_mib,6,-7.227694596796874,0.19274198054644714,-7.429964900486453,-7.025424293107294
base-r1-hz25,copy-in,manual-full,private_copy_mean_mib,6,245.9894256833203,0.3258808524300582,245.6474347024205,246.3314166642201
base-r1-hz25,copy-in,manual-full,private_copy_peak_mib,6,253.125,0.0,253.125,253.125
base-r1-hz25,copy-in,manual-full,copy_p50_device_ms,6,0.10751999914646149,0.0,0.10751999914646149,0.10751999914646149
base-r1-hz25,copy-in,manual-full,copy_p99_device_ms,6,0.11246933415532112,0.00041804639095859876,0.11203062137351928,0.11290804693712296
base-r1-hz25,copy-in,manual-full,summed_consumer_allocated_peaks_mib,6,256.0,0.0,256.0,256.0
base-r1-hz25,copy-in,manual-full,summed_consumer_reserved_peaks_mib,6,256.0,0.0,256.0,256.0
base-r1-hz25,copy-in,manual-full,timely_50ms_hz,6,-6.666666666666666,1.0616548926610339,-7.780805148295096,-5.552528185038236
base-r1-hz25,copy-in,manual-full,timely_75ms_hz,6,-8.927777777777779,0.9710055879611867,-9.9467856483224,-7.908769907233158
base-r1-hz25,copy-in,manual-full,timely_100ms_hz,6,27.70555555555556,0.25941529695894305,27.433315897392646,27.977795213718473
base-r1-hz25,copy-in,manual-full,timely_150ms_hz,6,28.51111111111111,0.05443310539517864,28.453987070319194,28.568235151903025
base-r1-hz25,copy-in,manual-full,arrivals,6,0,0.0,0.0,0.0
base-r1-hz25,copy-in,manual-full,publications,6,855.3333333333334,1.632993161855452,853.6196121095759,857.0470545570909
base-r1-hz25,copy-in,manual-full,timely,6,831.1666666666666,7.782458908768274,822.9994769217792,839.333856411554
base-r1-hz25,copy-in,manual-full,correct_late,6,24.166666666666668,6.493586579592718,17.35206547929183,30.981267854041505
base-r1-hz25,copy-in,manual-full,producer_late,6,0,0.0,0.0,0.0
base-r1-hz25,copy-in,manual-full,pool_exhausted,6,-855.3333333333334,1.632993161855452,-857.0470545570909,-853.6196121095759
base-r1-hz25,copy-in,manual-full,credit_exhausted,6,0,0.0,0.0,0.0
base-r1-hz25,copy-in,manual-full,queue_loss,6,0,0.0,0.0,0.0
base-r1-hz25,copy-in,manual-full,peak_outstanding,6,3.1666666666666665,0.408248290463863,2.7382363607272824,3.5950969726060507
base-r1-hz25,auto-batched,manual-full,receipt_capacity_hz,6,25.005555555555556,0.057413380812280354,24.94530390752423,25.065807203586882
base-r1-hz25,auto-batched,manual-full,cohort_delivered_hz,6,24.95555555555556,0.05443310539517864,24.898431514763644,25.012679596347475
base-r1-hz25,auto-batched,manual-full,mean_age_ms,6,-2.4079799844999505,0.6050719994743199,-3.042964105451424,-1.7729958635484773
base-r1-hz25,auto-batched,manual-full,p50_latency_ms,6,9.562692416666666,0.5364421084686053,8.999730949298765,10.125653884034566
base-r1-hz25,auto-batched,manual-full,p99_latency_ms,6,17.558658849999997,0.9962359168935921,16.51317337306741,18.604144326932584
base-r1-hz25,auto-batched,manual-full,device_peak_mib,6,0.0,0.0,0.0,0.0
base-r1-hz25,auto-batched,manual-full,protected_mib,6,-5.819431620234373,0.27767108413972597,-6.110829552099157,-5.528033688369589
base-r1-hz25,auto-batched,manual-full,private_copy_mean_mib,6,0.0,0.0,0.0,0.0
base-r1-hz25,auto-batched,manual-full,private_copy_peak_mib,6,0.0,0.0,0.0,0.0
base-r1-hz25,auto-batched,manual-full,copy_p50_device_ms,6,0,0.0,0.0,0.0
base-r1-hz25,auto-batched,manual-full,copy_p99_device_ms,6,0,0.0,0.0,0.0
base-r1-hz25,auto-batched,manual-full,summed_consumer_allocated_peaks_mib,6,64.0,0.0,64.0,64.0
base-r1-hz25,auto-batched,manual-full,summed_consumer_reserved_peaks_mib,6,0.0,0.0,0.0,0.0
base-r1-hz25,auto-batched,manual-full,timely_50ms_hz,6,-4.5055555555555555,1.1513116513431616,-5.713783035102564,-3.297328076008547
base-r1-hz25,auto-batched,manual-full,timely_75ms_hz,6,10.16111111111111,0.5953212640309484,9.536359759449107,10.785862462773112
base-r1-hz25,auto-batched,manual-full,timely_100ms_hz,6,24.95555555555556,0.05443310539517864,24.898431514763644,25.012679596347475
base-r1-hz25,auto-batched,manual-full,timely_150ms_hz,6,24.95555555555556,0.05443310539517864,24.898431514763644,25.012679596347475
base-r1-hz25,auto-batched,manual-full,arrivals,6,0,0.0,0.0,0.0
base-r1-hz25,auto-batched,manual-full,publications,6,748.6666666666666,1.632993161855452,746.9529454429091,750.3803878904241
base-r1-hz25,auto-batched,manual-full,timely,6,748.6666666666666,1.632993161855452,746.9529454429091,750.3803878904241
base-r1-hz25,auto-batched,manual-full,correct_late,6,0,0.0,0.0,0.0
base-r1-hz25,auto-batched,manual-full,producer_late,6,0,0.0,0.0,0.0
base-r1-hz25,auto-batched,manual-full,pool_exhausted,6,-748.6666666666666,1.632993161855452,-750.3803878904241,-746.9529454429091
base-r1-hz25,auto-batched,manual-full,credit_exhausted,6,0,0.0,0.0,0.0
base-r1-hz25,auto-batched,manual-full,queue_loss,6,0,0.0,0.0,0.0
base-r1-hz25,auto-batched,manual-full,peak_outstanding,6,1.8333333333333333,0.983192080250175,0.8015365234553307,2.865130143211336
base-r1-hz25,auto-batched,manual-early,receipt_capacity_hz,6,0.02222222222222096,0.07503085784948077,-0.056517834096993236,0.10096227854143516
base-r1-hz25,auto-batched,manual-early,cohort_delivered_hz,6,0.02222222222222096,0.05443310539517864,-0.03490181856969368,0.0793462630141356
base-r1-hz25,auto-batched,manual-early,mean_age_ms,6,-0.01748321188885882,0.678699529317011,-0.729734686734757,0.6947682629570394
base-r1-hz25,auto-batched,manual-early,p50_latency_ms,6,-0.41444441666666404,0.7793060063921905,-1.2322759141596336,0.4033870808263054
base-r1-hz25,auto-batched,manual-early,p99_latency_ms,6,0.41649914833331536,0.6630424305396636,-0.27932120903826274,1.1123195057048934
base-r1-hz25,auto-batched,manual-early,device_peak_mib,6,0.0,0.0,0.0,0.0
base-r1-hz25,auto-batched,manual-early,protected_mib,6,0.24150651996093586,0.7250667274700664,-0.5194043451488978,1.0024173850707694
base-r1-hz25,auto-batched,manual-early,private_copy_mean_mib,6,0.0,0.0,0.0,0.0
base-r1-hz25,auto-batched,manual-early,private_copy_peak_mib,6,0.0,0.0,0.0,0.0
base-r1-hz25,auto-batched,manual-early,copy_p50_device_ms,6,0,0.0,0.0,0.0
base-r1-hz25,auto-batched,manual-early,copy_p99_device_ms,6,0,0.0,0.0,0.0
base-r1-hz25,auto-batched,manual-early,summed_consumer_allocated_peaks_mib,6,0.0,0.0,0.0,0.0
base-r1-hz25,auto-batched,manual-early,summed_consumer_reserved_peaks_mib,6,0.0,0.0,0.0,0.0
base-r1-hz25,auto-batched,manual-early,timely_50ms_hz,6,-0.011111111111111108,0.8373680106053639,-0.8898749451491753,0.8676527229269532
base-r1-hz25,auto-batched,manual-early,timely_75ms_hz,6,-0.40000000000000097,0.6579429222120164,-1.0904687515865996,0.29046875158659774
base-r1-hz25,auto-batched,manual-early,timely_100ms_hz,6,0.02222222222222096,0.05443310539517864,-0.03490181856969368,0.0793462630141356
base-r1-hz25,auto-batched,manual-early,timely_150ms_hz,6,0.02222222222222096,0.05443310539517864,-0.03490181856969368,0.0793462630141356
base-r1-hz25,auto-batched,manual-early,arrivals,6,0,0.0,0.0,0.0
base-r1-hz25,auto-batched,manual-early,publications,6,0.6666666666666666,1.632993161855452,-1.04705455709087,2.380387890424203
base-r1-hz25,auto-batched,manual-early,timely,6,0.6666666666666666,1.632993161855452,-1.04705455709087,2.380387890424203
base-r1-hz25,auto-batched,manual-early,correct_late,6,0,0.0,0.0,0.0
base-r1-hz25,auto-batched,manual-early,producer_late,6,0,0.0,0.0,0.0
base-r1-hz25,auto-batched,manual-early,pool_exhausted,6,-0.6666666666666666,1.632993161855452,-2.380387890424203,1.04705455709087
base-r1-hz25,auto-batched,manual-early,credit_exhausted,6,0,0.0,0.0,0.0
base-r1-hz25,auto-batched,manual-early,queue_loss,6,0,0.0,0.0,0.0
base-r1-hz25,auto-batched,manual-early,peak_outstanding,6,0.5,1.378404875209022,-0.9465472022507191,1.946547202250719
base-r1-hz30,copy-in,auto-batched,receipt_capacity_hz,6,0.1999999999999981,0.13824294235551712,0.05492292932803283,0.34507707067196336
base-r1-hz30,copy-in,auto-batched,cohort_delivered_hz,6,0.22222222222221907,0.13770607453181785,0.07770855977835725,0.36673588466608087
base-r1-hz30,copy-in,auto-batched,mean_age_ms,6,7.86752442601252,0.37458592534788043,7.474420605749039,8.260628246276001
base-r1-hz30,copy-in,auto-batched,p50_latency_ms,6,8.124664416666668,0.40944732131318307,7.694975805020673,8.554353028312663
base-r1-hz30,copy-in,auto-batched,p99_latency_ms,6,10.194497626666662,0.5983405803452118,9.566577696856353,10.822417556476971
base-r1-hz30,copy-in,auto-batched,device_peak_mib,6,256.0,0.0,256.0,256.0
base-r1-hz30,copy-in,auto-batched,protected_mib,6,-3.471530311054688,0.16611009713768887,-3.6458521671375617,-3.297208454971814
base-r1-hz30,copy-in,auto-batched,private_copy_mean_mib,6,247.98549856289063,0.24914609644920957,247.72403576973588,248.24696135604538
base-r1-hz30,copy-in,auto-batched,private_copy_peak_mib,6,253.125,0.0,253.125,253.125
base-r1-hz30,copy-in,auto-batched,copy_p50_device_ms,6,0.10751999914646149,0.0,0.10751999914646149,0.10751999914646149
base-r1-hz30,copy-in,auto-batched,copy_p99_device_ms,6,0.11161600053310394,0.0,0.11161600053310394,0.11161600053310394
base-r1-hz30,copy-in,auto-batched,summed_consumer_allocated_peaks_mib,6,192.0,0.0,192.0,192.0
base-r1-hz30,copy-in,auto-batched,summed_consumer_reserved_peaks_mib,6,256.0,0.0,256.0,256.0
base-r1-hz30,copy-in,auto-batched,timely_50ms_hz,6,-1.4666666666666666,0.29739610697593943,-1.778764740493535,-1.1545685928397982
base-r1-hz30,copy-in,auto-batched,timely_75ms_hz,6,-20.25,0.6195876765147041,-20.900217389774873,-19.599782610225127
base-r1-hz30,copy-in,auto-batched,timely_100ms_hz,6,-0.6777777777777748,0.08606629658238875,-0.7680988168051912,-0.5874567387503584
base-r1-hz30,copy-in,auto-batched,timely_150ms_hz,6,0.22222222222221907,0.13770607453181785,0.07770855977835725,0.36673588466608087
base-r1-hz30,copy-in,auto-batched,arrivals,6,0,0.0,0.0,0.0
base-r1-hz30,copy-in,auto-batched,publications,6,6.666666666666667,4.131182235954578,2.331256793350767,11.002076539982568
base-r1-hz30,copy-in,auto-batched,timely,6,-20.333333333333332,2.581988897471611,-23.04296450415577,-17.623702162510895
base-r1-hz30,copy-in,auto-batched,correct_late,6,27,4.979959839195493,21.773852659497592,32.22614734050241
base-r1-hz30,copy-in,auto-batched,producer_late,6,0,0.0,0.0,0.0
base-r1-hz30,copy-in,auto-batched,pool_exhausted,6,-6.666666666666667,4.131182235954578,-11.002076539982568,-2.331256793350767
base-r1-hz30,copy-in,auto-batched,credit_exhausted,6,0,0.0,0.0,0.0
base-r1-hz30,copy-in,auto-batched,queue_loss,6,0,0.0,0.0,0.0
base-r1-hz30,copy-in,auto-batched,peak_outstanding,6,1.3333333333333333,0.5163977794943222,0.7914070991688458,1.8752595674978207
base-r1-hz30,copy-in,manual-full,receipt_capacity_hz,6,18.811111111111106,0.01721325931647643,18.793046903305626,18.829175318916587
base-r1-hz30,copy-in,manual-full,cohort_delivered_hz,6,18.82222222222222,0.05443310539518444,18.7650981814303,18.87934626301414
base-r1-hz30,copy-in,manual-full,mean_age_ms,6,11.190938565352852,0.46044274345262465,10.707733540242186,11.674143590463517
base-r1-hz30,copy-in,manual-full,p50_latency_ms,6,19.360332083333333,0.41487875321971546,18.924943533468955,19.79572063319771
base-r1-hz30,copy-in,manual-full,p99_latency_ms,6,32.13778009333332,0.7644063906651007,31.335584783605114,32.939975403061524
base-r1-hz30,copy-in,manual-full,device_peak_mib,6,256.0,0.0,256.0,256.0
base-r1-hz30,copy-in,manual-full,protected_mib,6,-11.569639834335934,0.16058014041615132,-11.738158356748144,-11.401121311923724
base-r1-hz30,copy-in,manual-full,private_copy_mean_mib,6,247.98549856289063,0.24914609644920957,247.72403576973588,248.24696135604538
base-r1-hz30,copy-in,manual-full,private_copy_peak_mib,6,253.125,0.0,253.125,253.125
base-r1-hz30,copy-in,manual-full,copy_p50_device_ms,6,0.10751999914646149,0.0,0.10751999914646149,0.10751999914646149
base-r1-hz30,copy-in,manual-full,copy_p99_device_ms,6,0.11161600053310394,0.0,0.11161600053310394,0.11161600053310394
base-r1-hz30,copy-in,manual-full,summed_consumer_allocated_peaks_mib,6,256.0,0.0,256.0,256.0
base-r1-hz30,copy-in,manual-full,summed_consumer_reserved_peaks_mib,6,256.0,0.0,256.0,256.0
base-r1-hz30,copy-in,manual-full,timely_50ms_hz,6,-5.705555555555556,1.105022205240272,-6.865205240611148,-4.545905870499963
base-r1-hz30,copy-in,manual-full,timely_75ms_hz,6,-25.205555555555556,0.746969184747913,-25.98945163993406,-24.42165947117705
base-r1-hz30,copy-in,manual-full,timely_100ms_hz,6,17.922222222222228,0.15299479536052002,17.761664031252305,18.08278041319215
base-r1-hz30,copy-in,manual-full,timely_150ms_hz,6,18.82222222222222,0.05443310539518444,18.7650981814303,18.87934626301414
base-r1-hz30,copy-in,manual-full,arrivals,6,0,0.0,0.0,0.0
base-r1-hz30,copy-in,manual-full,publications,6,564.6666666666666,1.632993161855452,562.9529454429091,566.3803878904241
base-r1-hz30,copy-in,manual-full,timely,6,537.6666666666666,4.589843860815601,532.849920937569,542.4834123957643
base-r1-hz30,copy-in,manual-full,correct_late,6,27,4.979959839195493,21.773852659497592,32.22614734050241
base-r1-hz30,copy-in,manual-full,producer_late,6,0,0.0,0.0,0.0
base-r1-hz30,copy-in,manual-full,pool_exhausted,6,-564.6666666666666,1.632993161855452,-566.3803878904241,-562.9529454429091
base-r1-hz30,copy-in,manual-full,credit_exhausted,6,0,0.0,0.0,0.0
base-r1-hz30,copy-in,manual-full,queue_loss,6,0,0.0,0.0,0.0
base-r1-hz30,copy-in,manual-full,peak_outstanding,6,4,0.0,4.0,4.0
base-r1-hz30,auto-batched,manual-full,receipt_capacity_hz,6,18.61111111111111,0.14401645996461773,18.45997510529259,18.762247116929633
base-r1-hz30,auto-batched,manual-full,cohort_delivered_hz,6,18.6,0.13984117975601904,18.453245682038936,18.746754317961067
base-r1-hz30,auto-batched,manual-full,mean_age_ms,6,3.3234141393403314,0.4646049884471882,2.835841105990392,3.810987172690271
base-r1-hz30,auto-batched,manual-full,p50_latency_ms,6,11.235667666666666,0.41507007311027244,10.800078338890517,11.671256994442816
base-r1-hz30,auto-batched,manual-full,p99_latency_ms,6,21.94328246666666,0.5709233041160656,21.34413520368009,22.54242972965323
base-r1-hz30,auto-batched,manual-full,device_peak_mib,6,0.0,0.0,0.0,0.0
base-r1-hz30,auto-batched,manual-full,protected_mib,6,-8.098109523281247,0.11465581673367173,-8.218433423682944,-7.97778562287955
base-r1-hz30,auto-batched,manual-full,private_copy_mean_mib,6,0.0,0.0,0.0,0.0
base-r1-hz30,auto-batched,manual-full,private_copy_peak_mib,6,0.0,0.0,0.0,0.0
base-r1-hz30,auto-batched,manual-full,copy_p50_device_ms,6,0,0.0,0.0,0.0
base-r1-hz30,auto-batched,manual-full,copy_p99_device_ms,6,0,0.0,0.0,0.0
base-r1-hz30,auto-batched,manual-full,summed_consumer_allocated_peaks_mib,6,64.0,0.0,64.0,64.0
base-r1-hz30,auto-batched,manual-full,summed_consumer_reserved_peaks_mib,6,0.0,0.0,0.0,0.0
base-r1-hz30,auto-batched,manual-full,timely_50ms_hz,6,-4.238888888888889,1.1656980105721428,-5.462213926539137,-3.0155638512386407
base-r1-hz30,auto-batched,manual-full,timely_75ms_hz,6,-4.955555555555556,0.5667320223749366,-5.55030433810614,-4.360806773004971
base-r1-hz30,auto-batched,manual-full,timely_100ms_hz,6,18.6,0.13984117975601904,18.453245682038936,18.746754317961067
base-r1-hz30,auto-batched,manual-full,timely_150ms_hz,6,18.6,0.13984117975601904,18.453245682038936,18.746754317961067
base-r1-hz30,auto-batched,manual-full,arrivals,6,0,0.0,0.0,0.0
base-r1-hz30,auto-batched,manual-full,publications,6,558,4.1952353926806065,553.597370461168,562.402629538832
base-r1-hz30,auto-batched,manual-full,timely,6,558,4.1952353926806065,553.597370461168,562.402629538832
base-r1-hz30,auto-batched,manual-full,correct_late,6,0,0.0,0.0,0.0
base-r1-hz30,auto-batched,manual-full,producer_late,6,0,0.0,0.0,0.0
base-r1-hz30,auto-batched,manual-full,pool_exhausted,6,-558,4.1952353926806065,-562.402629538832,-553.597370461168
base-r1-hz30,auto-batched,manual-full,credit_exhausted,6,0,0.0,0.0,0.0
base-r1-hz30,auto-batched,manual-full,queue_loss,6,0,0.0,0.0,0.0
base-r1-hz30,auto-batched,manual-full,peak_outstanding,6,2.6666666666666665,0.5163977794943222,2.124740432502179,3.208592900831154
base-r1-hz30,auto-batched,manual-early,receipt_capacity_hz,6,0.049999999999999524,0.14259499757471314,-0.09964427252578534,0.19964427252578437
base-r1-hz30,auto-batched,manual-early,cohort_delivered_hz,6,0.04444444444444665,0.13770607453181785,-0.10006921799941518,0.18895810688830847
base-r1-hz30,auto-batched,manual-early,mean_age_ms,6,-0.26214566579749743,0.5520689429901616,-0.8415064902510753,0.3172151586560804
base-r1-hz30,auto-batched,manual-early,p50_latency_ms,6,-0.27525500000000136,0.5565471448484779,-0.8593154090863446,0.3088054090863419
base-r1-hz30,auto-batched,manual-early,p99_latency_ms,6,-0.30677836499998773,0.9201847230925345,-1.2724530087011072,0.6588962787011319
base-r1-hz30,auto-batched,manual-early,device_peak_mib,6,0.0,0.0,0.0,0.0
base-r1-hz30,auto-batched,manual-early,protected_mib,6,-0.12438649863281152,0.3101944868907746,-0.4499156484752369,0.20114265120961383
base-r1-hz30,auto-batched,manual-early,private_copy_mean_mib,6,0.0,0.0,0.0,0.0
base-r1-hz30,auto-batched,manual-early,private_copy_peak_mib,6,0.0,0.0,0.0,0.0
base-r1-hz30,auto-batched,manual-early,copy_p50_device_ms,6,0,0.0,0.0,0.0
base-r1-hz30,auto-batched,manual-early,copy_p99_device_ms,6,0,0.0,0.0,0.0
base-r1-hz30,auto-batched,manual-early,summed_consumer_allocated_peaks_mib,6,0.0,0.0,0.0,0.0
base-r1-hz30,auto-batched,manual-early,summed_consumer_reserved_peaks_mib,6,0.0,0.0,0.0,0.0
base-r1-hz30,auto-batched,manual-early,timely_50ms_hz,6,0.09999999999999998,0.563717817509592,-0.4915855685389442,0.6915855685389442
base-r1-hz30,auto-batched,manual-early,timely_75ms_hz,6,0.5166666666666669,1.0123130828838374,-0.5456907612446057,1.5790240945779397
base-r1-hz30,auto-batched,manual-early,timely_100ms_hz,6,0.04444444444444665,0.13770607453181785,-0.10006921799941518,0.18895810688830847
base-r1-hz30,auto-batched,manual-early,timely_150ms_hz,6,0.04444444444444665,0.13770607453181785,-0.10006921799941518,0.18895810688830847
base-r1-hz30,auto-batched,manual-early,arrivals,6,0,0.0,0.0,0.0
base-r1-hz30,auto-batched,manual-early,publications,6,1.3333333333333333,4.131182235954578,-3.002076539982567,5.668743206649233
base-r1-hz30,auto-batched,manual-early,timely,6,1.3333333333333333,4.131182235954578,-3.002076539982567,5.668743206649233
base-r1-hz30,auto-batched,manual-early,correct_late,6,0,0.0,0.0,0.0
base-r1-hz30,auto-batched,manual-early,producer_late,6,0,0.0,0.0,0.0
base-r1-hz30,auto-batched,manual-early,pool_exhausted,6,-1.3333333333333333,4.131182235954578,-5.668743206649233,3.002076539982567
base-r1-hz30,auto-batched,manual-early,credit_exhausted,6,0,0.0,0.0,0.0
base-r1-hz30,auto-batched,manual-early,queue_loss,6,0,0.0,0.0,0.0
base-r1-hz30,auto-batched,manual-early,peak_outstanding,6,0,0.8944271909999159,-0.938643771527361,0.938643771527361
base-r1-hz40,copy-in,auto-batched,receipt_capacity_hz,6,-0.2944444444444443,0.06469300723559789,-0.36233559188952924,-0.22655329699935933
base-r1-hz40,copy-in,auto-batched,cohort_delivered_hz,6,-0.3555555555555519,0.16147468555186723,-0.5250128455146779,-0.1860982655964259
base-r1-hz40,copy-in,auto-batched,mean_age_ms,6,7.3730324668749745,3.114471344012785,4.104595239033223,10.641469694716726
base-r1-hz40,copy-in,auto-batched,p50_latency_ms,6,7.410823416666669,3.0337791122754636,4.227067492672808,10.59457934066053
base-r1-hz40,copy-in,auto-batched,p99_latency_ms,6,6.713774411666653,3.3250544382472804,3.224343779575648,10.203205043757658
base-r1-hz40,copy-in,auto-batched,device_peak_mib,6,256.0,0.0,256.0,256.0
base-r1-hz40,copy-in,auto-batched,protected_mib,6,-0.4969956708984391,0.45245348003960845,-0.9718164782469688,-0.022174863549909385
base-r1-hz40,copy-in,auto-batched,private_copy_mean_mib,6,248.45197635597657,0.2990182937429299,248.13817590154184,248.7657768104113
base-r1-hz40,copy-in,auto-batched,private_copy_peak_mib,6,253.125,0.0,253.125,253.125
base-r1-hz40,copy-in,auto-batched,copy_p50_device_ms,6,0.10751999914646149,0.0006476346840499071,0.10684034822738674,0.10819965006553624
base-r1-hz40,copy-in,auto-batched,copy_p99_device_ms,6,0.11161600053310394,0.0,0.11161600053310394,0.11161600053310394
base-r1-hz40,copy-in,auto-batched,summed_consumer_allocated_peaks_mib,6,192.0,0.0,192.0,192.0
base-r1-hz40,copy-in,auto-batched,summed_consumer_reserved_peaks_mib,6,256.0,0.0,256.0,256.0
base-r1-hz40,copy-in,auto-batched,timely_50ms_hz,6,-0.2722222222222222,0.15408030614176732,-0.4339195868934763,-0.11052485755096805
base-r1-hz40,copy-in,auto-batched,timely_75ms_hz,6,-22.255555555555556,9.250241238095523,-31.96308838844852,-12.548022722662596
base-r1-hz40,copy-in,auto-batched,timely_100ms_hz,6,-0.9444444444444429,0.7283670218499199,-1.7088187560986432,-0.18007013279024264
base-r1-hz40,copy-in,auto-batched,timely_150ms_hz,6,-0.3555555555555519,0.16147468555186723,-0.5250128455146779,-0.1860982655964259
base-r1-hz40,copy-in,auto-batched,arrivals,6,0,0.0,0.0,0.0
base-r1-hz40,copy-in,auto-batched,publications,6,-10.666666666666666,4.844240566555986,-15.750385365440415,-5.582947967892918
base-r1-hz40,copy-in,auto-batched,timely,6,-28.333333333333332,21.851010655497532,-51.26456268295927,-5.402103983707391
base-r1-hz40,copy-in,auto-batched,correct_late,6,17.666666666666668,25.374527910222618,-8.96226726785622,44.295600601189555
base-r1-hz40,copy-in,auto-batched,producer_late,6,0,0.0,0.0,0.0
base-r1-hz40,copy-in,auto-batched,pool_exhausted,6,10.666666666666666,4.844240566555986,5.582947967892918,15.750385365440415
base-r1-hz40,copy-in,auto-batched,credit_exhausted,6,0,0.0,0.0,0.0
base-r1-hz40,copy-in,auto-batched,queue_loss,6,0,0.0,0.0,0.0
base-r1-hz40,copy-in,auto-batched,peak_outstanding,6,0,0.0,0.0,0.0
base-r1-hz40,copy-in,manual-full,receipt_capacity_hz,6,25.472222222222218,0.09525793444156742,25.372255150836363,25.572189293608073
base-r1-hz40,copy-in,manual-full,cohort_delivered_hz,6,25.42222222222222,0.10886621079036192,25.307974140638386,25.536470303806055
base-r1-hz40,copy-in,manual-full,mean_age_ms,6,7.122538060868014,3.7483582669676094,3.188877304413473,11.056198817322556
base-r1-hz40,copy-in,manual-full,p50_latency_ms,6,19.576297083333333,3.558470456290988,15.841911362984659,23.310682803682006
base-r1-hz40,copy-in,manual-full,p99_latency_ms,6,29.018556051666653,4.212920254598269,24.59736738845158,33.439744714881726
base-r1-hz40,copy-in,manual-full,device_peak_mib,6,256.0,0.0,256.0,256.0
base-r1-hz40,copy-in,manual-full,protected_mib,6,-1.2840732351562505,0.19632816926107285,-1.4901070130943508,-1.0780394572181502
base-r1-hz40,copy-in,manual-full,private_copy_mean_mib,6,248.45197635597657,0.2990182937429299,248.13817590154184,248.7657768104113
base-r1-hz40,copy-in,manual-full,private_copy_peak_mib,6,253.125,0.0,253.125,253.125
base-r1-hz40,copy-in,manual-full,copy_p50_device_ms,6,0.10751999914646149,0.0006476346840499071,0.10684034822738674,0.10819965006553624
base-r1-hz40,copy-in,manual-full,copy_p99_device_ms,6,0.11161600053310394,0.0,0.11161600053310394,0.11161600053310394
base-r1-hz40,copy-in,manual-full,summed_consumer_allocated_peaks_mib,6,256.0,0.0,256.0,256.0
base-r1-hz40,copy-in,manual-full,summed_consumer_reserved_peaks_mib,6,256.0,0.0,256.0,256.0
base-r1-hz40,copy-in,manual-full,timely_50ms_hz,6,-4.444444444444445,2.0984297480276553,-6.646611409842608,-2.2422774790462814
base-r1-hz40,copy-in,manual-full,timely_75ms_hz,6,-20.41111111111111,9.464240690718503,-30.34322259650486,-10.478999625717362
base-r1-hz40,copy-in,manual-full,timely_100ms_hz,6,24.827777777777776,0.7660625639279446,24.023844420801698,25.631711134753854
base-r1-hz40,copy-in,manual-full,timely_150ms_hz,6,25.42222222222222,0.10886621079036192,25.307974140638386,25.536470303806055
base-r1-hz40,copy-in,manual-full,arrivals,6,0,0.0,0.0,0.0
base-r1-hz40,copy-in,manual-full,publications,6,762.6666666666666,3.265986323710904,759.2392242191515,766.0941091141817
base-r1-hz40,copy-in,manual-full,timely,6,744.8333333333334,22.981876917838253,720.7153326240511,768.9513340426156
base-r1-hz40,copy-in,manual-full,correct_late,6,17.833333333333332,25.678135965577148,-9.114217715038112,44.78088438170478
base-r1-hz40,copy-in,manual-full,producer_late,6,0,0.0,0.0,0.0
base-r1-hz40,copy-in,manual-full,pool_exhausted,6,-762.6666666666666,3.265986323710904,-766.0941091141817,-759.2392242191515
base-r1-hz40,copy-in,manual-full,credit_exhausted,6,0,0.0,0.0,0.0
base-r1-hz40,copy-in,manual-full,queue_loss,6,0,0.0,0.0,0.0
base-r1-hz40,copy-in,manual-full,peak_outstanding,6,4,0.0,4.0,4.0
base-r1-hz40,auto-batched,manual-full,receipt_capacity_hz,6,25.766666666666662,0.055777335102275324,25.708131943311912,25.825201390021412
base-r1-hz40,auto-batched,manual-full,cohort_delivered_hz,6,25.777777777777775,0.06885303726591306,25.70552094655584,25.85003460899971
base-r1-hz40,auto-batched,manual-full,mean_age_ms,6,-0.25049440600696,0.857297363336965,-1.1501728130816247,0.6491840010677046
base-r1-hz40,auto-batched,manual-full,p50_latency_ms,6,12.165473666666665,0.7729664202053462,11.354295156860363,12.976652176472967
base-r1-hz40,auto-batched,manual-full,p99_latency_ms,6,22.30478164,0.9225509381023593,21.336623805935915,23.27293947406409
base-r1-hz40,auto-batched,manual-full,device_peak_mib,6,0.0,0.0,0.0,0.0
base-r1-hz40,auto-batched,manual-full,protected_mib,6,-0.7870775642578115,0.30670593442278554,-1.108945702808682,-0.46520942570694096
base-r1-hz40,auto-batched,manual-full,private_copy_mean_mib,6,0.0,0.0,0.0,0.0
base-r1-hz40,auto-batched,manual-full,private_copy_peak_mib,6,0.0,0.0,0.0,0.0
base-r1-hz40,auto-batched,manual-full,copy_p50_device_ms,6,0,0.0,0.0,0.0
base-r1-hz40,auto-batched,manual-full,copy_p99_device_ms,6,0,0.0,0.0,0.0
base-r1-hz40,auto-batched,manual-full,summed_consumer_allocated_peaks_mib,6,64.0,0.0,64.0,64.0
base-r1-hz40,auto-batched,manual-full,summed_consumer_reserved_peaks_mib,6,0.0,0.0,0.0,0.0
base-r1-hz40,auto-batched,manual-full,timely_50ms_hz,6,-4.1722222222222225,2.0492184598759344,-6.322745107948779,-2.021699336495666
base-r1-hz40,auto-batched,manual-full,timely_75ms_hz,6,1.8444444444444426,1.5881039242046084,0.17783158652546183,3.5110573023634233
base-r1-hz40,auto-batched,manual-full,timely_100ms_hz,6,25.77222222222222,0.07428673177976647,25.69426307832114,25.850181366123298
base-r1-hz40,auto-batched,manual-full,timely_150ms_hz,6,25.777777777777775,0.06885303726591306,25.70552094655584,25.85003460899971
base-r1-hz40,auto-batched,manual-full,arrivals,6,0,0.0,0.0,0.0
base-r1-hz40,auto-batched,manual-full,publications,6,773.3333333333334,2.065591117977289,771.1656283966754,775.5010382699913
base-r1-hz40,auto-batched,manual-full,timely,6,773.1666666666666,2.228601953392904,770.8278923496343,775.5054409836989
base-r1-hz40,auto-batched,manual-full,correct_late,6,0.16666666666666666,0.408248290463863,-0.2617636392727175,0.5950969726060508
base-r1-hz40,auto-batched,manual-full,producer_late,6,0,0.0,0.0,0.0
base-r1-hz40,auto-batched,manual-full,pool_exhausted,6,-773.3333333333334,2.065591117977289,-775.5010382699913,-771.1656283966754
base-r1-hz40,auto-batched,manual-full,credit_exhausted,6,0,0.0,0.0,0.0
base-r1-hz40,auto-batched,manual-full,queue_loss,6,0,0.0,0.0,0.0
base-r1-hz40,auto-batched,manual-full,peak_outstanding,6,4,0.0,4.0,4.0
base-r1-hz40,auto-batched,manual-early,receipt_capacity_hz,6,0.01666666666666572,0.12780193008454038,-0.11745323361154528,0.15078656694487672
base-r1-hz40,auto-batched,manual-early,cohort_delivered_hz,6,0.02222222222222096,0.10036968702787931,-0.08310930451004084,0.12755374895448277
base-r1-hz40,auto-batched,manual-early,mean_age_ms,6,-0.5668596032986244,0.5857031043256977,-1.1815173153757252,0.047798108778476456
base-r1-hz40,auto-batched,manual-early,p50_latency_ms,6,-0.7130550833333326,0.6051254595402049,-1.3480953071832569,-0.07801485948340836
base-r1-hz40,auto-batched,manual-early,p99_latency_ms,6,0.7307532166666704,0.6103872410024259,0.09019109182094753,1.371315341512393
base-r1-hz40,auto-batched,manual-early,device_peak_mib,6,0.0,0.0,0.0,0.0
base-r1-hz40,auto-batched,manual-early,protected_mib,6,-0.6265575632812505,0.35105850198697874,-0.9949708669548798,-0.2581442596076211
base-r1-hz40,auto-batched,manual-early,private_copy_mean_mib,6,0.0,0.0,0.0,0.0
base-r1-hz40,auto-batched,manual-early,private_copy_peak_mib,6,0.0,0.0,0.0,0.0
base-r1-hz40,auto-batched,manual-early,copy_p50_device_ms,6,0,0.0,0.0,0.0
base-r1-hz40,auto-batched,manual-early,copy_p99_device_ms,6,0,0.0,0.0,0.0
base-r1-hz40,auto-batched,manual-early,summed_consumer_allocated_peaks_mib,6,0.0,0.0,0.0,0.0
base-r1-hz40,auto-batched,manual-early,summed_consumer_reserved_peaks_mib,6,0.0,0.0,0.0,0.0
base-r1-hz40,auto-batched,manual-early,timely_50ms_hz,6,0.08333333333333331,0.20949675149960892,-0.136520024132788,0.3031866907994546
base-r1-hz40,auto-batched,manual-early,timely_75ms_hz,6,1.0666666666666689,2.1760310455301664,-1.2169378660328005,3.350271199366138
base-r1-hz40,auto-batched,manual-early,timely_100ms_hz,6,0.02222222222222096,0.10255982897079649,-0.08540771752136916,0.1298521619658111
base-r1-hz40,auto-batched,manual-early,timely_150ms_hz,6,0.02222222222222096,0.10036968702787931,-0.08310930451004084,0.12755374895448277
base-r1-hz40,auto-batched,manual-early,arrivals,6,0,0.0,0.0,0.0
base-r1-hz40,auto-batched,manual-early,publications,6,0.6666666666666666,3.011090610836324,-2.4932791353011297,3.8266124686344627
base-r1-hz40,auto-batched,manual-early,timely,6,0.6666666666666666,3.0767948691238205,-2.5622315256409594,3.8955648589742924
base-r1-hz40,auto-batched,manual-early,correct_late,6,0,0.6324555320336759,-0.6637213759655134,0.6637213759655134
base-r1-hz40,auto-batched,manual-early,producer_late,6,0,0.0,0.0,0.0
base-r1-hz40,auto-batched,manual-early,pool_exhausted,6,-0.6666666666666666,3.011090610836324,-3.8266124686344627,2.4932791353011297
base-r1-hz40,auto-batched,manual-early,credit_exhausted,6,0,0.0,0.0,0.0
base-r1-hz40,auto-batched,manual-early,queue_loss,6,0,0.0,0.0,0.0
base-r1-hz40,auto-batched,manual-early,peak_outstanding,6,0,0.0,0.0,0.0
late-r1-hz30,copy-in,auto-batched,receipt_capacity_hz,6,17.76111111111111,0.0772202237950803,17.68007345613981,17.84214876608241
late-r1-hz30,copy-in,auto-batched,cohort_delivered_hz,6,17.755555555555553,0.10036968702787617,17.650224028823295,17.86088708228781
late-r1-hz30,copy-in,auto-batched,mean_age_ms,6,13.014124894311768,0.48662366778179866,12.503444674124648,13.52480511449889
late-r1-hz30,copy-in,auto-batched,p50_latency_ms,6,20.459275666666667,0.4191964101410743,20.01935601374817,20.899195319585164
late-r1-hz30,copy-in,auto-batched,p99_latency_ms,6,32.463267781666666,0.5954183527009848,31.838414541694096,33.08812102163923
late-r1-hz30,copy-in,auto-batched,device_peak_mib,6,256.0,0.0,256.0,256.0
late-r1-hz30,copy-in,auto-batched,protected_mib,6,-12.02896351265625,0.24876559420789793,-12.29002699319792,-11.767900032114582
late-r1-hz30,copy-in,auto-batched,private_copy_mean_mib,6,248.0523701371875,0.19564656774573164,247.8470516561718,248.2576886182032
late-r1-hz30,copy-in,auto-batched,private_copy_peak_mib,6,253.125,0.0,253.125,253.125
late-r1-hz30,copy-in,auto-batched,copy_p50_device_ms,6,0.10751999914646149,0.0,0.10751999914646149,0.10751999914646149
late-r1-hz30,copy-in,auto-batched,copy_p99_device_ms,6,0.11161600053310394,0.0,0.11161600053310394,0.11161600053310394
late-r1-hz30,copy-in,auto-batched,summed_consumer_allocated_peaks_mib,6,256.0,0.0,256.0,256.0
late-r1-hz30,copy-in,auto-batched,summed_consumer_reserved_peaks_mib,6,256.0,0.0,256.0,256.0
late-r1-hz30,copy-in,auto-batched,timely_50ms_hz,6,-7.683333333333334,1.3000427343403413,-9.04764451213791,-6.319022154528757
late-r1-hz30,copy-in,auto-batched,timely_75ms_hz,6,-28.455555555555556,0.7635201130048654,-29.256820773920268,-27.654290337190844
late-r1-hz30,copy-in,auto-batched,timely_100ms_hz,6,16.38888888888889,0.3166959050829311,16.056536919085747,16.72124085869203
late-r1-hz30,copy-in,auto-batched,timely_150ms_hz,6,17.755555555555553,0.10036968702787617,17.650224028823295,17.86088708228781
late-r1-hz30,copy-in,auto-batched,arrivals,6,0,0.0,0.0,0.0
late-r1-hz30,copy-in,auto-batched,publications,6,532.6666666666666,3.011090610836324,529.5067208646989,535.8266124686344
late-r1-hz30,copy-in,auto-batched,timely,6,491.6666666666667,9.500877152487904,481.69610757257243,501.63722576076094
late-r1-hz30,copy-in,auto-batched,correct_late,6,41,7.563068160475615,33.063046725434354,48.936953274565646
late-r1-hz30,copy-in,auto-batched,producer_late,6,0,0.0,0.0,0.0
late-r1-hz30,copy-in,auto-batched,pool_exhausted,6,-532.6666666666666,3.011090610836324,-535.8266124686344,-529.5067208646989
late-r1-hz30,copy-in,auto-batched,credit_exhausted,6,0,0.0,0.0,0.0
late-r1-hz30,copy-in,auto-batched,queue_loss,6,0,0.0,0.0,0.0
late-r1-hz30,copy-in,auto-batched,peak_outstanding,6,4,0.0,4.0,4.0
late-r1-hz30,copy-in,manual-full,receipt_capacity_hz,6,17.77777777777778,0.12232319061797682,17.649407461957484,17.906148093598073
late-r1-hz30,copy-in,manual-full,cohort_delivered_hz,6,17.755555555555553,0.10036968702787617,17.650224028823295,17.86088708228781
late-r1-hz30,copy-in,manual-full,mean_age_ms,6,12.383043248085398,0.46097970166904556,11.899274719885286,12.86681177628551
late-r1-hz30,copy-in,manual-full,p50_latency_ms,6,20.23372225,0.2982714459514586,19.920705564255233,20.546738935744767
late-r1-hz30,copy-in,manual-full,p99_latency_ms,6,32.724073419999996,0.7033228851225112,31.985981317997968,33.462165522002024
late-r1-hz30,copy-in,manual-full,device_peak_mib,6,256.0,0.0,256.0,256.0
late-r1-hz30,copy-in,manual-full,protected_mib,6,-11.983567088320314,0.24130345007050855,-12.236799528854165,-11.730334647786462
late-r1-hz30,copy-in,manual-full,private_copy_mean_mib,6,248.0523701371875,0.19564656774573164,247.8470516561718,248.2576886182032
late-r1-hz30,copy-in,manual-full,private_copy_peak_mib,6,253.125,0.0,253.125,253.125
late-r1-hz30,copy-in,manual-full,copy_p50_device_ms,6,0.10751999914646149,0.0,0.10751999914646149,0.10751999914646149
late-r1-hz30,copy-in,manual-full,copy_p99_device_ms,6,0.11161600053310394,0.0,0.11161600053310394,0.11161600053310394
late-r1-hz30,copy-in,manual-full,summed_consumer_allocated_peaks_mib,6,256.0,0.0,256.0,256.0
late-r1-hz30,copy-in,manual-full,summed_consumer_reserved_peaks_mib,6,256.0,0.0,256.0,256.0
late-r1-hz30,copy-in,manual-full,timely_50ms_hz,6,-5.361111111111112,1.165698010572143,-6.58443614876136,-4.137786073460863
late-r1-hz30,copy-in,manual-full,timely_75ms_hz,6,-28.455555555555556,0.7867419926271659,-29.281190642021283,-27.62992046908983
late-r1-hz30,copy-in,manual-full,timely_100ms_hz,6,16.38888888888889,0.3166959050829311,16.056536919085747,16.72124085869203
late-r1-hz30,copy-in,manual-full,timely_150ms_hz,6,17.755555555555553,0.10036968702787617,17.650224028823295,17.86088708228781
late-r1-hz30,copy-in,manual-full,arrivals,6,0,0.0,0.0,0.0
late-r1-hz30,copy-in,manual-full,publications,6,532.6666666666666,3.011090610836324,529.5067208646989,535.8266124686344
late-r1-hz30,copy-in,manual-full,timely,6,491.6666666666667,9.500877152487904,481.69610757257243,501.63722576076094
late-r1-hz30,copy-in,manual-full,correct_late,6,41,7.563068160475615,33.063046725434354,48.936953274565646
late-r1-hz30,copy-in,manual-full,producer_late,6,0,0.0,0.0,0.0
late-r1-hz30,copy-in,manual-full,pool_exhausted,6,-532.6666666666666,3.011090610836324,-535.8266124686344,-529.5067208646989
late-r1-hz30,copy-in,manual-full,credit_exhausted,6,0,0.0,0.0,0.0
late-r1-hz30,copy-in,manual-full,queue_loss,6,0,0.0,0.0,0.0
late-r1-hz30,copy-in,manual-full,peak_outstanding,6,4,0.0,4.0,4.0
late-r1-hz30,auto-batched,manual-full,receipt_capacity_hz,6,0.016666666666666902,0.07226494462892752,-0.05917074174203925,0.09250407507537305
late-r1-hz30,auto-batched,manual-full,cohort_delivered_hz,6,0.0,0.0,0.0,0.0
late-r1-hz30,auto-batched,manual-full,mean_age_ms,6,-0.6310816462263702,0.5166412876220267,-1.173263426498675,-0.0888998659540654
late-r1-hz30,auto-batched,manual-full,p50_latency_ms,6,-0.22555341666666706,0.32930906473515315,-0.5711420857405494,0.12003525240721524
late-r1-hz30,auto-batched,manual-full,p99_latency_ms,6,0.260805638333333,0.7558694960874599,-0.5324307499710628,1.0540420266377286
late-r1-hz30,auto-batched,manual-full,device_peak_mib,6,0.0,0.0,0.0,0.0
late-r1-hz30,auto-batched,manual-full,protected_mib,6,0.04539642433593727,0.07131797573833158,-0.02944720116910475,0.12024004984097929
late-r1-hz30,auto-batched,manual-full,private_copy_mean_mib,6,0.0,0.0,0.0,0.0
late-r1-hz30,auto-batched,manual-full,private_copy_peak_mib,6,0.0,0.0,0.0,0.0
late-r1-hz30,auto-batched,manual-full,copy_p50_device_ms,6,0,0.0,0.0,0.0
late-r1-hz30,auto-batched,manual-full,copy_p99_device_ms,6,0,0.0,0.0,0.0
late-r1-hz30,auto-batched,manual-full,summed_consumer_allocated_peaks_mib,6,0.0,0.0,0.0,0.0
late-r1-hz30,auto-batched,manual-full,summed_consumer_reserved_peaks_mib,6,0.0,0.0,0.0,0.0
late-r1-hz30,auto-batched,manual-full,timely_50ms_hz,6,2.322222222222222,1.5204775078414847,0.7265789358331478,3.917865508611296
late-r1-hz30,auto-batched,manual-full,timely_75ms_hz,6,1.1842378929335002e-15,0.03651483716701159,-0.03831997150805916,0.03831997150806153
late-r1-hz30,auto-batched,manual-full,timely_100ms_hz,6,0.0,0.0,0.0,0.0
late-r1-hz30,auto-batched,manual-full,timely_150ms_hz,6,0.0,0.0,0.0,0.0
late-r1-hz30,auto-batched,manual-full,arrivals,6,0,0.0,0.0,0.0
late-r1-hz30,auto-batched,manual-full,publications,6,0,0.0,0.0,0.0
late-r1-hz30,auto-batched,manual-full,timely,6,0,0.0,0.0,0.0
late-r1-hz30,auto-batched,manual-full,correct_late,6,0,0.0,0.0,0.0
late-r1-hz30,auto-batched,manual-full,producer_late,6,0,0.0,0.0,0.0
late-r1-hz30,auto-batched,manual-full,pool_exhausted,6,0,0.0,0.0,0.0
late-r1-hz30,auto-batched,manual-full,credit_exhausted,6,0,0.0,0.0,0.0
late-r1-hz30,auto-batched,manual-full,queue_loss,6,0,0.0,0.0,0.0
late-r1-hz30,auto-batched,manual-full,peak_outstanding,6,0,0.0,0.0,0.0
late-r1-hz30,auto-batched,manual-early,receipt_capacity_hz,6,0.0,0.036514837167009,-0.03831997150805762,0.03831997150805762
late-r1-hz30,auto-batched,manual-early,cohort_delivered_hz,6,0.0,0.0,0.0,0.0
late-r1-hz30,auto-batched,manual-early,mean_age_ms,6,-0.5204285370331428,0.4332619286559251,-0.9751090463747403,-0.06574802769154542
late-r1-hz30,auto-batched,manual-early,p50_latency_ms,6,-0.08343166666666708,0.3379851578668295,-0.43812533708798723,0.2712620037546531
late-r1-hz30,auto-batched,manual-early,p99_latency_ms,6,0.3424481699999949,0.769659982045651,-0.46526044576041165,1.1501567857604014
late-r1-hz30,auto-batched,manual-early,device_peak_mib,6,0.0,0.0,0.0,0.0
late-r1-hz30,auto-batched,manual-early,protected_mib,6,0.12665294542968772,0.07127955156334123,0.05184964362331418,0.20145624723606126
late-r1-hz30,auto-batched,manual-early,private_copy_mean_mib,6,0.0,0.0,0.0,0.0
late-r1-hz30,auto-batched,manual-early,private_copy_peak_mib,6,0.0,0.0,0.0,0.0
late-r1-hz30,auto-batched,manual-early,copy_p50_device_ms,6,0,0.0,0.0,0.0
late-r1-hz30,auto-batched,manual-early,copy_p99_device_ms,6,0,0.0,0.0,0.0
late-r1-hz30,auto-batched,manual-early,summed_consumer_allocated_peaks_mib,6,0.0,0.0,0.0,0.0
late-r1-hz30,auto-batched,manual-early,summed_consumer_reserved_peaks_mib,6,0.0,0.0,0.0,0.0
late-r1-hz30,auto-batched,manual-early,timely_50ms_hz,6,2.272222222222222,1.3023767447191246,0.9054616497422636,3.638982794702181
late-r1-hz30,auto-batched,manual-early,timely_75ms_hz,6,-0.01111111111111048,0.01721325931647643,-0.02917531891659237,0.006953096694371408
late-r1-hz30,auto-batched,manual-early,timely_100ms_hz,6,0.0,0.0,0.0,0.0
late-r1-hz30,auto-batched,manual-early,timely_150ms_hz,6,0.0,0.0,0.0,0.0
late-r1-hz30,auto-batched,manual-early,arrivals,6,0,0.0,0.0,0.0
late-r1-hz30,auto-batched,manual-early,publications,6,0,0.0,0.0,0.0
late-r1-hz30,auto-batched,manual-early,timely,6,0,0.0,0.0,0.0
late-r1-hz30,auto-batched,manual-early,correct_late,6,0,0.0,0.0,0.0
late-r1-hz30,auto-batched,manual-early,producer_late,6,0,0.0,0.0,0.0
late-r1-hz30,auto-batched,manual-early,pool_exhausted,6,0,0.0,0.0,0.0
late-r1-hz30,auto-batched,manual-early,credit_exhausted,6,0,0.0,0.0,0.0
late-r1-hz30,auto-batched,manual-early,queue_loss,6,0,0.0,0.0,0.0
late-r1-hz30,auto-batched,manual-early,peak_outstanding,6,-0.6666666666666666,1.632993161855452,-2.380387890424203,1.04705455709087
