run,condition,method,repeat,receipt_capacity_hz,cohort_delivered_hz,mean_age_ms,p50_latency_ms,p99_latency_ms,device_peak_mib,protected_mib,private_copy_mean_mib,private_copy_peak_mib,copy_p50_device_ms,copy_p99_device_ms,summed_consumer_allocated_peaks_mib,summed_consumer_reserved_peaks_mib,timely_50ms_hz,timely_75ms_hz,timely_100ms_hz,timely_150ms_hz,arrivals,publications,timely,correct_late,producer_late,pool_exhausted,credit_exhausted,queue_loss,peak_outstanding
formal-r00-base-r1-hz30-auto-batched,base-r1-hz30,auto-batched,0,78.43333333333334,78.4,94.18838936502192,68.365751,90.1798817,5078.0,40.350767165156256,0.0,0.0,0,0,1788.283203125,2032.0,1.9,55.7,78.4,78.4,3600,2352,2352,0,0,1248,0,0,11
formal-r00-base-r1-hz30-copy-in,base-r1-hz30,copy-in,0,78.8,78.8,102.66006188611229,77.1180895,101.11566031999998,5334.0,36.81966796875,247.87659166453125,253.125,0.10751999914646149,0.11161600053310394,1980.283203125,2288.0,0.0,34.5,77.66666666666667,78.8,3600,2364,2330,34,0,1236,0,0,12
formal-r00-base-r1-hz30-manual-early,base-r1-hz30,manual-early,0,78.53333333333333,78.53333333333333,95.18961524123338,69.4453425,90.69380509999998,5078.0,40.14814319296875,0.0,0.0,0,0,1788.283203125,2032.0,1.0666666666666667,54.233333333333334,78.53333333333333,78.53333333333333,3600,2356,2356,0,0,1244,0,0,11
formal-r00-base-r1-hz30-manual-full,base-r1-hz30,manual-full,0,60.0,60.0,91.40693082665942,57.7450005,68.21394938,5078.0,48.556900591875,0.0,0.0,0,0,1724.283203125,2032.0,5.566666666666666,60.0,60.0,60.0,3600,1800,1800,0,0,1800,0,0,8
formal-r00-base-r1-hz10-copy-in,base-r1-hz10,copy-in,0,40.0,40.0,109.49514115333335,59.188468,69.91115168,5334.0,5.322472018593751,127.04994776953124,253.125,0.10239999741315842,0.7608524918556213,1980.283203125,2288.0,0.5,40.0,40.0,40.0,1200,1200,1200,0,0,0,0,0,4
formal-r00-base-r1-hz10-auto-batched,base-r1-hz10,auto-batched,0,40.0,40.0,108.40953210916666,58.1831945,69.01704052999999,5078.0,12.054076254140625,0.0,0.0,0,0,1788.283203125,2032.0,2.6666666666666665,40.0,40.0,40.0,1200,1200,1200,0,0,0,0,0,4
formal-r00-base-r1-hz10-manual-full,base-r1-hz10,manual-full,0,40.0,40.0,107.41249115916668,57.4523825,67.41315209,5078.0,32.362930288828125,0.0,0.0,0,0,1724.283203125,2032.0,5.6,40.0,40.0,40.0,1200,1200,1200,0,0,0,0,0,4
formal-r00-base-r1-hz10-manual-early,base-r1-hz10,manual-early,0,40.0,40.0,107.03660391499997,57.288203499999995,67.7026734,5078.0,12.471248128359376,0.0,0.0,0,0,1788.283203125,2032.0,6.2,40.0,40.0,40.0,1200,1200,1200,0,0,0,0,0,4
formal-r00-base-r1-hz25-auto-batched,base-r1-hz25,auto-batched,0,75.03333333333333,74.93333333333334,94.99794188233338,67.28822,85.57306528000001,5078.0,34.490622947343745,0.0,0.0,0,0,1788.283203125,2032.0,2.3333333333333335,59.7,74.93333333333334,74.93333333333334,3000,2248,2248,0,0,752,0,0,10
formal-r00-base-r1-hz25-copy-in,base-r1-hz25,copy-in,0,78.53333333333333,78.53333333333333,99.98888790033332,74.39265449999999,100.17029529999995,5334.0,33.0525981253125,245.78337969140625,253.125,0.10751999914646149,0.11264000087976456,1980.283203125,2288.0,0.3,40.666666666666664,77.7,78.53333333333333,3000,2356,2331,25,0,644,0,0,11
formal-r00-base-r1-hz25-manual-full,base-r1-hz25,manual-full,0,50.0,50.0,96.84292467200002,57.1144185,68.03098417,5078.0,40.397489007187495,0.0,0.0,0,0,1724.283203125,2032.0,8.233333333333333,50.0,50.0,50.0,3000,1500,1500,0,0,1500,0,0,8
formal-r00-base-r1-hz25-manual-early,base-r1-hz25,manual-early,0,75.03333333333333,74.93333333333334,94.31059302266668,66.835117,84.80319142,5078.0,34.98372978398437,0.0,0.0,0,0,1788.283203125,2032.0,3.2666666666666666,60.46666666666667,74.93333333333334,74.93333333333334,3000,2248,2248,0,0,752,0,0,9
formal-r00-base-r1-hz15-auto-batched,base-r1-hz15,auto-batched,0,59.96666666666667,60.0,92.34905368240797,58.4262295,69.17432222000001,5078.0,17.832983802187503,0.0,0.0,0,0,1788.283203125,2032.0,2.8666666666666667,59.96666666666667,60.0,60.0,1800,1800,1800,0,0,0,0,0,6
formal-r00-base-r1-hz15-manual-early,base-r1-hz15,manual-early,0,60.0,60.0,91.05002940347333,57.4434875,68.22844699,5078.0,18.228825944296876,0.0,0.0,0,0,1788.283203125,2032.0,6.7,60.0,60.0,60.0,1800,1800,1800,0,0,0,0,0,6
formal-r00-base-r1-hz15-copy-in,base-r1-hz15,copy-in,0,60.0,60.0,92.85775057323492,59.129862,69.23090004000001,5334.0,8.016939018281251,191.1132152880469,253.125,0.10239999741315842,1.0250240564346313,1980.283203125,2288.0,0.4666666666666667,59.96666666666667,60.0,60.0,1800,1800,1800,0,0,0,0,0,7
formal-r00-base-r1-hz15-manual-full,base-r1-hz15,manual-full,0,60.0,60.0,90.8798911880352,57.306709,67.85977804,5078.0,48.41860089445312,0.0,0.0,0,0,1724.283203125,2032.0,7.0,60.0,60.0,60.0,1800,1800,1800,0,0,0,0,0,6
formal-r00-base-r1-hz20-manual-full,base-r1-hz20,manual-full,0,40.0,40.0,108.70189266499997,58.250714,68.91626088,5078.0,32.330896048125,0.0,0.0,0,0,1724.283203125,2032.0,1.5333333333333334,40.0,40.0,40.0,2400,1200,1200,0,0,1200,0,0,8
formal-r00-base-r1-hz20-auto-batched,base-r1-hz20,auto-batched,0,78.13333333333334,78.13333333333334,95.59650493250007,69.63484199999999,90.42183291,5078.0,40.52602550882812,0.0,0.0,0,0,1788.283203125,2032.0,1.0333333333333334,54.56666666666667,78.1,78.13333333333334,2400,2344,2343,1,0,56,0,0,11
formal-r00-base-r1-hz20-manual-early,base-r1-hz20,manual-early,0,78.4,78.4,94.87086800041668,69.1489865,90.09386374999997,5078.0,40.86176728992188,0.0,0.0,0,0,1788.283203125,2032.0,1.4666666666666666,57.333333333333336,78.4,78.4,2400,2352,2352,0,0,48,0,0,8
formal-r00-base-r1-hz20-copy-in,base-r1-hz20,copy-in,0,78.26666666666667,78.26666666666667,100.34821282458329,74.298459,99.08938901000005,5334.0,33.94997557171875,245.9725534828125,253.125,0.10751999914646149,0.11161600053310394,1980.283203125,2288.0,0.5,40.4,77.8,78.26666666666667,2400,2348,2334,14,0,52,0,0,9
formal-r00-base-r1-hz40-copy-in,base-r1-hz40,copy-in,0,78.96666666666667,78.93333333333334,107.04611047833329,81.57058900000001,101.41828319,5334.0,41.5424434809375,248.55049563117188,253.125,0.10751999914646149,0.11161600053310394,1980.283203125,2288.0,0.0,20.533333333333335,77.03333333333333,78.93333333333334,4800,2368,2311,57,0,2432,0,0,12
formal-r00-base-r1-hz40-manual-full,base-r1-hz40,manual-full,0,53.333333333333336,53.333333333333336,94.98519961812502,57.392882,67.93119405,5078.0,43.0433130178125,0.0,0.0,0,0,1724.283203125,2032.0,6.933333333333334,53.333333333333336,53.333333333333336,53.333333333333336,4800,1600,1600,0,0,3200,0,0,8
formal-r00-base-r1-hz40-manual-early,base-r1-hz40,manual-early,0,78.93333333333334,78.93333333333334,95.79296145562505,70.536864,89.98504595,5078.0,43.1649911334375,0.0,0.0,0,0,1788.283203125,2032.0,0.23333333333333334,54.3,78.93333333333334,78.93333333333334,4800,2368,2368,0,0,2432,0,0,12
formal-r00-base-r1-hz40-auto-batched,base-r1-hz40,auto-batched,0,79.16666666666667,79.06666666666666,95.07255021645831,69.6513885,91.12326906999999,5078.0,42.185534180625005,0.0,0.0,0,0,1788.283203125,2032.0,0.5333333333333333,56.7,79.03333333333333,79.06666666666666,4800,2372,2371,1,0,2428,0,0,12
formal-r00-late-r1-hz30-auto-batched,late-r1-hz30,auto-batched,0,59.96666666666667,60.0,91.73136140982896,58.243365499999996,69.54219599,5078.0,49.249667368124996,0.0,0.0,0,0,1724.283203125,2032.0,5.233333333333333,59.96666666666667,60.0,60.0,3600,1800,1800,0,0,1800,0,0,8
formal-r00-late-r1-hz30-manual-early,late-r1-hz30,manual-early,0,60.0,60.0,91.64342654641982,57.8292445,68.44624867,5078.0,49.04078725125,0.0,0.0,0,0,1724.283203125,2032.0,4.3,60.0,60.0,60.0,3600,1800,1800,0,0,1800,0,0,8
formal-r00-late-r1-hz30-manual-full,late-r1-hz30,manual-full,0,60.03333333333333,60.0,91.5476337910119,57.9135735,68.438128,5078.0,49.101009618515626,0.0,0.0,0,0,1724.283203125,2032.0,5.0,60.0,60.0,60.0,3600,1800,1800,0,0,1800,0,0,8
formal-r00-late-r1-hz30-copy-in,late-r1-hz30,copy-in,0,77.7,77.6,103.87233412748772,78.06038649999999,101.93910546,5334.0,36.89542083304687,247.99009469484375,253.125,0.10751999914646149,0.11161600053310394,1980.283203125,2288.0,0.0,31.533333333333335,76.1,77.6,3600,2328,2283,45,0,1272,0,0,12
formal-r01-late-r1-hz30-manual-early,late-r1-hz30,manual-early,1,60.0,60.0,91.83609247880021,58.097474,68.75205954,5078.0,49.0197829471875,0.0,0.0,0,0,1724.283203125,2032.0,4.1,60.0,60.0,60.0,3600,1800,1800,0,0,1800,0,0,8
formal-r01-late-r1-hz30-copy-in,late-r1-hz30,copy-in,1,77.8,77.86666666666666,104.17110909729422,78.44611699999999,101.24896355,5334.0,37.41643925296875,247.94802881085937,253.125,0.10751999914646149,0.11161600053310394,1980.283203125,2288.0,0.0,30.666666666666668,76.43333333333334,77.86666666666666,3600,2336,2293,43,0,1264,0,0,12
formal-r01-late-r1-hz30-manual-full,late-r1-hz30,manual-full,1,60.0,60.0,91.41955227901266,57.848593,68.40842575999999,5078.0,49.1001104109375,0.0,0.0,0,0,1724.283203125,2032.0,5.5,60.0,60.0,60.0,3600,1800,1800,0,0,1800,0,0,8
formal-r01-late-r1-hz30-auto-batched,late-r1-hz30,auto-batched,1,59.96666666666667,60.0,90.7007103250969,57.4966625,68.02499261999999,5078.0,49.216956903984375,0.0,0.0,0,0,1724.283203125,2032.0,8.133333333333333,60.0,60.0,60.0,3600,1800,1800,0,0,1800,0,0,8
formal-r01-base-r1-hz10-manual-early,base-r1-hz10,manual-early,1,40.0,40.0,108.43833304583332,57.9514315,68.08575533,5078.0,11.9078242846875,0.0,0.0,0,0,1788.283203125,2032.0,2.1666666666666665,40.0,40.0,40.0,1200,1200,1200,0,0,0,0,0,4
formal-r01-base-r1-hz10-auto-batched,base-r1-hz10,auto-batched,1,40.0,40.0,106.91238228166665,57.180751,68.1938585,5078.0,12.543780377812501,0.0,0.0,0,0,1788.283203125,2032.0,6.266666666666667,40.0,40.0,40.0,1200,1200,1200,0,0,0,0,0,4
formal-r01-base-r1-hz10-copy-in,base-r1-hz10,copy-in,1,40.0,40.0,109.29253006333332,58.8411805,68.73790828,5334.0,5.1388546584374994,127.34381964445312,253.125,0.10239999741315842,1.0270719528198242,1980.283203125,2288.0,0.36666666666666664,40.0,40.0,40.0,1200,1200,1200,0,0,0,0,0,4
formal-r01-base-r1-hz10-manual-full,base-r1-hz10,manual-full,1,40.0,40.0,107.31050303249998,57.4066995,67.84037079,5078.0,32.316968380781255,0.0,0.0,0,0,1724.283203125,2032.0,5.333333333333333,40.0,40.0,40.0,1200,1200,1200,0,0,0,0,0,4
formal-r01-base-r1-hz30-manual-early,base-r1-hz30,manual-early,1,78.5,78.53333333333333,95.2073551194195,69.408094,90.63867585,5078.0,40.85574177796875,0.0,0.0,0,0,1788.283203125,2032.0,1.1333333333333333,54.03333333333333,78.53333333333333,78.53333333333333,3600,2356,2356,0,0,1244,0,0,11
formal-r01-base-r1-hz30-auto-batched,base-r1-hz30,auto-batched,1,78.8,78.8,94.91871369860306,69.231171,90.09713255999999,5078.0,40.379857600078125,0.0,0.0,0,0,1788.283203125,2032.0,1.1,54.53333333333333,78.8,78.8,3600,2364,2364,0,0,1236,0,0,10
formal-r01-base-r1-hz30-copy-in,base-r1-hz30,copy-in,1,78.8,78.8,102.46817590106855,77.02391850000001,99.55197374000001,5334.0,37.212135986250004,247.79697228,253.125,0.10751999914646149,0.11161600053310394,1980.283203125,2288.0,0.03333333333333333,34.4,78.13333333333334,78.8,3600,2364,2344,20,0,1236,0,0,12
formal-r01-base-r1-hz30-manual-full,base-r1-hz30,manual-full,1,60.0,60.0,91.14172901284292,57.539565,68.32216942,5078.0,48.49358347617188,0.0,0.0,0,0,1724.283203125,2032.0,6.066666666666666,60.0,60.0,60.0,3600,1800,1800,0,0,1800,0,0,8
formal-r01-base-r1-hz15-manual-full,base-r1-hz15,manual-full,1,60.0,60.0,91.04030238362763,57.5550865,68.23475394,5078.0,48.4298367440625,0.0,0.0,0,0,1724.283203125,2032.0,6.633333333333334,60.0,60.0,60.0,1800,1800,1800,0,0,0,0,0,6
formal-r01-base-r1-hz15-auto-batched,base-r1-hz15,auto-batched,1,60.03333333333333,60.0,90.92571923560033,57.593569,68.43074567,5078.0,18.582536326640625,0.0,0.0,0,0,1788.283203125,2032.0,7.133333333333334,60.0,60.0,60.0,1800,1800,1800,0,0,0,0,0,6
formal-r01-base-r1-hz15-copy-in,base-r1-hz15,copy-in,1,60.03333333333333,60.0,92.86271438575794,59.710868000000005,70.42227895,5334.0,8.027480799140625,191.05867701140625,253.125,0.1013759970664978,0.11059200018644333,1980.283203125,2288.0,0.3,60.0,60.0,60.0,1800,1800,1800,0,0,0,0,0,6
formal-r01-base-r1-hz15-manual-early,base-r1-hz15,manual-early,1,60.0,60.0,91.0173856541891,57.57115,67.97498557,5078.0,18.38691604898437,0.0,0.0,0,0,1788.283203125,2032.0,7.2,60.0,60.0,60.0,1800,1800,1800,0,0,0,0,0,6
formal-r01-base-r1-hz25-manual-full,base-r1-hz25,manual-full,1,50.0,50.0,96.69271704199994,56.838618,66.93378951,5078.0,40.391782725937496,0.0,0.0,0,0,1724.283203125,2032.0,7.433333333333334,50.0,50.0,50.0,3000,1500,1500,0,0,1500,0,0,8
formal-r01-base-r1-hz25-copy-in,base-r1-hz25,copy-in,1,78.53333333333333,78.53333333333333,99.35998529300002,73.659273,98.9407114,5334.0,32.880352247578124,245.83482514125,253.125,0.10751999914646149,0.11264000087976456,1980.283203125,2288.0,0.7,42.03333333333333,78.0,78.53333333333333,3000,2356,2340,16,0,644,0,0,11
formal-r01-base-r1-hz25-auto-batched,base-r1-hz25,auto-batched,1,75.03333333333333,74.93333333333334,94.91083338000004,67.0001005,85.6095816,5078.0,34.450134896953124,0.0,0.0,0,0,1788.283203125,2032.0,2.4,59.8,74.93333333333334,74.93333333333334,3000,2248,2248,0,0,752,0,0,11
formal-r01-base-r1-hz25-manual-early,base-r1-hz25,manual-early,1,74.93333333333334,74.93333333333334,94.70289110199998,67.1541875,85.35881473,5078.0,34.33828070601563,0.0,0.0,0,0,1788.283203125,2032.0,2.6666666666666665,60.233333333333334,74.93333333333334,74.93333333333334,3000,2248,2248,0,0,752,0,0,9
formal-r01-base-r1-hz20-auto-batched,base-r1-hz20,auto-batched,1,78.13333333333334,78.13333333333334,94.87538223458333,69.03626650000001,88.85920539,5078.0,40.55464209375,0.0,0.0,0,0,1788.283203125,2032.0,1.2333333333333334,56.9,78.13333333333334,78.13333333333334,2400,2344,2344,0,0,56,0,0,8
formal-r01-base-r1-hz20-copy-in,base-r1-hz20,copy-in,1,78.23333333333333,78.26666666666667,99.6185831204167,73.403516,99.4741267,5334.0,34.409225366015626,246.0990998840625,253.125,0.10751999914646149,0.11161600053310394,1980.283203125,2288.0,0.2,42.43333333333333,77.66666666666667,78.26666666666667,2400,2348,2330,18,0,52,0,0,10
formal-r01-base-r1-hz20-manual-full,base-r1-hz20,manual-full,1,40.0,40.0,108.15360519500001,57.576928,68.34013709999999,5078.0,32.404856428828126,0.0,0.0,0,0,1724.283203125,2032.0,2.2333333333333334,40.0,40.0,40.0,2400,1200,1200,0,0,1200,0,0,8
formal-r01-base-r1-hz20-manual-early,base-r1-hz20,manual-early,1,78.13333333333334,78.0,95.50123803624999,69.48489599999999,89.76060985000001,5078.0,40.8135288853125,0.0,0.0,0,0,1788.283203125,2032.0,1.0666666666666667,54.9,78.0,78.0,2400,2340,2340,0,0,60,0,0,8
formal-r01-base-r1-hz40-auto-batched,base-r1-hz40,auto-batched,1,79.1,79.2,95.54915562270841,70.0993605,90.94462775000001,5078.0,42.62047729875,0.0,0.0,0,0,1788.283203125,2032.0,0.16666666666666666,54.9,79.2,79.2,4800,2376,2376,0,0,2424,0,0,12
formal-r01-base-r1-hz40-copy-in,base-r1-hz40,copy-in,1,78.8,78.66666666666667,101.20562276229163,75.68939549999999,96.76867472999999,5334.0,41.68800499289062,248.12805381890624,253.125,0.10751999914646149,0.11161600053310394,1980.283203125,2288.0,0.0,37.166666666666664,78.53333333333333,78.66666666666667,4800,2360,2356,4,0,2440,0,0,12
formal-r01-base-r1-hz40-manual-early,base-r1-hz40,manual-early,1,79.06666666666666,79.06666666666666,96.39804747312508,71.097883,90.06650268,5078.0,43.110492276796876,0.0,0.0,0,0,1788.283203125,2032.0,0.16666666666666666,51.833333333333336,79.03333333333333,79.06666666666666,4800,2372,2371,1,0,2428,0,0,12
formal-r01-base-r1-hz40-manual-full,base-r1-hz40,manual-full,1,53.333333333333336,53.333333333333336,95.92050955562499,57.9332555,68.88426984,5078.0,43.110728794687496,0.0,0.0,0,0,1724.283203125,2032.0,3.1,53.333333333333336,53.333333333333336,53.333333333333336,4800,1600,1600,0,0,3200,0,0,8
formal-r02-base-r1-hz25-manual-full,base-r1-hz25,manual-full,2,50.0,50.0,96.90080806799995,57.019135500000004,68.37178699,5078.0,40.38242355773437,0.0,0.0,0,0,1724.283203125,2032.0,7.9,50.0,50.0,50.0,3000,1500,1500,0,0,1500,0,0,8
formal-r02-base-r1-hz25-copy-in,base-r1-hz25,copy-in,2,78.46666666666667,78.53333333333333,100.06128031799997,74.441303,100.08413734999999,5334.0,33.12238803117187,245.95621909242186,253.125,0.10751999914646149,0.11264000087976456,1980.283203125,2288.0,0.7,40.63333333333333,77.7,78.53333333333333,3000,2356,2331,25,0,644,0,0,11
formal-r02-base-r1-hz25-manual-early,base-r1-hz25,manual-early,2,75.03333333333333,74.93333333333334,94.25369806733332,66.84700699999999,84.71658017000001,5078.0,34.11570151265625,0.0,0.0,0,0,1788.283203125,2032.0,3.3666666666666667,60.5,74.93333333333334,74.93333333333334,3000,2248,2248,0,0,752,0,0,9
formal-r02-base-r1-hz25-auto-batched,base-r1-hz25,auto-batched,2,75.06666666666666,75.06666666666666,94.43782424233335,66.35628249999999,86.04018904999994,5078.0,34.82568049148438,0.0,0.0,0,0,1788.283203125,2032.0,3.1666666666666665,60.13333333333333,75.06666666666666,75.06666666666666,3000,2252,2252,0,0,748,0,0,11
formal-r02-base-r1-hz20-manual-early,base-r1-hz20,manual-early,2,78.4,78.4,95.60102024083332,70.1452155,88.97983654999997,5078.0,41.129326179843744,0.0,0.0,0,0,1788.283203125,2032.0,1.3333333333333333,54.733333333333334,78.4,78.4,2400,2352,2352,0,0,48,0,0,8
formal-r02-base-r1-hz20-auto-batched,base-r1-hz20,auto-batched,2,78.26666666666667,78.26666666666667,94.60343634291664,68.572675,88.76581729,5078.0,40.17083759367188,0.0,0.0,0,0,1788.283203125,2032.0,1.2666666666666666,56.86666666666667,78.26666666666667,78.26666666666667,2400,2348,2348,0,0,52,0,0,8
formal-r02-base-r1-hz20-copy-in,base-r1-hz20,copy-in,2,78.13333333333334,78.13333333333334,100.09183936833331,73.6956475,100.04151157000004,5334.0,33.78249914273437,246.21866658703124,253.125,0.10751999914646149,0.11161600053310394,1980.283203125,2288.0,0.6,41.9,77.33333333333333,78.13333333333334,2400,2344,2320,24,0,56,0,0,12
formal-r02-base-r1-hz20-manual-full,base-r1-hz20,manual-full,2,40.0,40.0,108.56248383833335,58.282352,68.7933889,5078.0,32.357363840156246,0.0,0.0,0,0,1724.283203125,2032.0,1.4,40.0,40.0,40.0,2400,1200,1200,0,0,1200,0,0,8
formal-r02-base-r1-hz40-manual-full,base-r1-hz40,manual-full,2,53.333333333333336,53.333333333333336,95.82569417312502,57.9594335,68.28600397999999,5078.0,43.175392288593756,0.0,0.0,0,0,1724.283203125,2032.0,3.533333333333333,53.333333333333336,53.333333333333336,53.333333333333336,4800,1600,1600,0,0,3200,0,0,8
formal-r02-base-r1-hz40-manual-early,base-r1-hz40,manual-early,2,79.06666666666666,79.06666666666666,95.77542681458335,70.677516,89.24454148,5078.0,42.85860930632813,0.0,0.0,0,0,1788.283203125,2032.0,0.2,54.166666666666664,79.06666666666666,79.06666666666666,4800,2372,2372,0,0,2428,0,0,12
formal-r02-base-r1-hz40-copy-in,base-r1-hz40,copy-in,2,78.8,78.8,101.91535079562505,76.579353,95.33210478999999,5334.0,41.941814957578124,248.80420906242188,253.125,0.10751999914646149,0.11161600053310394,1980.283203125,2288.0,0.0,34.6,78.73333333333333,78.8,4800,2364,2362,2,0,2436,0,0,12
formal-r02-base-r1-hz40-auto-batched,base-r1-hz40,auto-batched,2,79.06666666666666,79.06666666666666,95.8637831347917,70.41120000000001,90.58829451,5078.0,42.73775068921875,0.0,0.0,0,0,1788.283203125,2032.0,0.13333333333333333,53.13333333333333,79.06666666666666,79.06666666666666,4800,2372,2372,0,0,2428,0,0,12
formal-r02-base-r1-hz15-manual-full,base-r1-hz15,manual-full,2,60.0,60.0,91.02251498208724,57.3839155,68.83685351,5078.0,48.479624349609374,0.0,0.0,0,0,1724.283203125,2032.0,5.033333333333333,60.0,60.0,60.0,1800,1800,1800,0,0,0,0,0,6
formal-r02-base-r1-hz15-auto-batched,base-r1-hz15,auto-batched,2,60.0,60.0,91.08948627559464,57.560790499999996,68.28605214000001,5078.0,18.220340131171877,0.0,0.0,0,0,1788.283203125,2032.0,6.3,60.0,60.0,60.0,1800,1800,1800,0,0,0,0,0,6
formal-r02-base-r1-hz15-copy-in,base-r1-hz15,copy-in,2,60.0,60.0,92.71835434874669,59.5312375,68.75800607999999,5334.0,7.7517561853125,191.00203158726563,253.125,0.10239999741315842,1.0291199684143066,1980.283203125,2288.0,0.2,60.0,60.0,60.0,1800,1800,1800,0,0,0,0,0,7
formal-r02-base-r1-hz15-manual-early,base-r1-hz15,manual-early,2,59.96666666666667,60.0,91.66525103043178,57.662543,68.19900689,5078.0,17.86686682359375,0.0,0.0,0,0,1788.283203125,2032.0,3.7666666666666666,60.0,60.0,60.0,1800,1800,1800,0,0,0,0,0,6
formal-r02-base-r1-hz30-auto-batched,base-r1-hz30,auto-batched,2,78.76666666666667,78.66666666666667,94.41875432623095,68.6770445,90.82922131999999,5078.0,40.582551875625,0.0,0.0,0,0,1788.283203125,2032.0,1.7,55.166666666666664,78.66666666666667,78.66666666666667,3600,2360,2360,0,0,1240,0,0,11
formal-r02-base-r1-hz30-copy-in,base-r1-hz30,copy-in,2,78.83333333333333,78.8,102.52403294447008,77.0070305,100.35641697999995,5334.0,36.952619685468754,248.19499041539063,253.125,0.10751999914646149,0.11161600053310394,1980.283203125,2288.0,0.03333333333333333,34.5,77.93333333333334,78.8,3600,2364,2338,26,0,1236,0,0,12
formal-r02-base-r1-hz30-manual-early,base-r1-hz30,manual-early,2,78.66666666666667,78.66666666666667,94.70700973489961,69.017375,90.10325221999999,5078.0,40.5835801790625,0.0,0.0,0,0,1788.283203125,2032.0,1.2666666666666666,54.9,78.66666666666667,78.66666666666667,3600,2360,2360,0,0,1240,0,0,10
formal-r02-base-r1-hz30-manual-full,base-r1-hz30,manual-full,2,60.0,60.0,91.29661058125596,57.6074795,68.13992449999999,5078.0,48.47715191320312,0.0,0.0,0,0,1724.283203125,2032.0,5.566666666666666,60.0,60.0,60.0,3600,1800,1800,0,0,1800,0,0,8
formal-r02-late-r1-hz30-manual-full,late-r1-hz30,manual-full,2,60.0,60.0,92.01149543503774,58.2155595,67.87828492,5078.0,49.110293600156254,0.0,0.0,0,0,1724.283203125,2032.0,3.7666666666666666,60.0,60.0,60.0,3600,1800,1800,0,0,1800,0,0,8
formal-r02-late-r1-hz30-manual-early,late-r1-hz30,manual-early,2,59.96666666666667,60.0,91.52275552964244,57.6886535,67.77675581000001,5078.0,48.98914128,0.0,0.0,0,0,1724.283203125,2032.0,4.7,60.0,60.0,60.0,3600,1800,1800,0,0,1800,0,0,8
formal-r02-late-r1-hz30-copy-in,late-r1-hz30,copy-in,2,77.66666666666667,77.73333333333333,104.18103248108801,78.464365,101.1576973,5334.0,37.12959584929687,248.24326859226562,253.125,0.10751999914646149,0.11161600053310394,1980.283203125,2288.0,0.0,31.0,76.16666666666667,77.73333333333333,3600,2332,2285,47,0,1268,0,0,12
formal-r02-late-r1-hz30-auto-batched,late-r1-hz30,auto-batched,2,60.0,60.0,90.93152404501143,57.629676,69.15197072999999,5078.0,49.13224907835937,0.0,0.0,0,0,1724.283203125,2032.0,7.366666666666666,59.96666666666667,60.0,60.0,3600,1800,1800,0,0,1800,0,0,8
formal-r02-base-r1-hz10-manual-early,base-r1-hz10,manual-early,2,40.0,40.0,107.92841667416668,57.583337,68.68968872,5078.0,12.027780566015625,0.0,0.0,0,0,1788.283203125,2032.0,3.3333333333333335,40.0,40.0,40.0,1200,1200,1200,0,0,0,0,0,4
formal-r02-base-r1-hz10-auto-batched,base-r1-hz10,auto-batched,2,40.0,40.0,107.72078132749998,57.907645,68.81058976999999,5078.0,12.480600071953125,0.0,0.0,0,0,1788.283203125,2032.0,4.733333333333333,40.0,40.0,40.0,1200,1200,1200,0,0,0,0,0,4
formal-r02-base-r1-hz10-copy-in,base-r1-hz10,copy-in,2,40.0,40.0,109.2850058325,59.296475,69.41693466,5334.0,5.088951522421875,127.44649420242187,253.125,0.10239999741315842,0.940042245388031,1980.283203125,2288.0,0.36666666666666664,40.0,40.0,40.0,1200,1200,1200,0,0,0,0,0,4
formal-r02-base-r1-hz10-manual-full,base-r1-hz10,manual-full,2,40.0,40.0,107.61455764083337,57.443430500000005,67.86836871999999,5078.0,32.324681700703124,0.0,0.0,0,0,1724.283203125,2032.0,3.8,40.0,40.0,40.0,1200,1200,1200,0,0,0,0,0,4
formal-r03-base-r1-hz15-manual-full,base-r1-hz15,manual-full,3,59.96666666666667,60.0,91.0803328425998,57.4704335,67.80926646,5078.0,48.456622990546876,0.0,0.0,0,0,1724.283203125,2032.0,5.733333333333333,60.0,60.0,60.0,1800,1800,1800,0,0,0,0,0,6
formal-r03-base-r1-hz15-manual-early,base-r1-hz15,manual-early,3,60.0,60.0,90.33486147451904,57.251785999999996,67.56181448,5078.0,18.629446573828126,0.0,0.0,0,0,1788.283203125,2032.0,9.566666666666666,60.0,60.0,60.0,1800,1800,1800,0,0,0,0,0,6
formal-r03-base-r1-hz15-copy-in,base-r1-hz15,copy-in,3,60.03333333333333,60.0,92.69901740482008,59.404782,70.15733514,5334.0,7.851932954296875,190.86933845460936,253.125,0.10239999741315842,0.11059200018644333,1980.283203125,2288.0,0.3333333333333333,59.93333333333333,60.0,60.0,1800,1800,1800,0,0,0,0,0,7
formal-r03-base-r1-hz15-auto-batched,base-r1-hz15,auto-batched,3,60.0,60.0,90.9776251917747,57.428267500000004,68.63931921999999,5078.0,18.453405675234375,0.0,0.0,0,0,1788.283203125,2032.0,6.533333333333333,60.0,60.0,60.0,1800,1800,1800,0,0,0,0,0,6
formal-r03-late-r1-hz30-manual-early,late-r1-hz30,manual-early,3,60.0,60.0,91.11719316445394,57.7943225,68.35883917,5078.0,49.041510285937505,0.0,0.0,0,0,1724.283203125,2032.0,7.566666666666666,60.0,60.0,60.0,3600,1800,1800,0,0,1800,0,0,12
formal-r03-late-r1-hz30-manual-full,late-r1-hz30,manual-full,3,59.96666666666667,60.0,91.3522176285043,57.823768,68.28709246,5078.0,49.06796922070313,0.0,0.0,0,0,1724.283203125,2032.0,6.133333333333334,60.0,60.0,60.0,3600,1800,1800,0,0,1800,0,0,8
formal-r03-late-r1-hz30-copy-in,late-r1-hz30,copy-in,3,77.73333333333333,77.73333333333333,103.62464248535862,77.917617,100.80691304,5334.0,36.74161762171875,247.8899166075,253.125,0.10751999914646149,0.11161600053310394,1980.283203125,2288.0,0.0,32.3,76.53333333333333,77.73333333333333,3600,2332,2296,36,0,1268,0,0,12
formal-r03-late-r1-hz30-auto-batched,late-r1-hz30,auto-batched,3,60.03333333333333,60.0,90.7558811386988,57.625333,68.5098308,5078.0,49.06133551265625,0.0,0.0,0,0,1724.283203125,2032.0,8.3,60.0,60.0,60.0,3600,1800,1800,0,0,1800,0,0,8
formal-r03-base-r1-hz10-copy-in,base-r1-hz10,copy-in,3,40.0,40.0,109.24620939833332,59.310642,69.1499867,5334.0,5.08559993859375,127.31272463039062,253.125,0.1013759970664978,1.0301439762115479,1980.283203125,2288.0,0.4,40.0,40.0,40.0,1200,1200,1200,0,0,0,0,0,4
formal-r03-base-r1-hz10-auto-batched,base-r1-hz10,auto-batched,3,40.0,40.0,107.67920651166668,57.572278,68.48032176999999,5078.0,12.3390774140625,0.0,0.0,0,0,1788.283203125,2032.0,4.466666666666667,40.0,40.0,40.0,1200,1200,1200,0,0,0,0,0,4
formal-r03-base-r1-hz10-manual-full,base-r1-hz10,manual-full,3,40.0,40.0,108.77113249583331,58.2453295,68.47914743,5078.0,32.34532321757813,0.0,0.0,0,0,1724.283203125,2032.0,1.2333333333333334,40.0,40.0,40.0,1200,1200,1200,0,0,0,0,0,4
formal-r03-base-r1-hz10-manual-early,base-r1-hz10,manual-early,3,40.0,40.0,108.92548426416671,58.5708395,68.91004098,5078.0,11.858643854296874,0.0,0.0,0,0,1788.283203125,2032.0,1.8,40.0,40.0,40.0,1200,1200,1200,0,0,0,0,0,4
formal-r03-base-r1-hz40-manual-full,base-r1-hz40,manual-full,3,53.333333333333336,53.333333333333336,94.65765205875002,57.027049,67.66680929,5078.0,43.105182473671874,0.0,0.0,0,0,1724.283203125,2032.0,7.2,53.333333333333336,53.333333333333336,53.333333333333336,4800,1600,1600,0,0,3200,0,0,8
formal-r03-base-r1-hz40-manual-early,base-r1-hz40,manual-early,3,79.06666666666666,79.06666666666666,95.89412570104167,70.68214950000001,90.07327255999999,5078.0,42.89406708796875,0.0,0.0,0,0,1788.283203125,2032.0,0.1,54.03333333333333,79.06666666666666,79.06666666666666,4800,2372,2372,0,0,2428,0,0,12
formal-r03-base-r1-hz40-auto-batched,base-r1-hz40,auto-batched,3,79.06666666666666,79.06666666666666,95.73769264145834,70.4213145,91.07376637,5078.0,42.2845365403125,0.0,0.0,0,0,1788.283203125,2032.0,0.16666666666666666,53.6,79.06666666666666,79.06666666666666,4800,2372,2372,0,0,2428,0,0,12
formal-r03-base-r1-hz40-copy-in,base-r1-hz40,copy-in,3,78.8,78.8,105.78476903229166,80.3663075,102.18972450999996,5334.0,41.84201258789062,248.64034495710936,253.125,0.10751999914646149,0.11161600053310394,1980.283203125,2288.0,0.0,23.966666666666665,77.33333333333333,78.8,4800,2364,2320,44,0,2436,0,0,12
formal-r03-base-r1-hz20-auto-batched,base-r1-hz20,auto-batched,3,78.26666666666667,78.26666666666667,94.06901878208336,68.092581,89.25809936000002,5078.0,40.354666452421874,0.0,0.0,0,0,1788.283203125,2032.0,1.6333333333333333,58.166666666666664,78.26666666666667,78.26666666666667,2400,2348,2348,0,0,52,0,0,8
formal-r03-base-r1-hz20-manual-full,base-r1-hz20,manual-full,3,40.0,40.0,108.50129286333336,58.154787,69.13230750000001,5078.0,32.28964624125,0.0,0.0,0,0,1724.283203125,2032.0,1.5666666666666667,40.0,40.0,40.0,2400,1200,1200,0,0,1200,0,0,8
formal-r03-base-r1-hz20-copy-in,base-r1-hz20,copy-in,3,78.4,78.4,100.27709434375,74.5039265,99.04387232999997,5334.0,34.35108819609375,246.20443848351562,253.125,0.10751999914646149,0.11161600053310394,1980.283203125,2288.0,0.5666666666666667,40.36666666666667,77.96666666666667,78.4,2400,2352,2339,13,0,48,0,0,10
formal-r03-base-r1-hz20-manual-early,base-r1-hz20,manual-early,3,78.36666666666666,78.4,94.34464926083334,68.44141450000001,88.90475569,5078.0,40.79996449664063,0.0,0.0,0,0,1788.283203125,2032.0,1.7666666666666666,57.766666666666666,78.4,78.4,2400,2352,2352,0,0,48,0,0,9
formal-r03-base-r1-hz25-manual-early,base-r1-hz25,manual-early,3,74.93333333333334,74.93333333333334,94.96257507600001,67.51497499999999,84.73324843000002,5078.0,33.70689663679688,0.0,0.0,0,0,1788.283203125,2032.0,2.466666666666667,61.1,74.93333333333334,74.93333333333334,3000,2248,2248,0,0,752,0,0,9
formal-r03-base-r1-hz25-copy-in,base-r1-hz25,copy-in,3,78.53333333333333,78.53333333333333,99.57919560133338,74.029259,99.19603214999998,5334.0,33.18632399742187,246.60966149296874,253.125,0.10751999914646149,0.11161600053310394,1980.283203125,2288.0,1.3666666666666667,41.333333333333336,77.93333333333334,78.53333333333333,3000,2356,2338,18,0,644,0,0,11
formal-r03-base-r1-hz25-manual-full,base-r1-hz25,manual-full,3,50.0,50.0,97.46221321666668,57.4933415,68.93423142,5078.0,40.383327690703126,0.0,0.0,0,0,1724.283203125,2032.0,6.1,50.0,50.0,50.0,3000,1500,1500,0,0,1500,0,0,8
formal-r03-base-r1-hz25-auto-batched,base-r1-hz25,auto-batched,3,74.93333333333334,74.93333333333334,94.046952544,66.450344,84.63764215,5078.0,34.988088704062505,0.0,0.0,0,0,1788.283203125,2032.0,3.6666666666666665,61.166666666666664,74.93333333333334,74.93333333333334,3000,2248,2248,0,0,752,0,0,9
formal-r03-base-r1-hz30-copy-in,base-r1-hz30,copy-in,3,78.83333333333333,78.93333333333334,102.38742252565409,76.9951245,100.85165273999999,5334.0,36.813780884531255,248.328223993125,253.125,0.10751999914646149,0.11161600053310394,1980.283203125,2288.0,0.0,35.166666666666664,77.9,78.93333333333334,3600,2368,2337,31,0,1232,0,0,12
formal-r03-base-r1-hz30-manual-early,base-r1-hz30,manual-early,3,78.53333333333333,78.53333333333333,94.28859637212642,68.55784650000001,89.57030659999997,5078.0,40.712571274218746,0.0,0.0,0,0,1788.283203125,2032.0,1.9333333333333333,55.233333333333334,78.53333333333333,78.53333333333333,3600,2356,2356,0,0,1244,0,0,11
formal-r03-base-r1-hz30-manual-full,base-r1-hz30,manual-full,3,60.0,60.0,90.74240149979849,57.297427,67.71311485999999,5078.0,48.417844618124995,0.0,0.0,0,0,1724.283203125,2032.0,7.6,60.0,60.0,60.0,3600,1800,1800,0,0,1800,0,0,8
formal-r03-base-r1-hz30-auto-batched,base-r1-hz30,auto-batched,3,78.6,78.66666666666667,94.55588688312122,68.8722775,90.24003365,5078.0,40.37455730179688,0.0,0.0,0,0,1788.283203125,2032.0,1.4666666666666666,55.1,78.66666666666667,78.66666666666667,3600,2360,2360,0,0,1240,0,0,11
formal-r04-base-r1-hz30-auto-batched,base-r1-hz30,auto-batched,4,78.53333333333333,78.53333333333333,94.88396191830125,69.063936,90.03863364999997,5078.0,40.375752604453126,0.0,0.0,0,0,1788.283203125,2032.0,1.2333333333333334,54.233333333333334,78.53333333333333,78.53333333333333,3600,2356,2356,0,0,1244,0,0,10
formal-r04-base-r1-hz30-manual-full,base-r1-hz30,manual-full,4,60.0,60.0,91.287202453269,57.577754999999996,68.72507881,5078.0,48.52847460796875,0.0,0.0,0,0,1724.283203125,2032.0,5.266666666666667,60.0,60.0,60.0,3600,1800,1800,0,0,1800,0,0,8
formal-r04-base-r1-hz30-manual-early,base-r1-hz30,manual-early,4,78.56666666666666,78.53333333333333,94.43983622213739,68.7367905,90.46302644999996,5078.0,40.1401239778125,0.0,0.0,0,0,1788.283203125,2032.0,1.8333333333333333,55.1,78.53333333333333,78.53333333333333,3600,2356,2356,0,0,1244,0,0,11
formal-r04-base-r1-hz30-copy-in,base-r1-hz30,copy-in,4,78.8,78.8,102.67872275344072,77.2281935,100.21027697,5334.0,36.838647800156245,248.04406482609375,253.125,0.10751999914646149,0.11161600053310394,1980.283203125,2288.0,0.0,34.06666666666667,77.9,78.8,3600,2364,2337,27,0,1236,0,0,12
formal-r04-base-r1-hz25-copy-in,base-r1-hz25,copy-in,4,78.53333333333333,78.53333333333333,99.51814608799997,73.74874249999999,100.28487634999999,5334.0,33.24463897289063,245.71311525210936,253.125,0.10751999914646149,0.11264000087976456,1980.283203125,2288.0,0.7,42.166666666666664,77.63333333333334,78.53333333333333,3000,2356,2329,27,0,644,0,0,11
formal-r04-base-r1-hz25-auto-batched,base-r1-hz25,auto-batched,4,75.03333333333333,74.93333333333334,94.70210906333341,66.83112700000001,85.57504313000001,5078.0,34.27085966414062,0.0,0.0,0,0,1788.283203125,2032.0,3.1333333333333333,59.63333333333333,74.93333333333334,74.93333333333334,3000,2248,2248,0,0,752,0,0,9
formal-r04-base-r1-hz25-manual-full,base-r1-hz25,manual-full,4,50.0,50.0,96.95449798333331,57.1280525,67.53235543,5078.0,40.3361664215625,0.0,0.0,0,0,1724.283203125,2032.0,7.433333333333334,50.0,50.0,50.0,3000,1500,1500,0,0,1500,0,0,8
formal-r04-base-r1-hz25-manual-early,base-r1-hz25,manual-early,4,74.93333333333334,74.93333333333334,94.17277488966667,66.5224325,84.82100059000003,5078.0,34.882538960390626,0.0,0.0,0,0,1788.283203125,2032.0,3.8,61.03333333333333,74.93333333333334,74.93333333333334,3000,2248,2248,0,0,752,0,0,10
formal-r04-late-r1-hz30-auto-batched,late-r1-hz30,auto-batched,4,60.0,60.0,90.53820529593949,57.590111,68.49987287,5078.0,49.04371786710938,0.0,0.0,0,0,1724.283203125,2032.0,8.933333333333334,60.0,60.0,60.0,3600,1800,1800,0,0,1800,0,0,8
formal-r04-late-r1-hz30-manual-early,late-r1-hz30,manual-early,4,60.03333333333333,60.0,90.81964282924989,57.4835175,68.48726239,5078.0,48.943720040624996,0.0,0.0,0,0,1724.283203125,2032.0,6.933333333333334,60.0,60.0,60.0,3600,1800,1800,0,0,1800,0,0,8
formal-r04-late-r1-hz30-copy-in,late-r1-hz30,copy-in,4,77.86666666666666,77.86666666666666,103.5114577926433,77.854701,100.2385975,5334.0,37.21698937546875,248.34975789375,253.125,0.10751999914646149,0.11161600053310394,1980.283203125,2288.0,0.0,32.6,76.93333333333334,77.86666666666666,3600,2336,2308,28,0,1264,0,0,12
formal-r04-late-r1-hz30-manual-full,late-r1-hz30,manual-full,4,59.86666666666667,60.0,91.77923184485351,58.066871000000006,68.74161391,5078.0,49.07516587242187,0.0,0.0,0,0,1724.283203125,2032.0,4.666666666666667,59.93333333333333,60.0,60.0,3600,1800,1800,0,0,1800,0,0,8
formal-r04-base-r1-hz40-manual-full,base-r1-hz40,manual-full,4,53.333333333333336,53.333333333333336,95.99380268562504,57.89524350000001,68.09202192000001,5078.0,43.07920014796875,0.0,0.0,0,0,1724.283203125,2032.0,2.2,53.333333333333336,53.333333333333336,53.333333333333336,4800,1600,1600,0,0,3200,0,0,8
formal-r04-base-r1-hz40-manual-early,base-r1-hz40,manual-early,4,79.16666666666667,79.2,95.12677704770832,69.624856,89.78383875,5078.0,42.7406947059375,0.0,0.0,0,0,1788.283203125,2032.0,0.43333333333333335,56.93333333333333,79.2,79.2,4800,2376,2376,0,0,2424,0,0,12
formal-r04-base-r1-hz40-copy-in,base-r1-hz40,copy-in,4,78.8,78.66666666666667,101.9435207814583,76.69518500000001,95.88287245,5334.0,41.73322570453125,248.54257315195312,253.125,0.10649599879980087,0.11161600053310394,1980.283203125,2288.0,0.0,34.53333333333333,78.66666666666667,78.66666666666667,4800,2360,2360,0,0,2440,0,0,12
formal-r04-base-r1-hz40-auto-batched,base-r1-hz40,auto-batched,4,79.16666666666667,79.2,94.88358822854167,69.47175,90.10665675000001,5078.0,42.25256543109375,0.0,0.0,0,0,1788.283203125,2032.0,0.26666666666666666,55.766666666666666,79.2,79.2,4800,2376,2376,0,0,2424,0,0,12
formal-r04-base-r1-hz10-manual-full,base-r1-hz10,manual-full,4,40.0,40.0,107.81891595083334,57.712539,68.21112961,5078.0,32.32558417359375,0.0,0.0,0,0,1724.283203125,2032.0,4.033333333333333,40.0,40.0,40.0,1200,1200,1200,0,0,0,0,0,4
formal-r04-base-r1-hz10-copy-in,base-r1-hz10,copy-in,4,40.0,40.0,109.30039400166663,59.55621,68.83131242,5334.0,5.184357473671875,127.3709836546875,253.125,0.1013759970664978,0.7686860787868485,1980.283203125,2288.0,0.13333333333333333,40.0,40.0,40.0,1200,1200,1200,0,0,0,0,0,4
formal-r04-base-r1-hz10-auto-batched,base-r1-hz10,auto-batched,4,40.0,40.0,108.04973704583334,57.9503665,68.14656323,5078.0,12.324444852656251,0.0,0.0,0,0,1788.283203125,2032.0,3.6666666666666665,40.0,40.0,40.0,1200,1200,1200,0,0,0,0,0,4
formal-r04-base-r1-hz10-manual-early,base-r1-hz10,manual-early,4,40.0,40.0,106.9154338633333,57.006806,67.6809762,5078.0,12.38658442875,0.0,0.0,0,0,1788.283203125,2032.0,6.033333333333333,40.0,40.0,40.0,1200,1200,1200,0,0,0,0,0,4
formal-r04-base-r1-hz20-auto-batched,base-r1-hz20,auto-batched,4,78.4,78.4,94.20533031458336,68.22357550000001,88.89345443999996,5078.0,40.5440420540625,0.0,0.0,0,0,1788.283203125,2032.0,1.3333333333333333,58.6,78.4,78.4,2400,2352,2352,0,0,48,0,0,8
formal-r04-base-r1-hz20-copy-in,base-r1-hz20,copy-in,4,78.4,78.4,99.8258596608334,74.0388255,97.53397636999996,5334.0,34.17184074164062,246.05566254351564,253.125,0.10751999914646149,0.11161600053310394,1980.283203125,2288.0,0.4,41.233333333333334,78.13333333333334,78.4,2400,2352,2344,8,0,48,0,0,9
formal-r04-base-r1-hz20-manual-early,base-r1-hz20,manual-early,4,78.4,78.4,95.2449152904167,69.5910665,88.80226320999999,5078.0,41.244423423046875,0.0,0.0,0,0,1788.283203125,2032.0,0.7666666666666667,56.46666666666667,78.4,78.4,2400,2352,2352,0,0,48,0,0,8
formal-r04-base-r1-hz20-manual-full,base-r1-hz20,manual-full,4,40.0,40.0,107.84644412749995,57.496412500000005,68.22429684000001,5078.0,32.35246319460938,0.0,0.0,0,0,1724.283203125,2032.0,2.8666666666666667,40.0,40.0,40.0,2400,1200,1200,0,0,1200,0,0,8
formal-r04-base-r1-hz15-manual-early,base-r1-hz15,manual-early,4,60.0,60.0,90.6103969390432,57.4892795,68.48385812,5078.0,18.545190394921875,0.0,0.0,0,0,1788.283203125,2032.0,8.3,60.0,60.0,60.0,1800,1800,1800,0,0,0,0,0,6
formal-r04-base-r1-hz15-copy-in,base-r1-hz15,copy-in,4,60.0,60.0,92.90724222890358,59.479696000000004,69.20216289,5334.0,8.1681865678125,191.07245841890625,253.125,0.1013759970664978,0.7670579189062118,1980.283203125,2288.0,0.3333333333333333,59.96666666666667,60.0,60.0,1800,1800,1800,0,0,0,0,0,7
formal-r04-base-r1-hz15-auto-batched,base-r1-hz15,auto-batched,4,60.0,60.0,90.77017224820888,57.3944125,68.20701528999999,5078.0,18.58310765085937,0.0,0.0,0,0,1788.283203125,2032.0,7.766666666666667,60.0,60.0,60.0,1800,1800,1800,0,0,0,0,0,8
formal-r04-base-r1-hz15-manual-full,base-r1-hz15,manual-full,4,60.0,60.0,91.62119151524568,57.6926345,68.22724067,5078.0,48.535719971484376,0.0,0.0,0,0,1724.283203125,2032.0,4.3,59.96666666666667,60.0,60.0,1800,1800,1800,0,0,0,0,0,6
formal-r05-base-r1-hz25-manual-full,base-r1-hz25,manual-full,5,50.0,50.0,96.98203219533329,57.0920755,67.35340468,5078.0,40.400158313671874,0.0,0.0,0,0,1724.283203125,2032.0,7.4,50.0,50.0,50.0,3000,1500,1500,0,0,1500,0,0,8
formal-r05-base-r1-hz25-copy-in,base-r1-hz25,copy-in,5,78.36666666666666,78.4,100.48144337999999,74.7328605,100.91323506999998,5334.0,33.43887876164062,246.0393534297656,253.125,0.10751999914646149,0.11264000087976456,1980.283203125,2288.0,0.7333333333333333,39.6,77.26666666666667,78.4,3000,2352,2318,34,0,648,0,0,12
formal-r05-base-r1-hz25-auto-batched,base-r1-hz25,auto-batched,5,74.93333333333334,74.93333333333334,94.2916521583333,66.135722,85.07298409,5078.0,34.34937129140625,0.0,0.0,0,0,1788.283203125,2032.0,2.7666666666666666,60.53333333333333,74.93333333333334,74.93333333333334,3000,2248,2248,0,0,752,0,0,9
formal-r05-base-r1-hz25-manual-early,base-r1-hz25,manual-early,5,75.03333333333333,74.93333333333334,95.08968038399999,67.6747435,85.57667507000001,5078.0,33.89857127578125,0.0,0.0,0,0,1788.283203125,2032.0,1.9666666666666666,60.03333333333333,74.93333333333334,74.93333333333334,3000,2248,2248,0,0,752,0,0,10
formal-r05-base-r1-hz10-manual-full,base-r1-hz10,manual-full,5,40.0,40.0,108.51654226083332,58.320953,68.77418671,5078.0,32.354520961640624,0.0,0.0,0,0,1724.283203125,2032.0,2.6333333333333333,40.0,40.0,40.0,1200,1200,1200,0,0,0,0,0,4
formal-r05-base-r1-hz10-copy-in,base-r1-hz10,copy-in,5,40.0,40.0,109.22240435833332,59.2723355,69.14819179999999,5334.0,5.1485149040625,127.1021322009375,253.125,0.10342399775981903,0.11059200018644333,1980.283203125,2288.0,0.36666666666666664,40.0,40.0,40.0,1200,1200,1200,0,0,0,0,0,4
formal-r05-base-r1-hz10-auto-batched,base-r1-hz10,auto-batched,5,40.0,40.0,107.92922842750002,57.7859395,68.33471661,5078.0,12.196081650937499,0.0,0.0,0,0,1788.283203125,2032.0,3.8666666666666667,40.0,40.0,40.0,1200,1200,1200,0,0,0,0,0,4
formal-r05-base-r1-hz10-manual-early,base-r1-hz10,manual-early,5,40.0,40.0,107.41601146499997,57.3236895,68.23400875,5078.0,12.2263866365625,0.0,0.0,0,0,1788.283203125,2032.0,4.866666666666666,40.0,40.0,40.0,1200,1200,1200,0,0,0,0,0,4
formal-r05-base-r1-hz15-manual-early,base-r1-hz15,manual-early,5,59.96666666666667,60.0,90.93950250176371,57.355471,68.08653364,5078.0,18.487273677890627,0.0,0.0,0,0,1788.283203125,2032.0,6.833333333333333,59.733333333333334,59.9,60.0,1800,1800,1797,3,0,0,0,0,8
formal-r05-base-r1-hz15-copy-in,base-r1-hz15,copy-in,5,60.0,60.0,92.75522262901964,59.2002405,68.87224382000001,5334.0,7.913452791796875,190.90671162046874,253.125,0.10239999741315842,1.0178662419319153,1980.283203125,2288.0,0.4666666666666667,60.0,60.0,60.0,1800,1800,1800,0,0,0,0,0,6
formal-r05-base-r1-hz15-auto-batched,base-r1-hz15,auto-batched,5,60.0,60.0,90.35270048377271,57.315568,67.77249471,5078.0,18.711092221875,0.0,0.0,0,0,1788.283203125,2032.0,9.266666666666667,60.0,60.0,60.0,1800,1800,1800,0,0,0,0,0,8
formal-r05-base-r1-hz15-manual-full,base-r1-hz15,manual-full,5,60.03333333333333,60.0,91.04832065659258,57.4764095,68.21653635,5078.0,48.45470503289062,0.0,0.0,0,0,1724.283203125,2032.0,6.0,60.0,60.0,60.0,1800,1800,1800,0,0,0,0,0,6
formal-r05-base-r1-hz40-copy-in,base-r1-hz40,copy-in,5,78.66666666666667,78.66666666666667,97.9856483908333,72.6796105,91.97271177,5334.0,42.11199183796875,248.04618151429688,253.125,0.1085439994931221,0.11161600053310394,1980.283203125,2288.0,0.0,46.733333333333334,78.66666666666667,78.66666666666667,4800,2360,2360,0,0,2440,0,0,12
formal-r05-base-r1-hz40-manual-early,base-r1-hz40,manual-early,5,79.2,79.2,96.05664656729166,70.774562,89.74400425,5078.0,42.83195845640625,0.0,0.0,0,0,1788.283203125,2032.0,0.0,53.4,79.2,79.2,4800,2376,2376,0,0,2424,0,0,12
formal-r05-base-r1-hz40-manual-full,base-r1-hz40,manual-full,5,53.333333333333336,53.333333333333336,95.76293578437506,57.9147945,68.59273605,5078.0,43.050116249999995,0.0,0.0,0,0,1724.283203125,2032.0,3.7,53.333333333333336,53.333333333333336,53.333333333333336,4800,1600,1600,0,0,3200,0,0,8
formal-r05-base-r1-hz40-auto-batched,base-r1-hz40,auto-batched,5,79.03333333333333,79.06666666666666,94.53605759562495,69.0604865,89.44511052,5078.0,41.7606034471875,0.0,0.0,0,0,1788.283203125,2032.0,0.36666666666666664,56.96666666666667,79.06666666666666,79.06666666666666,4800,2372,2372,0,0,2428,0,0,12
formal-r05-base-r1-hz20-auto-batched,base-r1-hz20,auto-batched,5,78.26666666666667,78.26666666666667,94.58373092791672,68.7646325,88.46140581000002,5078.0,40.73931917648438,0.0,0.0,0,0,1788.283203125,2032.0,1.2333333333333334,57.3,78.26666666666667,78.26666666666667,2400,2348,2348,0,0,52,0,0,8
formal-r05-base-r1-hz20-copy-in,base-r1-hz20,copy-in,5,78.4,78.4,99.79438477958338,73.8922545,98.89702958999997,5334.0,34.341272540156254,246.1732905283594,253.125,0.10751999914646149,0.11161600053310394,1980.283203125,2288.0,0.3,42.43333333333333,77.86666666666666,78.4,2400,2352,2336,16,0,48,0,0,9
formal-r05-base-r1-hz20-manual-early,base-r1-hz20,manual-early,5,78.4,78.4,93.74077966541668,67.9023905,88.36976064999999,5078.0,40.64121373148438,0.0,0.0,0,0,1788.283203125,2032.0,1.1666666666666667,60.43333333333333,78.4,78.4,2400,2352,2352,0,0,48,0,0,8
formal-r05-base-r1-hz20-manual-full,base-r1-hz20,manual-full,5,40.0,40.0,108.70513733083332,58.143438,68.78297524,5078.0,32.35448231789062,0.0,0.0,0,0,1724.283203125,2032.0,1.2666666666666666,40.0,40.0,40.0,2400,1200,1200,0,0,1200,0,0,8
formal-r05-late-r1-hz30-copy-in,late-r1-hz30,copy-in,5,77.76666666666667,77.73333333333333,104.00077516353062,78.08753250000001,101.32803245,5334.0,37.23928921335938,247.89315422390624,253.125,0.10751999914646149,0.11161600053310394,1980.283203125,2288.0,0.03333333333333333,31.1,76.16666666666667,77.73333333333333,3600,2332,2285,47,0,1268,0,0,12
formal-r05-late-r1-hz30-manual-early,late-r1-hz30,manual-early,5,59.96666666666667,60.0,91.46006245516445,57.682443000000006,68.06384801,5078.0,49.018273744218746,0.0,0.0,0,0,1724.283203125,2032.0,4.9,60.0,60.0,60.0,3600,1800,1800,0,0,1800,0,0,8
formal-r05-late-r1-hz30-manual-full,late-r1-hz30,manual-full,5,60.0,60.0,90.95296068046997,57.5600205,68.62132373,5078.0,49.08620595304687,0.0,0.0,0,0,1724.283203125,2032.0,7.133333333333334,60.0,60.0,60.0,3600,1800,1800,0,0,1800,0,0,8
formal-r05-late-r1-hz30-auto-batched,late-r1-hz30,auto-batched,5,60.0,60.0,90.6189195669563,57.489917000000005,68.2108396,5078.0,49.1092064915625,0.0,0.0,0,0,1724.283203125,2032.0,8.166666666666666,60.0,60.0,60.0,3600,1800,1800,0,0,1800,0,0,8
formal-r05-base-r1-hz30-manual-early,base-r1-hz30,manual-early,5,78.56666666666666,78.53333333333333,95.08987460183718,69.4003645,91.30377019999997,5078.0,40.678357899375,0.0,0.0,0,0,1788.283203125,2032.0,1.0333333333333334,53.666666666666664,78.53333333333333,78.53333333333333,3600,2356,2356,0,0,1244,0,0,10
formal-r05-base-r1-hz30-manual-full,base-r1-hz30,manual-full,5,60.0,60.0,91.53405408700073,57.733050000000006,68.15823446,5078.0,48.48690124195312,0.0,0.0,0,0,1724.283203125,2032.0,4.233333333333333,60.0,60.0,60.0,3600,1800,1800,0,0,1800,0,0,8
formal-r05-base-r1-hz30-auto-batched,base-r1-hz30,auto-batched,5,78.53333333333333,78.53333333333333,94.3837071055901,68.704103,89.54726335,5078.0,40.3087127625,0.0,0.0,0,0,1788.283203125,2032.0,1.4666666666666666,55.53333333333333,78.53333333333333,78.53333333333333,3600,2356,2356,0,0,1244,0,0,11
formal-r05-base-r1-hz30-copy-in,base-r1-hz30,copy-in,5,78.8,78.8,101.8361438421979,76.289913,100.01317123999999,5334.0,36.906165118125,247.67214819820313,253.125,0.10751999914646149,0.11161600053310394,1980.283203125,2288.0,0.0,36.13333333333333,78.0,78.8,3600,2364,2340,24,0,1236,0,0,12
