condition,method,metric,n,mean,sd,ci95_low,ci95_high
base-r1-hz10,auto-batched,receipt_capacity_hz,6,40.0,0.0,40.0,40.0
base-r1-hz10,auto-batched,cohort_delivered_hz,6,40.0,0.0,40.0,40.0
base-r1-hz10,auto-batched,mean_age_ms,6,107.78347795055555,0.5015360367370385,107.25714815891152,108.30980774219958
base-r1-hz10,auto-batched,p50_latency_ms,6,57.763362416666666,0.34885699392378783,57.397259454016066,58.12946537931727
base-r1-hz10,auto-batched,p99_latency_ms,6,68.497181735,0.34931225553700873,68.130601004587,68.86376246541299
base-r1-hz10,auto-batched,device_peak_mib,6,5078.0,0.0,5078.0,5078.0
base-r1-hz10,auto-batched,protected_mib,6,12.32301010359375,0.18015025759187198,12.1339540027404,12.512066204447102
base-r1-hz10,auto-batched,private_copy_mean_mib,6,0.0,0.0,0.0,0.0
base-r1-hz10,auto-batched,private_copy_peak_mib,6,0.0,0.0,0.0,0.0
base-r1-hz10,auto-batched,copy_p50_device_ms,6,0,0.0,0.0,0.0
base-r1-hz10,auto-batched,copy_p99_device_ms,6,0,0.0,0.0,0.0
base-r1-hz10,auto-batched,summed_consumer_allocated_peaks_mib,6,1788.283203125,0.0,1788.283203125,1788.283203125
base-r1-hz10,auto-batched,summed_consumer_reserved_peaks_mib,6,2032.0,0.0,2032.0,2032.0
base-r1-hz10,auto-batched,timely_50ms_hz,6,4.277777777777778,1.2113659263027863,3.006527201760026,5.54902835379553
base-r1-hz10,auto-batched,timely_75ms_hz,6,40.0,0.0,40.0,40.0
base-r1-hz10,auto-batched,timely_100ms_hz,6,40.0,0.0,40.0,40.0
base-r1-hz10,auto-batched,timely_150ms_hz,6,40.0,0.0,40.0,40.0
base-r1-hz10,auto-batched,arrivals,6,1200,0.0,1200.0,1200.0
base-r1-hz10,auto-batched,publications,6,1200,0.0,1200.0,1200.0
base-r1-hz10,auto-batched,timely,6,1200,0.0,1200.0,1200.0
base-r1-hz10,auto-batched,correct_late,6,0,0.0,0.0,0.0
base-r1-hz10,auto-batched,producer_late,6,0,0.0,0.0,0.0
base-r1-hz10,auto-batched,pool_exhausted,6,0,0.0,0.0,0.0
base-r1-hz10,auto-batched,credit_exhausted,6,0,0.0,0.0,0.0
base-r1-hz10,auto-batched,queue_loss,6,0,0.0,0.0,0.0
base-r1-hz10,auto-batched,peak_outstanding,6,4,0.0,4.0,4.0
base-r1-hz10,manual-early,receipt_capacity_hz,6,40.0,0.0,40.0,40.0
base-r1-hz10,manual-early,cohort_delivered_hz,6,40.0,0.0,40.0,40.0
base-r1-hz10,manual-early,mean_age_ms,6,107.77671387125,0.8000124140890651,106.9371523315457,108.61627541095429
base-r1-hz10,manual-early,p50_latency_ms,6,57.62071783333333,0.5637693480975771,57.02907818675881,58.21235747990785
base-r1-hz10,manual-early,p99_latency_ms,6,68.21719056333333,0.504600442865894,67.68764487468256,68.7467362519841
base-r1-hz10,manual-early,device_peak_mib,6,5078.0,0.0,5078.0,5078.0
base-r1-hz10,manual-early,protected_mib,6,12.146411316445313,0.2543247015208418,11.879513910563434,12.413308722327193
base-r1-hz10,manual-early,private_copy_mean_mib,6,0.0,0.0,0.0,0.0
base-r1-hz10,manual-early,private_copy_peak_mib,6,0.0,0.0,0.0,0.0
base-r1-hz10,manual-early,copy_p50_device_ms,6,0,0.0,0.0,0.0
base-r1-hz10,manual-early,copy_p99_device_ms,6,0,0.0,0.0,0.0
base-r1-hz10,manual-early,summed_consumer_allocated_peaks_mib,6,1788.283203125,0.0,1788.283203125,1788.283203125
base-r1-hz10,manual-early,summed_consumer_reserved_peaks_mib,6,2032.0,0.0,2032.0,2032.0
base-r1-hz10,manual-early,timely_50ms_hz,6,4.066666666666666,1.9154343864744854,2.05654155561805,6.0767917777152824
base-r1-hz10,manual-early,timely_75ms_hz,6,40.0,0.0,40.0,40.0
base-r1-hz10,manual-early,timely_100ms_hz,6,40.0,0.0,40.0,40.0
base-r1-hz10,manual-early,timely_150ms_hz,6,40.0,0.0,40.0,40.0
base-r1-hz10,manual-early,arrivals,6,1200,0.0,1200.0,1200.0
base-r1-hz10,manual-early,publications,6,1200,0.0,1200.0,1200.0
base-r1-hz10,manual-early,timely,6,1200,0.0,1200.0,1200.0
base-r1-hz10,manual-early,correct_late,6,0,0.0,0.0,0.0
base-r1-hz10,manual-early,producer_late,6,0,0.0,0.0,0.0
base-r1-hz10,manual-early,pool_exhausted,6,0,0.0,0.0,0.0
base-r1-hz10,manual-early,credit_exhausted,6,0,0.0,0.0,0.0
base-r1-hz10,manual-early,queue_loss,6,0,0.0,0.0,0.0
base-r1-hz10,manual-early,peak_outstanding,6,4,0.0,4.0,4.0
base-r1-hz10,manual-full,receipt_capacity_hz,6,40.0,0.0,40.0,40.0
base-r1-hz10,manual-full,cohort_delivered_hz,6,40.0,0.0,40.0,40.0
base-r1-hz10,manual-full,mean_age_ms,6,107.90735709,0.6019792242376596,107.27561863760808,108.53909554239193
base-r1-hz10,manual-full,p50_latency_ms,6,57.76355566666667,0.4176255977892949,57.32528448021372,58.20182685311962
base-r1-hz10,manual-full,p99_latency_ms,6,68.09772589166667,0.49059549171465966,67.58287749788902,68.61257428544432
base-r1-hz10,manual-full,device_peak_mib,6,5078.0,0.0,5078.0,5078.0
base-r1-hz10,manual-full,protected_mib,6,32.3383347871875,0.01855412269006251,32.31886342956955,32.35780614480545
base-r1-hz10,manual-full,private_copy_mean_mib,6,0.0,0.0,0.0,0.0
base-r1-hz10,manual-full,private_copy_peak_mib,6,0.0,0.0,0.0,0.0
base-r1-hz10,manual-full,copy_p50_device_ms,6,0,0.0,0.0,0.0
base-r1-hz10,manual-full,copy_p99_device_ms,6,0,0.0,0.0,0.0
base-r1-hz10,manual-full,summed_consumer_allocated_peaks_mib,6,1724.283203125,0.0,1724.283203125,1724.283203125
base-r1-hz10,manual-full,summed_consumer_reserved_peaks_mib,6,2032.0,0.0,2032.0,2032.0
base-r1-hz10,manual-full,timely_50ms_hz,6,3.772222222222222,1.6486245670142619,2.0420968447893766,5.502347599655067
base-r1-hz10,manual-full,timely_75ms_hz,6,40.0,0.0,40.0,40.0
base-r1-hz10,manual-full,timely_100ms_hz,6,40.0,0.0,40.0,40.0
base-r1-hz10,manual-full,timely_150ms_hz,6,40.0,0.0,40.0,40.0
base-r1-hz10,manual-full,arrivals,6,1200,0.0,1200.0,1200.0
base-r1-hz10,manual-full,publications,6,1200,0.0,1200.0,1200.0
base-r1-hz10,manual-full,timely,6,1200,0.0,1200.0,1200.0
base-r1-hz10,manual-full,correct_late,6,0,0.0,0.0,0.0
base-r1-hz10,manual-full,producer_late,6,0,0.0,0.0,0.0
base-r1-hz10,manual-full,pool_exhausted,6,0,0.0,0.0,0.0
base-r1-hz10,manual-full,credit_exhausted,6,0,0.0,0.0,0.0
base-r1-hz10,manual-full,queue_loss,6,0,0.0,0.0,0.0
base-r1-hz10,manual-full,peak_outstanding,6,4,0.0,4.0,4.0
base-r1-hz10,copy-in,receipt_capacity_hz,6,40.0,0.0,40.0,40.0
base-r1-hz10,copy-in,cohort_delivered_hz,6,40.0,0.0,40.0,40.0
base-r1-hz10,copy-in,mean_age_ms,6,109.30694746791666,0.0969389070961856,109.20521632391736,109.40867861191596
base-r1-hz10,copy-in,p50_latency_ms,6,59.2442185,0.23273153314495226,58.99998173459006,59.48845526540995
base-r1-hz10,copy-in,p99_latency_ms,6,69.19924759,0.42601377232531723,68.75217355423528,69.64632162576471
base-r1-hz10,copy-in,device_peak_mib,6,5334.0,0.0,5334.0,5334.0
base-r1-hz10,copy-in,protected_mib,6,5.161458419296875,0.08733838747130926,5.069802402753439,5.2531144358403115
base-r1-hz10,copy-in,private_copy_mean_mib,6,127.2710170170703,0.1582523378063102,127.10494137367951,127.4370926604611
base-r1-hz10,copy-in,private_copy_peak_mib,6,253.125,0.0,253.125,253.125
base-r1-hz10,copy-in,copy_p50_device_ms,6,0.10222933068871498,0.0007708394573307289,0.10142038428955404,0.10303827708787593
base-r1-hz10,copy-in,copy_p99_device_ms,6,0.7728981242080527,0.3456961559725897,0.4101122575553774,1.135683990860728
base-r1-hz10,copy-in,summed_consumer_allocated_peaks_mib,6,1980.283203125,0.0,1980.283203125,1980.283203125
base-r1-hz10,copy-in,summed_consumer_reserved_peaks_mib,6,2288.0,0.0,2288.0,2288.0
base-r1-hz10,copy-in,timely_50ms_hz,6,0.35555555555555557,0.12049281521534186,0.22910610091717515,0.482005010193936
base-r1-hz10,copy-in,timely_75ms_hz,6,40.0,0.0,40.0,40.0
base-r1-hz10,copy-in,timely_100ms_hz,6,40.0,0.0,40.0,40.0
base-r1-hz10,copy-in,timely_150ms_hz,6,40.0,0.0,40.0,40.0
base-r1-hz10,copy-in,arrivals,6,1200,0.0,1200.0,1200.0
base-r1-hz10,copy-in,publications,6,1200,0.0,1200.0,1200.0
base-r1-hz10,copy-in,timely,6,1200,0.0,1200.0,1200.0
base-r1-hz10,copy-in,correct_late,6,0,0.0,0.0,0.0
base-r1-hz10,copy-in,producer_late,6,0,0.0,0.0,0.0
base-r1-hz10,copy-in,pool_exhausted,6,0,0.0,0.0,0.0
base-r1-hz10,copy-in,credit_exhausted,6,0,0.0,0.0,0.0
base-r1-hz10,copy-in,queue_loss,6,0,0.0,0.0,0.0
base-r1-hz10,copy-in,peak_outstanding,6,4,0.0,4.0,4.0
base-r1-hz15,auto-batched,receipt_capacity_hz,6,60.0,0.021081851067787996,59.97787595413448,60.02212404586552
base-r1-hz15,auto-batched,cohort_delivered_hz,6,60.0,0.0,60.0,60.0
base-r1-hz15,auto-batched,mean_age_ms,6,91.07745951955987,0.6737639782178908,90.37038758793992,91.78453145117982
base-r1-hz15,auto-batched,p50_latency_ms,6,57.61980616666666,0.40854376955959787,57.19106577443337,58.04854655889996
base-r1-hz15,auto-batched,p99_latency_ms,6,68.418324875,0.46899236272644035,67.92614757471584,68.91050217528415
base-r1-hz15,auto-batched,device_peak_mib,6,5078.0,0.0,5078.0,5078.0
base-r1-hz15,auto-batched,protected_mib,6,18.397244301328126,0.3225578809463852,18.058740565133665,18.735748037522587
base-r1-hz15,auto-batched,private_copy_mean_mib,6,0.0,0.0,0.0,0.0
base-r1-hz15,auto-batched,private_copy_peak_mib,6,0.0,0.0,0.0,0.0
base-r1-hz15,auto-batched,copy_p50_device_ms,6,0,0.0,0.0,0.0
base-r1-hz15,auto-batched,copy_p99_device_ms,6,0,0.0,0.0,0.0
base-r1-hz15,auto-batched,summed_consumer_allocated_peaks_mib,6,1788.283203125,0.0,1788.283203125,1788.283203125
base-r1-hz15,auto-batched,summed_consumer_reserved_peaks_mib,6,2032.0,0.0,2032.0,2032.0
base-r1-hz15,auto-batched,timely_50ms_hz,6,6.644444444444445,2.1343400402483685,4.4045919385507855,8.884296950338104
base-r1-hz15,auto-batched,timely_75ms_hz,6,59.99444444444445,0.01360827634879466,59.98016343424647,60.00872545464242
base-r1-hz15,auto-batched,timely_100ms_hz,6,60.0,0.0,60.0,60.0
base-r1-hz15,auto-batched,timely_150ms_hz,6,60.0,0.0,60.0,60.0
base-r1-hz15,auto-batched,arrivals,6,1800,0.0,1800.0,1800.0
base-r1-hz15,auto-batched,publications,6,1800,0.0,1800.0,1800.0
base-r1-hz15,auto-batched,timely,6,1800,0.0,1800.0,1800.0
base-r1-hz15,auto-batched,correct_late,6,0,0.0,0.0,0.0
base-r1-hz15,auto-batched,producer_late,6,0,0.0,0.0,0.0
base-r1-hz15,auto-batched,pool_exhausted,6,0,0.0,0.0,0.0
base-r1-hz15,auto-batched,credit_exhausted,6,0,0.0,0.0,0.0
base-r1-hz15,auto-batched,queue_loss,6,0,0.0,0.0,0.0
base-r1-hz15,auto-batched,peak_outstanding,6,6.666666666666667,1.0327955589886444,5.582814198337692,7.750519134995642
base-r1-hz15,manual-early,receipt_capacity_hz,6,59.98888888888889,0.01721325931647643,59.97082468108341,60.00695309669437
base-r1-hz15,manual-early,cohort_delivered_hz,6,60.0,0.0,60.0,60.0
base-r1-hz15,manual-early,mean_age_ms,6,90.93623783390336,0.45140451995981284,90.4625178426474,91.40995782515932
base-r1-hz15,manual-early,p50_latency_ms,6,57.462286166666665,0.14748285555571214,57.30751240177287,57.61705993156046
base-r1-hz15,manual-early,p99_latency_ms,6,68.089107615,0.30931853807655363,67.76449771706194,68.41371751293806
base-r1-hz15,manual-early,device_peak_mib,6,5078.0,0.0,5078.0,5078.0
base-r1-hz15,manual-early,protected_mib,6,18.35741991058594,0.27718839178060434,18.066528533285922,18.648311287885956
base-r1-hz15,manual-early,private_copy_mean_mib,6,0.0,0.0,0.0,0.0
base-r1-hz15,manual-early,private_copy_peak_mib,6,0.0,0.0,0.0,0.0
base-r1-hz15,manual-early,copy_p50_device_ms,6,0,0.0,0.0,0.0
base-r1-hz15,manual-early,copy_p99_device_ms,6,0,0.0,0.0,0.0
base-r1-hz15,manual-early,summed_consumer_allocated_peaks_mib,6,1788.283203125,0.0,1788.283203125,1788.283203125
base-r1-hz15,manual-early,summed_consumer_reserved_peaks_mib,6,2032.0,0.0,2032.0,2032.0
base-r1-hz15,manual-early,timely_50ms_hz,6,7.061111111111111,1.9425546372029074,5.0225250423851735,9.099697179837047
base-r1-hz15,manual-early,timely_75ms_hz,6,59.955555555555556,0.10886621079036309,59.84130747397172,60.069803637139394
base-r1-hz15,manual-early,timely_100ms_hz,6,59.983333333333334,0.04082482904638688,59.9404903027394,60.02617636392727
base-r1-hz15,manual-early,timely_150ms_hz,6,60.0,0.0,60.0,60.0
base-r1-hz15,manual-early,arrivals,6,1800,0.0,1800.0,1800.0
base-r1-hz15,manual-early,publications,6,1800,0.0,1800.0,1800.0
base-r1-hz15,manual-early,timely,6,1799.5,1.224744871391589,1798.2147090821818,1800.7852909178182
base-r1-hz15,manual-early,correct_late,6,0.5,1.224744871391589,-0.7852909178181524,1.7852909178181524
base-r1-hz15,manual-early,producer_late,6,0,0.0,0.0,0.0
base-r1-hz15,manual-early,pool_exhausted,6,0,0.0,0.0,0.0
base-r1-hz15,manual-early,credit_exhausted,6,0,0.0,0.0,0.0
base-r1-hz15,manual-early,queue_loss,6,0,0.0,0.0,0.0
base-r1-hz15,manual-early,peak_outstanding,6,6.333333333333333,0.816496580927726,5.476472721454565,7.190193945212101
base-r1-hz15,manual-full,receipt_capacity_hz,6,60.0,0.021081851067787996,59.97787595413448,60.02212404586552
base-r1-hz15,manual-full,cohort_delivered_hz,6,60.0,0.0,60.0,60.0
base-r1-hz15,manual-full,mean_age_ms,6,91.11542559469802,0.25740476913011107,90.84529585609368,91.38555533330236
base-r1-hz15,manual-full,p50_latency_ms,6,57.48086475,0.1343229971009243,57.33990140958465,57.621828090415356
base-r1-hz15,manual-full,p99_latency_ms,6,68.19740482833333,0.3677469255804892,67.81147809816699,68.58333155849968
base-r1-hz15,manual-full,device_peak_mib,6,5078.0,0.0,5078.0,5078.0
base-r1-hz15,manual-full,protected_mib,6,48.46251833050781,0.04181800106718375,48.4186330297987,48.506403631216926
base-r1-hz15,manual-full,private_copy_mean_mib,6,0.0,0.0,0.0,0.0
base-r1-hz15,manual-full,private_copy_peak_mib,6,0.0,0.0,0.0,0.0
base-r1-hz15,manual-full,copy_p50_device_ms,6,0,0.0,0.0,0.0
base-r1-hz15,manual-full,copy_p99_device_ms,6,0,0.0,0.0,0.0
base-r1-hz15,manual-full,summed_consumer_allocated_peaks_mib,6,1724.283203125,0.0,1724.283203125,1724.283203125
base-r1-hz15,manual-full,summed_consumer_reserved_peaks_mib,6,2032.0,0.0,2032.0,2032.0
base-r1-hz15,manual-full,timely_50ms_hz,6,5.783333333333333,1.0014988766843427,4.732324718824994,6.834341947841672
base-r1-hz15,manual-full,timely_75ms_hz,6,59.99444444444445,0.01360827634879466,59.98016343424647,60.00872545464242
base-r1-hz15,manual-full,timely_100ms_hz,6,60.0,0.0,60.0,60.0
base-r1-hz15,manual-full,timely_150ms_hz,6,60.0,0.0,60.0,60.0
base-r1-hz15,manual-full,arrivals,6,1800,0.0,1800.0,1800.0
base-r1-hz15,manual-full,publications,6,1800,0.0,1800.0,1800.0
base-r1-hz15,manual-full,timely,6,1800,0.0,1800.0,1800.0
base-r1-hz15,manual-full,correct_late,6,0,0.0,0.0,0.0
base-r1-hz15,manual-full,producer_late,6,0,0.0,0.0,0.0
base-r1-hz15,manual-full,pool_exhausted,6,0,0.0,0.0,0.0
base-r1-hz15,manual-full,credit_exhausted,6,0,0.0,0.0,0.0
base-r1-hz15,manual-full,queue_loss,6,0,0.0,0.0,0.0
base-r1-hz15,manual-full,peak_outstanding,6,6,0.0,6.0,6.0
base-r1-hz15,copy-in,receipt_capacity_hz,6,60.01111111111111,0.01721325931647643,59.99304690330563,60.02917531891659
base-r1-hz15,copy-in,cohort_delivered_hz,6,60.0,0.0,60.0,60.0
base-r1-hz15,copy-in,mean_age_ms,6,92.80005026174715,0.08676129695027475,92.70899986456394,92.89110065893036
base-r1-hz15,copy-in,p50_latency_ms,6,59.409447666666665,0.21567538627383342,59.183110229662574,59.635785103670756
base-r1-hz15,copy-in,p99_latency_ms,6,69.44048782,0.6880686421996194,68.71840406418089,70.16257157581911
base-r1-hz15,copy-in,device_peak_mib,6,5334.0,0.0,5334.0,5334.0
base-r1-hz15,copy-in,protected_mib,6,7.954958052773438,0.14710230793303966,7.800583648117552,8.109332457429323
base-r1-hz15,copy-in,private_copy_mean_mib,6,191.0037387301172,0.09716618291815635,190.90176907477021,191.10570838546417
base-r1-hz15,copy-in,private_copy_peak_mib,6,253.125,0.0,253.125,253.125
base-r1-hz15,copy-in,copy_p50_device_ms,6,0.10205866396427155,0.0005287915052169573,0.10150373131262264,0.10261359661592045
base-r1-hz15,copy-in,copy_p99_device_ms,6,0.6767086976766586,0.4496765448682284,0.2048021050666558,1.1486152902866615
base-r1-hz15,copy-in,summed_consumer_allocated_peaks_mib,6,1980.283203125,0.0,1980.283203125,1980.283203125
base-r1-hz15,copy-in,summed_consumer_reserved_peaks_mib,6,2288.0,0.0,2288.0,2288.0
base-r1-hz15,copy-in,timely_50ms_hz,6,0.35,0.10274023338281628,0.24218073743684182,0.45781926256315814
base-r1-hz15,copy-in,timely_75ms_hz,6,59.977777777777774,0.027216552697591642,59.949215757381815,60.006339798173734
base-r1-hz15,copy-in,timely_100ms_hz,6,60.0,0.0,60.0,60.0
base-r1-hz15,copy-in,timely_150ms_hz,6,60.0,0.0,60.0,60.0
base-r1-hz15,copy-in,arrivals,6,1800,0.0,1800.0,1800.0
base-r1-hz15,copy-in,publications,6,1800,0.0,1800.0,1800.0
base-r1-hz15,copy-in,timely,6,1800,0.0,1800.0,1800.0
base-r1-hz15,copy-in,correct_late,6,0,0.0,0.0,0.0
base-r1-hz15,copy-in,producer_late,6,0,0.0,0.0,0.0
base-r1-hz15,copy-in,pool_exhausted,6,0,0.0,0.0,0.0
base-r1-hz15,copy-in,credit_exhausted,6,0,0.0,0.0,0.0
base-r1-hz15,copy-in,queue_loss,6,0,0.0,0.0,0.0
base-r1-hz15,copy-in,peak_outstanding,6,6.666666666666667,0.5163977794943222,6.124740432502179,7.208592900831155
base-r1-hz20,auto-batched,receipt_capacity_hz,6,78.24444444444444,0.10036968702787617,78.13911291771218,78.3497759711767
base-r1-hz20,auto-batched,cohort_delivered_hz,6,78.24444444444444,0.10036968702787617,78.13911291771218,78.3497759711767
base-r1-hz20,auto-batched,mean_age_ms,6,94.65556725576391,0.545584611525742,94.08301131985,95.22812319167782
base-r1-hz20,auto-batched,p50_latency_ms,6,68.72076208333334,0.5658171967698924,68.12697335137698,69.3145508152897
base-r1-hz20,auto-batched,p99_latency_ms,6,89.1099692,0.6916306927291648,88.38414730140407,89.83579109859592
base-r1-hz20,auto-batched,device_peak_mib,6,5078.0,0.0,5078.0,5078.0
base-r1-hz20,auto-batched,protected_mib,6,40.481588813203125,0.1950960559694117,40.27684805886568,40.68632956754057
base-r1-hz20,auto-batched,private_copy_mean_mib,6,0.0,0.0,0.0,0.0
base-r1-hz20,auto-batched,private_copy_peak_mib,6,0.0,0.0,0.0,0.0
base-r1-hz20,auto-batched,copy_p50_device_ms,6,0,0.0,0.0,0.0
base-r1-hz20,auto-batched,copy_p99_device_ms,6,0,0.0,0.0,0.0
base-r1-hz20,auto-batched,summed_consumer_allocated_peaks_mib,6,1788.283203125,0.0,1788.283203125,1788.283203125
base-r1-hz20,auto-batched,summed_consumer_reserved_peaks_mib,6,2032.0,0.0,2032.0,2032.0
base-r1-hz20,auto-batched,timely_50ms_hz,6,1.288888888888889,0.19626135258506322,1.0829252307519326,1.4948525470258454
base-r1-hz20,auto-batched,timely_75ms_hz,6,57.06666666666666,1.409491634124397,55.587495911681295,58.54583742165203
base-r1-hz20,auto-batched,timely_100ms_hz,6,78.2388888888889,0.10835469874786748,78.12517760627269,78.3526001715051
base-r1-hz20,auto-batched,timely_150ms_hz,6,78.24444444444444,0.10036968702787617,78.13911291771218,78.3497759711767
base-r1-hz20,auto-batched,arrivals,6,2400,0.0,2400.0,2400.0
base-r1-hz20,auto-batched,publications,6,2347.3333333333335,3.011090610836324,2344.1733875313657,2350.4932791353012
base-r1-hz20,auto-batched,timely,6,2347.1666666666665,3.2506409624359724,2343.7553281881806,2350.5780051451525
base-r1-hz20,auto-batched,correct_late,6,0.16666666666666666,0.408248290463863,-0.2617636392727175,0.5950969726060508
base-r1-hz20,auto-batched,producer_late,6,0,0.0,0.0,0.0
base-r1-hz20,auto-batched,pool_exhausted,6,52.666666666666664,3.011090610836324,49.50672086469887,55.82661246863446
base-r1-hz20,auto-batched,credit_exhausted,6,0,0.0,0.0,0.0
base-r1-hz20,auto-batched,queue_loss,6,0,0.0,0.0,0.0
base-r1-hz20,auto-batched,peak_outstanding,6,8.5,1.224744871391589,7.214709082181848,9.785290917818152
base-r1-hz20,manual-early,receipt_capacity_hz,6,78.35000000000001,0.10697871023920731,78.23773272876488,78.46226727123513
base-r1-hz20,manual-early,cohort_delivered_hz,6,78.33333333333334,0.16329931618554752,78.16196121095759,78.5047054557091
base-r1-hz20,manual-early,mean_age_ms,6,94.88391174902779,0.7243459148698305,94.12375733035033,95.64406616770525
base-r1-hz20,manual-early,p50_latency_ms,6,69.11899491666667,0.8185358747185382,68.2599941972036,69.97799563612973
base-r1-hz20,manual-early,p99_latency_ms,6,89.15184828333332,0.6453677029856065,88.47457641498242,89.82912015168422
base-r1-hz20,manual-early,device_peak_mib,6,5078.0,0.0,5078.0,5078.0
base-r1-hz20,manual-early,protected_mib,6,40.915037334375,0.22617590103909746,40.67768028293899,41.152394385811014
base-r1-hz20,manual-early,private_copy_mean_mib,6,0.0,0.0,0.0,0.0
base-r1-hz20,manual-early,private_copy_peak_mib,6,0.0,0.0,0.0,0.0
base-r1-hz20,manual-early,copy_p50_device_ms,6,0,0.0,0.0,0.0
base-r1-hz20,manual-early,copy_p99_device_ms,6,0,0.0,0.0,0.0
base-r1-hz20,manual-early,summed_consumer_allocated_peaks_mib,6,1788.283203125,0.0,1788.283203125,1788.283203125
base-r1-hz20,manual-early,summed_consumer_reserved_peaks_mib,6,2032.0,0.0,2032.0,2032.0
base-r1-hz20,manual-early,timely_50ms_hz,6,1.261111111111111,0.3447489693267433,0.8993192558822205,1.6229029663400016
base-r1-hz20,manual-early,timely_75ms_hz,6,56.93888888888889,2.1117045949413216,54.72279082602536,59.15498695175242
base-r1-hz20,manual-early,timely_100ms_hz,6,78.33333333333334,0.16329931618554752,78.16196121095759,78.5047054557091
base-r1-hz20,manual-early,timely_150ms_hz,6,78.33333333333334,0.16329931618554752,78.16196121095759,78.5047054557091
base-r1-hz20,manual-early,arrivals,6,2400,0.0,2400.0,2400.0
base-r1-hz20,manual-early,publications,6,2350,4.898979485566356,2344.858836328727,2355.141163671273
base-r1-hz20,manual-early,timely,6,2350,4.898979485566356,2344.858836328727,2355.141163671273
base-r1-hz20,manual-early,correct_late,6,0,0.0,0.0,0.0
base-r1-hz20,manual-early,producer_late,6,0,0.0,0.0,0.0
base-r1-hz20,manual-early,pool_exhausted,6,50,4.898979485566356,44.85883632872739,55.14116367127261
base-r1-hz20,manual-early,credit_exhausted,6,0,0.0,0.0,0.0
base-r1-hz20,manual-early,queue_loss,6,0,0.0,0.0,0.0
base-r1-hz20,manual-early,peak_outstanding,6,8.166666666666666,0.408248290463863,7.7382363607272815,8.59509697260605
base-r1-hz20,manual-full,receipt_capacity_hz,6,40.0,0.0,40.0,40.0
base-r1-hz20,manual-full,cohort_delivered_hz,6,40.0,0.0,40.0,40.0
base-r1-hz20,manual-full,mean_age_ms,6,108.41180933666666,0.34269722935731933,108.0521706504855,108.77144802284784
base-r1-hz20,manual-full,p50_latency_ms,6,57.98410525,0.35162140600022396,57.61510121479303,58.35310928520697
base-r1-hz20,manual-full,p99_latency_ms,6,68.69822774333333,0.34786229394377777,68.33316865429276,69.0632868323739
base-r1-hz20,manual-full,device_peak_mib,6,5078.0,0.0,5078.0,5078.0
base-r1-hz20,manual-full,protected_mib,6,32.34828467847656,0.037628435077482265,32.30879605763274,32.38777329932038
base-r1-hz20,manual-full,private_copy_mean_mib,6,0.0,0.0,0.0,0.0
base-r1-hz20,manual-full,private_copy_peak_mib,6,0.0,0.0,0.0,0.0
base-r1-hz20,manual-full,copy_p50_device_ms,6,0,0.0,0.0,0.0
base-r1-hz20,manual-full,copy_p99_device_ms,6,0,0.0,0.0,0.0
base-r1-hz20,manual-full,summed_consumer_allocated_peaks_mib,6,1724.283203125,0.0,1724.283203125,1724.283203125
base-r1-hz20,manual-full,summed_consumer_reserved_peaks_mib,6,2032.0,0.0,2032.0,2032.0
base-r1-hz20,manual-full,timely_50ms_hz,6,1.8111111111111111,0.6155996775201908,1.1650788696129504,2.457143352609272
base-r1-hz20,manual-full,timely_75ms_hz,6,40.0,0.0,40.0,40.0
base-r1-hz20,manual-full,timely_100ms_hz,6,40.0,0.0,40.0,40.0
base-r1-hz20,manual-full,timely_150ms_hz,6,40.0,0.0,40.0,40.0
base-r1-hz20,manual-full,arrivals,6,2400,0.0,2400.0,2400.0
base-r1-hz20,manual-full,publications,6,1200,0.0,1200.0,1200.0
base-r1-hz20,manual-full,timely,6,1200,0.0,1200.0,1200.0
base-r1-hz20,manual-full,correct_late,6,0,0.0,0.0,0.0
base-r1-hz20,manual-full,producer_late,6,0,0.0,0.0,0.0
base-r1-hz20,manual-full,pool_exhausted,6,1200,0.0,1200.0,1200.0
base-r1-hz20,manual-full,credit_exhausted,6,0,0.0,0.0,0.0
base-r1-hz20,manual-full,queue_loss,6,0,0.0,0.0,0.0
base-r1-hz20,manual-full,peak_outstanding,6,8,0.0,8.0,8.0
base-r1-hz20,copy-in,receipt_capacity_hz,6,78.30555555555556,0.11238162496435886,78.18761827304853,78.42349283806259
base-r1-hz20,copy-in,cohort_delivered_hz,6,78.31111111111112,0.10886621079036424,78.19686302952728,78.42535919269496
base-r1-hz20,copy-in,mean_age_ms,6,99.99266234958334,0.29128205645375466,99.68698057827858,100.2983441208881
base-r1-hz20,copy-in,p50_latency_ms,6,73.97210483333333,0.3999727412901622,73.55235918363654,74.39185048303013
base-r1-hz20,copy-in,p99_latency_ms,6,99.013317595,0.8340529591794288,98.1380326940764,99.8886024959236
base-r1-hz20,copy-in,device_peak_mib,6,5334.0,0.0,5334.0,5334.0
base-r1-hz20,copy-in,protected_mib,6,34.167650259726564,0.2521483363407861,33.90303680903006,34.432263710423065
base-r1-hz20,copy-in,private_copy_mean_mib,6,246.1206185848828,0.09593657905918365,246.0199393196484,246.22129785011722
base-r1-hz20,copy-in,private_copy_peak_mib,6,253.125,0.0,253.125,253.125
base-r1-hz20,copy-in,copy_p50_device_ms,6,0.10751999914646149,0.0,0.10751999914646149,0.10751999914646149
base-r1-hz20,copy-in,copy_p99_device_ms,6,0.11161600053310394,0.0,0.11161600053310394,0.11161600053310394
base-r1-hz20,copy-in,summed_consumer_allocated_peaks_mib,6,1980.283203125,0.0,1980.283203125,1980.283203125
base-r1-hz20,copy-in,summed_consumer_reserved_peaks_mib,6,2288.0,0.0,2288.0,2288.0
base-r1-hz20,copy-in,timely_50ms_hz,6,0.42777777777777776,0.15693829879806148,0.2630811337544475,0.592474421801108
base-r1-hz20,copy-in,timely_75ms_hz,6,41.46111111111111,0.9443202532725528,40.47010778185129,42.45211444037093
base-r1-hz20,copy-in,timely_100ms_hz,6,77.79444444444445,0.2752103572555768,77.50562888707195,78.08326000181695
base-r1-hz20,copy-in,timely_150ms_hz,6,78.31111111111112,0.10886621079036424,78.19686302952728,78.42535919269496
base-r1-hz20,copy-in,arrivals,6,2400,0.0,2400.0,2400.0
base-r1-hz20,copy-in,publications,6,2349.3333333333335,3.265986323710904,2345.9058908858183,2352.7607757808487
base-r1-hz20,copy-in,timely,6,2333.8333333333335,8.256310717667224,2325.168866612158,2342.497800054509
base-r1-hz20,copy-in,correct_late,6,15.5,5.357238094391549,9.877923412337081,21.122076587662917
base-r1-hz20,copy-in,producer_late,6,0,0.0,0.0,0.0
base-r1-hz20,copy-in,pool_exhausted,6,50.666666666666664,3.265986323710904,47.239224219151595,54.094109114181734
base-r1-hz20,copy-in,credit_exhausted,6,0,0.0,0.0,0.0
base-r1-hz20,copy-in,queue_loss,6,0,0.0,0.0,0.0
base-r1-hz20,copy-in,peak_outstanding,6,9.833333333333334,1.1690451944500122,8.606495641628364,11.060171025038304
base-r1-hz25,auto-batched,receipt_capacity_hz,6,75.00555555555556,0.057413380812280354,74.94530390752423,75.06580720358689
base-r1-hz25,auto-batched,cohort_delivered_hz,6,74.95555555555556,0.05443310539517864,74.89843151476364,75.01267959634748
base-r1-hz25,auto-batched,mean_age_ms,6,94.56455221172224,0.370162930319266,94.17609004007687,94.95301438336762
base-r1-hz25,auto-batched,p50_latency_ms,6,66.676966,0.4356497393823396,66.21977963698077,67.13415236301921
base-r1-hz25,auto-batched,p99_latency_ms,6,85.41808421666666,0.4900050650340513,84.90385543769038,85.93231299564293
base-r1-hz25,auto-batched,device_peak_mib,6,5078.0,0.0,5078.0,5078.0
base-r1-hz25,auto-batched,protected_mib,6,34.56245966589844,0.28236850581140155,34.26613209231578,34.858787239481096
base-r1-hz25,auto-batched,private_copy_mean_mib,6,0.0,0.0,0.0,0.0
base-r1-hz25,auto-batched,private_copy_peak_mib,6,0.0,0.0,0.0,0.0
base-r1-hz25,auto-batched,copy_p50_device_ms,6,0,0.0,0.0,0.0
base-r1-hz25,auto-batched,copy_p99_device_ms,6,0,0.0,0.0,0.0
base-r1-hz25,auto-batched,summed_consumer_allocated_peaks_mib,6,1788.283203125,0.0,1788.283203125,1788.283203125
base-r1-hz25,auto-batched,summed_consumer_reserved_peaks_mib,6,2032.0,0.0,2032.0,2032.0
base-r1-hz25,auto-batched,timely_50ms_hz,6,2.911111111111111,0.5101924110532184,2.3756970117474037,3.4465252104748183
base-r1-hz25,auto-batched,timely_75ms_hz,6,60.16111111111111,0.5953212640309484,59.53635975944911,60.78586246277311
base-r1-hz25,auto-batched,timely_100ms_hz,6,74.95555555555556,0.05443310539517864,74.89843151476364,75.01267959634748
base-r1-hz25,auto-batched,timely_150ms_hz,6,74.95555555555556,0.05443310539517864,74.89843151476364,75.01267959634748
base-r1-hz25,auto-batched,arrivals,6,3000,0.0,3000.0,3000.0
base-r1-hz25,auto-batched,publications,6,2248.6666666666665,1.632993161855452,2246.952945442909,2250.380387890424
base-r1-hz25,auto-batched,timely,6,2248.6666666666665,1.632993161855452,2246.952945442909,2250.380387890424
base-r1-hz25,auto-batched,correct_late,6,0,0.0,0.0,0.0
base-r1-hz25,auto-batched,producer_late,6,0,0.0,0.0,0.0
base-r1-hz25,auto-batched,pool_exhausted,6,751.3333333333334,1.632993161855452,749.6196121095759,753.0470545570909
base-r1-hz25,auto-batched,credit_exhausted,6,0,0.0,0.0,0.0
base-r1-hz25,auto-batched,queue_loss,6,0,0.0,0.0,0.0
base-r1-hz25,auto-batched,peak_outstanding,6,9.833333333333334,0.983192080250175,8.801536523455331,10.865130143211337
base-r1-hz25,manual-early,receipt_capacity_hz,6,74.98333333333333,0.0547722557505135,74.92585337607125,75.04081329059542
base-r1-hz25,manual-early,cohort_delivered_hz,6,74.93333333333334,0.0,74.93333333333334,74.93333333333334
base-r1-hz25,manual-early,mean_age_ms,6,94.5820354236111,0.39143339383598336,94.17125126947418,94.99281957774802
base-r1-hz25,manual-early,p50_latency_ms,6,67.09141041666666,0.44108516631524175,66.628519922906,67.55430091042733
base-r1-hz25,manual-early,p99_latency_ms,6,85.00158506833334,0.36974171478246604,84.61356493528437,85.38960520138231
base-r1-hz25,manual-early,device_peak_mib,6,5078.0,0.0,5078.0,5078.0
base-r1-hz25,manual-early,protected_mib,6,34.3209531459375,0.5201061078074812,33.77513525987675,34.866771031998255
base-r1-hz25,manual-early,private_copy_mean_mib,6,0.0,0.0,0.0,0.0
base-r1-hz25,manual-early,private_copy_peak_mib,6,0.0,0.0,0.0,0.0
base-r1-hz25,manual-early,copy_p50_device_ms,6,0,0.0,0.0,0.0
base-r1-hz25,manual-early,copy_p99_device_ms,6,0,0.0,0.0,0.0
base-r1-hz25,manual-early,summed_consumer_allocated_peaks_mib,6,1788.283203125,0.0,1788.283203125,1788.283203125
base-r1-hz25,manual-early,summed_consumer_reserved_peaks_mib,6,2032.0,0.0,2032.0,2032.0
base-r1-hz25,manual-early,timely_50ms_hz,6,2.922222222222222,0.674179885875067,2.214713822283922,3.629730622160522
base-r1-hz25,manual-early,timely_75ms_hz,6,60.56111111111111,0.4270918020840573,60.1129057524967,61.00931646972552
base-r1-hz25,manual-early,timely_100ms_hz,6,74.93333333333334,0.0,74.93333333333334,74.93333333333334
base-r1-hz25,manual-early,timely_150ms_hz,6,74.93333333333334,0.0,74.93333333333334,74.93333333333334
base-r1-hz25,manual-early,arrivals,6,3000,0.0,3000.0,3000.0
base-r1-hz25,manual-early,publications,6,2248,0.0,2248.0,2248.0
base-r1-hz25,manual-early,timely,6,2248,0.0,2248.0,2248.0
base-r1-hz25,manual-early,correct_late,6,0,0.0,0.0,0.0
base-r1-hz25,manual-early,producer_late,6,0,0.0,0.0,0.0
base-r1-hz25,manual-early,pool_exhausted,6,752,0.0,752.0,752.0
base-r1-hz25,manual-early,credit_exhausted,6,0,0.0,0.0,0.0
base-r1-hz25,manual-early,queue_loss,6,0,0.0,0.0,0.0
base-r1-hz25,manual-early,peak_outstanding,6,9.333333333333334,0.5163977794943222,8.791407099168847,9.875259567497821
base-r1-hz25,manual-full,receipt_capacity_hz,6,50.0,0.0,50.0,50.0
base-r1-hz25,manual-full,cohort_delivered_hz,6,50.0,0.0,50.0,50.0
base-r1-hz25,manual-full,mean_age_ms,6,96.9725321962222,0.2609375274037268,96.6986950551784,97.246369337266
base-r1-hz25,manual-full,p50_latency_ms,6,57.114273583333336,0.21420194929935119,56.889482423603404,57.33906474306327
base-r1-hz25,manual-full,p99_latency_ms,6,67.85942536666667,0.7303407870714476,67.09297971544422,68.62587101788912
base-r1-hz25,manual-full,device_peak_mib,6,5078.0,0.0,5078.0,5078.0
base-r1-hz25,manual-full,protected_mib,6,40.38189128613281,0.023528381116187345,40.35719976444043,40.406582807825195
base-r1-hz25,manual-full,private_copy_mean_mib,6,0.0,0.0,0.0,0.0
base-r1-hz25,manual-full,private_copy_peak_mib,6,0.0,0.0,0.0,0.0
base-r1-hz25,manual-full,copy_p50_device_ms,6,0,0.0,0.0,0.0
base-r1-hz25,manual-full,copy_p99_device_ms,6,0,0.0,0.0,0.0
base-r1-hz25,manual-full,summed_consumer_allocated_peaks_mib,6,1724.283203125,0.0,1724.283203125,1724.283203125
base-r1-hz25,manual-full,summed_consumer_reserved_peaks_mib,6,2032.0,0.0,2032.0,2032.0
base-r1-hz25,manual-full,timely_50ms_hz,6,7.416666666666667,0.7259476565152615,6.654831323220586,8.178502010112748
base-r1-hz25,manual-full,timely_75ms_hz,6,50.0,0.0,50.0,50.0
base-r1-hz25,manual-full,timely_100ms_hz,6,50.0,0.0,50.0,50.0
base-r1-hz25,manual-full,timely_150ms_hz,6,50.0,0.0,50.0,50.0
base-r1-hz25,manual-full,arrivals,6,3000,0.0,3000.0,3000.0
base-r1-hz25,manual-full,publications,6,1500,0.0,1500.0,1500.0
base-r1-hz25,manual-full,timely,6,1500,0.0,1500.0,1500.0
base-r1-hz25,manual-full,correct_late,6,0,0.0,0.0,0.0
base-r1-hz25,manual-full,producer_late,6,0,0.0,0.0,0.0
base-r1-hz25,manual-full,pool_exhausted,6,1500,0.0,1500.0,1500.0
base-r1-hz25,manual-full,credit_exhausted,6,0,0.0,0.0,0.0
base-r1-hz25,manual-full,queue_loss,6,0,0.0,0.0,0.0
base-r1-hz25,manual-full,peak_outstanding,6,8,0.0,8.0,8.0
base-r1-hz25,copy-in,receipt_capacity_hz,6,78.49444444444444,0.06804138174397864,78.42303939345454,78.56584949543434
base-r1-hz25,copy-in,cohort_delivered_hz,6,78.5111111111111,0.05443310539517864,78.45398707031919,78.56823515190302
base-r1-hz25,copy-in,mean_age_ms,6,99.83148976344444,0.4205165026388645,99.3901847584108,100.27279476847808
base-r1-hz25,copy-in,p50_latency_ms,6,74.16734875,0.4238061091575685,73.7225915146444,74.6121059853556
base-r1-hz25,copy-in,p99_latency_ms,6,99.93154793666665,0.7336995219857172,99.1615775093202,100.7015183640131
base-r1-hz25,copy-in,device_peak_mib,6,5334.0,0.0,5334.0,5334.0
base-r1-hz25,copy-in,protected_mib,6,33.15419668933593,0.18792588437924004,32.95698056860939,33.35141281006248
base-r1-hz25,copy-in,private_copy_mean_mib,6,245.9894256833203,0.3258808524300582,245.6474347024205,246.3314166642201
base-r1-hz25,copy-in,private_copy_peak_mib,6,253.125,0.0,253.125,253.125
base-r1-hz25,copy-in,copy_p50_device_ms,6,0.10751999914646149,0.0,0.10751999914646149,0.10751999914646149
base-r1-hz25,copy-in,copy_p99_device_ms,6,0.11246933415532112,0.00041804639095859876,0.11203062137351928,0.11290804693712296
base-r1-hz25,copy-in,summed_consumer_allocated_peaks_mib,6,1980.283203125,0.0,1980.283203125,1980.283203125
base-r1-hz25,copy-in,summed_consumer_reserved_peaks_mib,6,2288.0,0.0,2288.0,2288.0
base-r1-hz25,copy-in,timely_50ms_hz,6,0.75,0.34367297116752016,0.38933733558786066,1.1106626644121393
base-r1-hz25,copy-in,timely_75ms_hz,6,41.07222222222222,0.9710055879611867,40.0532143516776,42.09123009276684
base-r1-hz25,copy-in,timely_100ms_hz,6,77.70555555555556,0.25941529695894305,77.43331589739265,77.97779521371848
base-r1-hz25,copy-in,timely_150ms_hz,6,78.5111111111111,0.05443310539517864,78.45398707031919,78.56823515190302
base-r1-hz25,copy-in,arrivals,6,3000,0.0,3000.0,3000.0
base-r1-hz25,copy-in,publications,6,2355.3333333333335,1.632993161855452,2353.619612109576,2357.047054557091
base-r1-hz25,copy-in,timely,6,2331.1666666666665,7.782458908768274,2322.999476921779,2339.333856411554
base-r1-hz25,copy-in,correct_late,6,24.166666666666668,6.493586579592718,17.35206547929183,30.981267854041505
base-r1-hz25,copy-in,producer_late,6,0,0.0,0.0,0.0
base-r1-hz25,copy-in,pool_exhausted,6,644.6666666666666,1.632993161855452,642.9529454429091,646.3803878904241
base-r1-hz25,copy-in,credit_exhausted,6,0,0.0,0.0,0.0
base-r1-hz25,copy-in,queue_loss,6,0,0.0,0.0,0.0
base-r1-hz25,copy-in,peak_outstanding,6,11.166666666666666,0.408248290463863,10.738236360727281,11.59509697260605
base-r1-hz30,auto-batched,receipt_capacity_hz,6,78.61111111111111,0.14401645996461773,78.45997510529259,78.76224711692964
base-r1-hz30,auto-batched,cohort_delivered_hz,6,78.6,0.13984117975601904,78.45324568203893,78.74675431796106
base-r1-hz30,auto-batched,mean_age_ms,6,94.55823554947808,0.29077450682554956,94.25308641884217,94.863384680114
base-r1-hz30,auto-batched,p50_latency_ms,6,68.81904716666666,0.30708448237751546,68.49678176640069,69.14131256693264
base-r1-hz30,auto-batched,p99_latency_ms,6,90.15536103833333,0.41198471589499147,89.7230095943807,90.58771248228595
base-r1-hz30,auto-batched,device_peak_mib,6,5078.0,0.0,5078.0,5078.0
base-r1-hz30,auto-batched,protected_mib,6,40.39536655160156,0.0954930252366601,40.29515276755672,40.4955803356464
base-r1-hz30,auto-batched,private_copy_mean_mib,6,0.0,0.0,0.0,0.0
base-r1-hz30,auto-batched,private_copy_peak_mib,6,0.0,0.0,0.0,0.0
base-r1-hz30,auto-batched,copy_p50_device_ms,6,0,0.0,0.0,0.0
base-r1-hz30,auto-batched,copy_p99_device_ms,6,0,0.0,0.0,0.0
base-r1-hz30,auto-batched,summed_consumer_allocated_peaks_mib,6,1788.283203125,0.0,1788.283203125,1788.283203125
base-r1-hz30,auto-batched,summed_consumer_reserved_peaks_mib,6,2032.0,0.0,2032.0,2032.0
base-r1-hz30,auto-batched,timely_50ms_hz,6,1.4777777777777779,0.2933838340367002,1.1698903261703373,1.7856652293852184
base-r1-hz30,auto-batched,timely_75ms_hz,6,55.044444444444444,0.5667320223749366,54.44969566189386,55.639193226995026
base-r1-hz30,auto-batched,timely_100ms_hz,6,78.6,0.13984117975601904,78.45324568203893,78.74675431796106
base-r1-hz30,auto-batched,timely_150ms_hz,6,78.6,0.13984117975601904,78.45324568203893,78.74675431796106
base-r1-hz30,auto-batched,arrivals,6,3600,0.0,3600.0,3600.0
base-r1-hz30,auto-batched,publications,6,2358,4.1952353926806065,2353.597370461168,2362.402629538832
base-r1-hz30,auto-batched,timely,6,2358,4.1952353926806065,2353.597370461168,2362.402629538832
base-r1-hz30,auto-batched,correct_late,6,0,0.0,0.0,0.0
base-r1-hz30,auto-batched,producer_late,6,0,0.0,0.0,0.0
base-r1-hz30,auto-batched,pool_exhausted,6,1242,4.1952353926806065,1237.5973704611679,1246.4026295388321
base-r1-hz30,auto-batched,credit_exhausted,6,0,0.0,0.0,0.0
base-r1-hz30,auto-batched,queue_loss,6,0,0.0,0.0,0.0
base-r1-hz30,auto-batched,peak_outstanding,6,10.666666666666666,0.5163977794943222,10.124740432502179,11.208592900831153
base-r1-hz30,manual-early,receipt_capacity_hz,6,78.5611111111111,0.05741338081228557,78.50085946307978,78.62136275914243
base-r1-hz30,manual-early,cohort_delivered_hz,6,78.55555555555556,0.05443310539518444,78.49843151476364,78.61267959634748
base-r1-hz30,manual-early,mean_age_ms,6,94.82038121527557,0.39979293580107195,94.40082425986728,95.23993817068387
base-r1-hz30,manual-early,p50_latency_ms,6,69.09430216666667,0.3838973418120579,68.69142661410777,69.49717771922556
base-r1-hz30,manual-early,p99_latency_ms,6,90.46213940333331,0.5860619517125543,89.84710510401916,91.07717370264746
base-r1-hz30,manual-early,device_peak_mib,6,5078.0,0.0,5078.0,5078.0
base-r1-hz30,manual-early,protected_mib,6,40.51975305023438,0.30381205106291775,40.20092185601906,40.8385842444497
base-r1-hz30,manual-early,private_copy_mean_mib,6,0.0,0.0,0.0,0.0
base-r1-hz30,manual-early,private_copy_peak_mib,6,0.0,0.0,0.0,0.0
base-r1-hz30,manual-early,copy_p50_device_ms,6,0,0.0,0.0,0.0
base-r1-hz30,manual-early,copy_p99_device_ms,6,0,0.0,0.0,0.0
base-r1-hz30,manual-early,summed_consumer_allocated_peaks_mib,6,1788.283203125,0.0,1788.283203125,1788.283203125
base-r1-hz30,manual-early,summed_consumer_reserved_peaks_mib,6,2032.0,0.0,2032.0,2032.0
base-r1-hz30,manual-early,timely_50ms_hz,6,1.3777777777777778,0.40092485672597145,0.9570329442093537,1.7985226113462018
base-r1-hz30,manual-early,timely_75ms_hz,6,54.52777777777778,0.6381976937409738,53.85803037266658,55.197525182888974
base-r1-hz30,manual-early,timely_100ms_hz,6,78.55555555555556,0.05443310539518444,78.49843151476364,78.61267959634748
base-r1-hz30,manual-early,timely_150ms_hz,6,78.55555555555556,0.05443310539518444,78.49843151476364,78.61267959634748
base-r1-hz30,manual-early,arrivals,6,3600,0.0,3600.0,3600.0
base-r1-hz30,manual-early,publications,6,2356.6666666666665,1.632993161855452,2354.952945442909,2358.380387890424
base-r1-hz30,manual-early,timely,6,2356.6666666666665,1.632993161855452,2354.952945442909,2358.380387890424
base-r1-hz30,manual-early,correct_late,6,0,0.0,0.0,0.0
base-r1-hz30,manual-early,producer_late,6,0,0.0,0.0,0.0
base-r1-hz30,manual-early,pool_exhausted,6,1243.3333333333333,1.632993161855452,1241.6196121095757,1245.0470545570909
base-r1-hz30,manual-early,credit_exhausted,6,0,0.0,0.0,0.0
base-r1-hz30,manual-early,queue_loss,6,0,0.0,0.0,0.0
base-r1-hz30,manual-early,peak_outstanding,6,10.666666666666666,0.5163977794943222,10.124740432502179,11.208592900831153
base-r1-hz30,manual-full,receipt_capacity_hz,6,60.0,0.0,60.0,60.0
base-r1-hz30,manual-full,cohort_delivered_hz,6,60.0,0.0,60.0,60.0
base-r1-hz30,manual-full,mean_age_ms,6,91.23482141013776,0.27454219494920257,90.94670704610279,91.52293577417272
base-r1-hz30,manual-full,p50_latency_ms,6,57.5833795,0.16298686688074163,57.412335273060364,57.754423726939635
base-r1-hz30,manual-full,p99_latency_ms,6,68.21207857166667,0.3263013709196043,67.86964628367672,68.55451085965662
base-r1-hz30,manual-full,device_peak_mib,6,5078.0,0.0,5078.0,5078.0
base-r1-hz30,manual-full,protected_mib,6,48.49347607488281,0.04749189855713057,48.44363638393063,48.54331576583498
base-r1-hz30,manual-full,private_copy_mean_mib,6,0.0,0.0,0.0,0.0
base-r1-hz30,manual-full,private_copy_peak_mib,6,0.0,0.0,0.0,0.0
base-r1-hz30,manual-full,copy_p50_device_ms,6,0,0.0,0.0,0.0
base-r1-hz30,manual-full,copy_p99_device_ms,6,0,0.0,0.0,0.0
base-r1-hz30,manual-full,summed_consumer_allocated_peaks_mib,6,1724.283203125,0.0,1724.283203125,1724.283203125
base-r1-hz30,manual-full,summed_consumer_reserved_peaks_mib,6,2032.0,0.0,2032.0,2032.0
base-r1-hz30,manual-full,timely_50ms_hz,6,5.716666666666667,1.1060942294598792,4.555891961188188,6.877441372145146
base-r1-hz30,manual-full,timely_75ms_hz,6,60.0,0.0,60.0,60.0
base-r1-hz30,manual-full,timely_100ms_hz,6,60.0,0.0,60.0,60.0
base-r1-hz30,manual-full,timely_150ms_hz,6,60.0,0.0,60.0,60.0
base-r1-hz30,manual-full,arrivals,6,3600,0.0,3600.0,3600.0
base-r1-hz30,manual-full,publications,6,1800,0.0,1800.0,1800.0
base-r1-hz30,manual-full,timely,6,1800,0.0,1800.0,1800.0
base-r1-hz30,manual-full,correct_late,6,0,0.0,0.0,0.0
base-r1-hz30,manual-full,producer_late,6,0,0.0,0.0,0.0
base-r1-hz30,manual-full,pool_exhausted,6,1800,0.0,1800.0,1800.0
base-r1-hz30,manual-full,credit_exhausted,6,0,0.0,0.0,0.0
base-r1-hz30,manual-full,queue_loss,6,0,0.0,0.0,0.0
base-r1-hz30,manual-full,peak_outstanding,6,8,0.0,8.0,8.0
base-r1-hz30,copy-in,receipt_capacity_hz,6,78.8111111111111,0.01721325931647643,78.79304690330562,78.82917531891658
base-r1-hz30,copy-in,cohort_delivered_hz,6,78.82222222222222,0.05443310539518444,78.7650981814303,78.87934626301414
base-r1-hz30,copy-in,mean_age_ms,6,102.4257599754906,0.3096647168222096,102.10078678523908,102.75073316574213
base-r1-hz30,copy-in,p50_latency_ms,6,76.94371158333334,0.3322276114320459,76.59506008733904,77.29236307932764
base-r1-hz30,copy-in,p99_latency_ms,6,100.34985866499999,0.5670545485711035,99.75477141196434,100.94494591803563
base-r1-hz30,copy-in,device_peak_mib,6,5334.0,0.0,5334.0,5334.0
base-r1-hz30,copy-in,protected_mib,6,36.923836240546876,0.15131277490996572,36.7650432217848,37.08262925930895
base-r1-hz30,copy-in,private_copy_mean_mib,6,247.98549856289063,0.24914609644920957,247.72403576973588,248.24696135604538
base-r1-hz30,copy-in,private_copy_peak_mib,6,253.125,0.0,253.125,253.125
base-r1-hz30,copy-in,copy_p50_device_ms,6,0.10751999914646149,0.0,0.10751999914646149,0.10751999914646149
base-r1-hz30,copy-in,copy_p99_device_ms,6,0.11161600053310394,0.0,0.11161600053310394,0.11161600053310394
base-r1-hz30,copy-in,summed_consumer_allocated_peaks_mib,6,1980.283203125,0.0,1980.283203125,1980.283203125
base-r1-hz30,copy-in,summed_consumer_reserved_peaks_mib,6,2288.0,0.0,2288.0,2288.0
base-r1-hz30,copy-in,timely_50ms_hz,6,0.011111111111111112,0.01721325931647741,-0.006953096694371804,0.02917531891659403
base-r1-hz30,copy-in,timely_75ms_hz,6,34.794444444444444,0.746969184747913,34.01054836006594,35.57834052882295
base-r1-hz30,copy-in,timely_100ms_hz,6,77.92222222222223,0.15299479536052002,77.76166403125231,78.08278041319215
base-r1-hz30,copy-in,timely_150ms_hz,6,78.82222222222222,0.05443310539518444,78.7650981814303,78.87934626301414
base-r1-hz30,copy-in,arrivals,6,3600,0.0,3600.0,3600.0
base-r1-hz30,copy-in,publications,6,2364.6666666666665,1.632993161855452,2362.952945442909,2366.380387890424
base-r1-hz30,copy-in,timely,6,2337.6666666666665,4.589843860815601,2332.8499209375686,2342.4834123957644
base-r1-hz30,copy-in,correct_late,6,27,4.979959839195493,21.773852659497592,32.22614734050241
base-r1-hz30,copy-in,producer_late,6,0,0.0,0.0,0.0
base-r1-hz30,copy-in,pool_exhausted,6,1235.3333333333333,1.632993161855452,1233.6196121095757,1237.0470545570909
base-r1-hz30,copy-in,credit_exhausted,6,0,0.0,0.0,0.0
base-r1-hz30,copy-in,queue_loss,6,0,0.0,0.0,0.0
base-r1-hz30,copy-in,peak_outstanding,6,12,0.0,12.0,12.0
base-r1-hz40,auto-batched,receipt_capacity_hz,6,79.1,0.055777335102275324,79.04146527664524,79.15853472335475
base-r1-hz40,auto-batched,cohort_delivered_hz,6,79.11111111111111,0.06885303726591306,79.03885427988918,79.18336794233305
base-r1-hz40,auto-batched,mean_age_ms,6,95.2738045732639,0.5246194350465465,94.72325024074397,95.82435890578384
base-r1-hz40,auto-batched,p50_latency_ms,6,69.85258333333333,0.5494246940788783,69.275997477928,70.42916918873865
base-r1-hz40,auto-batched,p99_latency_ms,6,90.54695416166666,0.6599158287351726,89.85441497166047,91.23949335167285
base-r1-hz40,auto-batched,device_peak_mib,6,5078.0,0.0,5078.0,5078.0
base-r1-hz40,auto-batched,protected_mib,6,42.30691126453125,0.3465789934098967,41.94319891680763,42.67062361225487
base-r1-hz40,auto-batched,private_copy_mean_mib,6,0.0,0.0,0.0,0.0
base-r1-hz40,auto-batched,private_copy_peak_mib,6,0.0,0.0,0.0,0.0
base-r1-hz40,auto-batched,copy_p50_device_ms,6,0,0.0,0.0,0.0
base-r1-hz40,auto-batched,copy_p99_device_ms,6,0,0.0,0.0,0.0
base-r1-hz40,auto-batched,summed_consumer_allocated_peaks_mib,6,1788.283203125,0.0,1788.283203125,1788.283203125
base-r1-hz40,auto-batched,summed_consumer_reserved_peaks_mib,6,2032.0,0.0,2032.0,2032.0
base-r1-hz40,auto-batched,timely_50ms_hz,6,0.2722222222222222,0.15408030614176732,0.11052485755096805,0.4339195868934763
base-r1-hz40,auto-batched,timely_75ms_hz,6,55.17777777777778,1.5881039242046084,53.5111649198588,56.844390635696755
base-r1-hz40,auto-batched,timely_100ms_hz,6,79.10555555555555,0.07428673177976647,79.02759641165447,79.18351469945664
base-r1-hz40,auto-batched,timely_150ms_hz,6,79.11111111111111,0.06885303726591306,79.03885427988918,79.18336794233305
base-r1-hz40,auto-batched,arrivals,6,4800,0.0,4800.0,4800.0
base-r1-hz40,auto-batched,publications,6,2373.3333333333335,2.065591117977289,2371.1656283966754,2375.5010382699916
base-r1-hz40,auto-batched,timely,6,2373.1666666666665,2.228601953392904,2370.827892349634,2375.505440983699
base-r1-hz40,auto-batched,correct_late,6,0.16666666666666666,0.408248290463863,-0.2617636392727175,0.5950969726060508
base-r1-hz40,auto-batched,producer_late,6,0,0.0,0.0,0.0
base-r1-hz40,auto-batched,pool_exhausted,6,2426.6666666666665,2.065591117977289,2424.4989617300084,2428.8343716033246
base-r1-hz40,auto-batched,credit_exhausted,6,0,0.0,0.0,0.0
base-r1-hz40,auto-batched,queue_loss,6,0,0.0,0.0,0.0
base-r1-hz40,auto-batched,peak_outstanding,6,12,0.0,12.0,12.0
base-r1-hz40,manual-early,receipt_capacity_hz,6,79.08333333333333,0.09368979548370206,78.98501192285816,79.1816547438085
base-r1-hz40,manual-early,cohort_delivered_hz,6,79.08888888888889,0.10036968702787805,78.98355736215663,79.19422041562115
base-r1-hz40,manual-early,mean_age_ms,6,95.84066417656253,0.418652352846175,95.40131547675945,96.2800128763656
base-r1-hz40,manual-early,p50_latency_ms,6,70.56563841666667,0.4977799330861416,70.04325041406103,71.08802641927231
base-r1-hz40,manual-early,p99_latency_ms,6,89.81620094499999,0.313145214829924,89.48757519609458,90.1448266939054
base-r1-hz40,manual-early,device_peak_mib,6,5078.0,0.0,5078.0,5078.0
base-r1-hz40,manual-early,protected_mib,6,42.933468827812504,0.1670703696766951,42.758139227503186,43.10879842812182
base-r1-hz40,manual-early,private_copy_mean_mib,6,0.0,0.0,0.0,0.0
base-r1-hz40,manual-early,private_copy_peak_mib,6,0.0,0.0,0.0,0.0
base-r1-hz40,manual-early,copy_p50_device_ms,6,0,0.0,0.0,0.0
base-r1-hz40,manual-early,copy_p99_device_ms,6,0,0.0,0.0,0.0
base-r1-hz40,manual-early,summed_consumer_allocated_peaks_mib,6,1788.283203125,0.0,1788.283203125,1788.283203125
base-r1-hz40,manual-early,summed_consumer_reserved_peaks_mib,6,2032.0,0.0,2032.0,2032.0
base-r1-hz40,manual-early,timely_50ms_hz,6,0.18888888888888888,0.14555131461166945,0.0361421519016904,0.34163562587608737
base-r1-hz40,manual-early,timely_75ms_hz,6,54.11111111111111,1.655518269527925,52.37375123656958,55.84847098565263
base-r1-hz40,manual-early,timely_100ms_hz,6,79.08333333333333,0.10274023338281689,78.97551407077017,79.19115259589648
base-r1-hz40,manual-early,timely_150ms_hz,6,79.08888888888889,0.10036968702787805,78.98355736215663,79.19422041562115
base-r1-hz40,manual-early,arrivals,6,4800,0.0,4800.0,4800.0
base-r1-hz40,manual-early,publications,6,2372.6666666666665,3.011090610836324,2369.5067208646988,2375.8266124686343
base-r1-hz40,manual-early,timely,6,2372.5,3.082207001484488,2369.265422123105,2375.734577876895
base-r1-hz40,manual-early,correct_late,6,0.16666666666666666,0.408248290463863,-0.2617636392727175,0.5950969726060508
base-r1-hz40,manual-early,producer_late,6,0,0.0,0.0,0.0
base-r1-hz40,manual-early,pool_exhausted,6,2427.3333333333335,3.011090610836324,2424.1733875313657,2430.4932791353012
base-r1-hz40,manual-early,credit_exhausted,6,0,0.0,0.0,0.0
base-r1-hz40,manual-early,queue_loss,6,0,0.0,0.0,0.0
base-r1-hz40,manual-early,peak_outstanding,6,12,0.0,12.0,12.0
base-r1-hz40,manual-full,receipt_capacity_hz,6,53.333333333333336,0.0,53.333333333333336,53.333333333333336
base-r1-hz40,manual-full,cohort_delivered_hz,6,53.333333333333336,0.0,53.333333333333336,53.333333333333336
base-r1-hz40,manual-full,mean_age_ms,6,95.52429897927085,0.5598049918962885,94.93681966938321,96.1117782891585
base-r1-hz40,manual-full,p50_latency_ms,6,57.68710966666667,0.38785515876144805,57.28008063994489,58.09413869338845
base-r1-hz40,manual-full,p99_latency_ms,6,68.24217252166667,0.44438735619342323,67.77581659215815,68.7085284511752
base-r1-hz40,manual-full,device_peak_mib,6,5078.0,0.0,5078.0,5078.0
base-r1-hz40,manual-full,protected_mib,6,43.093988828789065,0.048463581131314944,43.04312941951287,43.14484823806526
base-r1-hz40,manual-full,private_copy_mean_mib,6,0.0,0.0,0.0,0.0
base-r1-hz40,manual-full,private_copy_peak_mib,6,0.0,0.0,0.0,0.0
base-r1-hz40,manual-full,copy_p50_device_ms,6,0,0.0,0.0,0.0
base-r1-hz40,manual-full,copy_p99_device_ms,6,0,0.0,0.0,0.0
base-r1-hz40,manual-full,summed_consumer_allocated_peaks_mib,6,1724.283203125,0.0,1724.283203125,1724.283203125
base-r1-hz40,manual-full,summed_consumer_reserved_peaks_mib,6,2032.0,0.0,2032.0,2032.0
base-r1-hz40,manual-full,timely_50ms_hz,6,4.444444444444445,2.0984297480276553,2.2422774790462814,6.646611409842608
base-r1-hz40,manual-full,timely_75ms_hz,6,53.333333333333336,0.0,53.333333333333336,53.333333333333336
base-r1-hz40,manual-full,timely_100ms_hz,6,53.333333333333336,0.0,53.333333333333336,53.333333333333336
base-r1-hz40,manual-full,timely_150ms_hz,6,53.333333333333336,0.0,53.333333333333336,53.333333333333336
base-r1-hz40,manual-full,arrivals,6,4800,0.0,4800.0,4800.0
base-r1-hz40,manual-full,publications,6,1600,0.0,1600.0,1600.0
base-r1-hz40,manual-full,timely,6,1600,0.0,1600.0,1600.0
base-r1-hz40,manual-full,correct_late,6,0,0.0,0.0,0.0
base-r1-hz40,manual-full,producer_late,6,0,0.0,0.0,0.0
base-r1-hz40,manual-full,pool_exhausted,6,3200,0.0,3200.0,3200.0
base-r1-hz40,manual-full,credit_exhausted,6,0,0.0,0.0,0.0
base-r1-hz40,manual-full,queue_loss,6,0,0.0,0.0,0.0
base-r1-hz40,manual-full,peak_outstanding,6,8,0.0,8.0,8.0
base-r1-hz40,copy-in,receipt_capacity_hz,6,78.80555555555556,0.09525793444156742,78.7055884841697,78.90552262694142
base-r1-hz40,copy-in,cohort_delivered_hz,6,78.75555555555556,0.10886621079036192,78.64130747397172,78.8698036371394
base-r1-hz40,copy-in,mean_age_ms,6,102.64683704013888,3.2873614974961947,99.19696272344454,106.09671135683321
base-r1-hz40,copy-in,p50_latency_ms,6,77.26340675,3.239114600188409,73.86416444685487,80.66264905314513
base-r1-hz40,copy-in,p99_latency_ms,6,97.26072857333332,3.8833896849418394,93.18536103435093,101.33609611231572
base-r1-hz40,copy-in,device_peak_mib,6,5334.0,0.0,5334.0,5334.0
base-r1-hz40,copy-in,protected_mib,6,41.80991559363281,0.20097889509851335,41.599001178249516,42.0208300090161
base-r1-hz40,copy-in,private_copy_mean_mib,6,248.45197635597657,0.2990182937429299,248.13817590154184,248.7657768104113
base-r1-hz40,copy-in,private_copy_peak_mib,6,253.125,0.0,253.125,253.125
base-r1-hz40,copy-in,copy_p50_device_ms,6,0.10751999914646149,0.0006476346840499071,0.10684034822738674,0.10819965006553624
base-r1-hz40,copy-in,copy_p99_device_ms,6,0.11161600053310394,0.0,0.11161600053310394,0.11161600053310394
base-r1-hz40,copy-in,summed_consumer_allocated_peaks_mib,6,1980.283203125,0.0,1980.283203125,1980.283203125
base-r1-hz40,copy-in,summed_consumer_reserved_peaks_mib,6,2288.0,0.0,2288.0,2288.0
base-r1-hz40,copy-in,timely_50ms_hz,6,0.0,0.0,0.0,0.0
base-r1-hz40,copy-in,timely_75ms_hz,6,32.922222222222224,9.464240690718503,22.990110736828477,42.85433370761597
base-r1-hz40,copy-in,timely_100ms_hz,6,78.16111111111111,0.7660625639279446,77.35717775413504,78.96504446808719
base-r1-hz40,copy-in,timely_150ms_hz,6,78.75555555555556,0.10886621079036192,78.64130747397172,78.8698036371394
base-r1-hz40,copy-in,arrivals,6,4800,0.0,4800.0,4800.0
base-r1-hz40,copy-in,publications,6,2362.6666666666665,3.265986323710904,2359.2392242191513,2366.0941091141817
base-r1-hz40,copy-in,timely,6,2344.8333333333335,22.981876917838253,2320.7153326240514,2368.9513340426156
base-r1-hz40,copy-in,correct_late,6,17.833333333333332,25.678135965577148,-9.114217715038112,44.78088438170478
base-r1-hz40,copy-in,producer_late,6,0,0.0,0.0,0.0
base-r1-hz40,copy-in,pool_exhausted,6,2437.3333333333335,3.265986323710904,2433.9058908858183,2440.7607757808487
base-r1-hz40,copy-in,credit_exhausted,6,0,0.0,0.0,0.0
base-r1-hz40,copy-in,queue_loss,6,0,0.0,0.0,0.0
base-r1-hz40,copy-in,peak_outstanding,6,12,0.0,12.0,12.0
late-r1-hz30,auto-batched,receipt_capacity_hz,6,59.99444444444445,0.02509242175696794,59.968111562761386,60.02077732612751
late-r1-hz30,auto-batched,cohort_delivered_hz,6,60.0,0.0,60.0,60.0
late-r1-hz30,auto-batched,mean_age_ms,6,90.8794336302553,0.4381794025765789,90.41959254852311,91.3392747119875
late-r1-hz30,auto-batched,p50_latency_ms,6,57.6791775,0.2830978034298371,57.382084575504464,57.97627042449554
late-r1-hz30,auto-batched,p99_latency_ms,6,68.65661710166667,0.5785165898944129,68.04950117396038,69.26373302937296
late-r1-hz30,auto-batched,device_peak_mib,6,5078.0,0.0,5078.0,5078.0
late-r1-hz30,auto-batched,protected_mib,6,49.13552220363281,0.08281987729003144,49.04860807271284,49.22243633455278
late-r1-hz30,auto-batched,private_copy_mean_mib,6,0.0,0.0,0.0,0.0
late-r1-hz30,auto-batched,private_copy_peak_mib,6,0.0,0.0,0.0,0.0
late-r1-hz30,auto-batched,copy_p50_device_ms,6,0,0.0,0.0,0.0
late-r1-hz30,auto-batched,copy_p99_device_ms,6,0,0.0,0.0,0.0
late-r1-hz30,auto-batched,summed_consumer_allocated_peaks_mib,6,1724.283203125,0.0,1724.283203125,1724.283203125
late-r1-hz30,auto-batched,summed_consumer_reserved_peaks_mib,6,2032.0,0.0,2032.0,2032.0
late-r1-hz30,auto-batched,timely_50ms_hz,6,7.688888888888889,1.3024194010748982,6.322083551308914,9.055694226468864
late-r1-hz30,auto-batched,timely_75ms_hz,6,59.98888888888889,0.01721325931647643,59.97082468108341,60.00695309669437
late-r1-hz30,auto-batched,timely_100ms_hz,6,60.0,0.0,60.0,60.0
late-r1-hz30,auto-batched,timely_150ms_hz,6,60.0,0.0,60.0,60.0
late-r1-hz30,auto-batched,arrivals,6,3600,0.0,3600.0,3600.0
late-r1-hz30,auto-batched,publications,6,1800,0.0,1800.0,1800.0
late-r1-hz30,auto-batched,timely,6,1800,0.0,1800.0,1800.0
late-r1-hz30,auto-batched,correct_late,6,0,0.0,0.0,0.0
late-r1-hz30,auto-batched,producer_late,6,0,0.0,0.0,0.0
late-r1-hz30,auto-batched,pool_exhausted,6,1800,0.0,1800.0,1800.0
late-r1-hz30,auto-batched,credit_exhausted,6,0,0.0,0.0,0.0
late-r1-hz30,auto-batched,queue_loss,6,0,0.0,0.0,0.0
late-r1-hz30,auto-batched,peak_outstanding,6,8,0.0,8.0,8.0
late-r1-hz30,manual-early,receipt_capacity_hz,6,59.99444444444445,0.02509242175696794,59.968111562761386,60.02077732612751
late-r1-hz30,manual-early,cohort_delivered_hz,6,60.0,0.0,60.0,60.0
late-r1-hz30,manual-early,mean_age_ms,6,91.39986216728846,0.3701090623131741,91.01145652664853,91.78826780792839
late-r1-hz30,manual-early,p50_latency_ms,6,57.762609166666664,0.20365101181964818,57.54889053676225,57.97632779657108
late-r1-hz30,manual-early,p99_latency_ms,6,68.31416893166667,0.3442741479747907,67.9528753708871,68.67546249244624
late-r1-hz30,manual-early,device_peak_mib,6,5078.0,0.0,5078.0,5078.0
late-r1-hz30,manual-early,protected_mib,6,49.00886925820313,0.03721655978509635,48.96981287397033,49.04792564243593
late-r1-hz30,manual-early,private_copy_mean_mib,6,0.0,0.0,0.0,0.0
late-r1-hz30,manual-early,private_copy_peak_mib,6,0.0,0.0,0.0,0.0
late-r1-hz30,manual-early,copy_p50_device_ms,6,0,0.0,0.0,0.0
late-r1-hz30,manual-early,copy_p99_device_ms,6,0,0.0,0.0,0.0
late-r1-hz30,manual-early,summed_consumer_allocated_peaks_mib,6,1724.283203125,0.0,1724.283203125,1724.283203125
late-r1-hz30,manual-early,summed_consumer_reserved_peaks_mib,6,2032.0,0.0,2032.0,2032.0
late-r1-hz30,manual-early,timely_50ms_hz,6,5.416666666666667,1.4617721360655969,3.882630889672553,6.950702443660781
late-r1-hz30,manual-early,timely_75ms_hz,6,60.0,0.0,60.0,60.0
late-r1-hz30,manual-early,timely_100ms_hz,6,60.0,0.0,60.0,60.0
late-r1-hz30,manual-early,timely_150ms_hz,6,60.0,0.0,60.0,60.0
late-r1-hz30,manual-early,arrivals,6,3600,0.0,3600.0,3600.0
late-r1-hz30,manual-early,publications,6,1800,0.0,1800.0,1800.0
late-r1-hz30,manual-early,timely,6,1800,0.0,1800.0,1800.0
late-r1-hz30,manual-early,correct_late,6,0,0.0,0.0,0.0
late-r1-hz30,manual-early,producer_late,6,0,0.0,0.0,0.0
late-r1-hz30,manual-early,pool_exhausted,6,1800,0.0,1800.0,1800.0
late-r1-hz30,manual-early,credit_exhausted,6,0,0.0,0.0,0.0
late-r1-hz30,manual-early,queue_loss,6,0,0.0,0.0,0.0
late-r1-hz30,manual-early,peak_outstanding,6,8.666666666666666,1.632993161855452,6.9529454429091295,10.380387890424203
late-r1-hz30,manual-full,receipt_capacity_hz,6,59.977777777777774,0.05837300238472693,59.91651906866751,60.03903648688804
late-r1-hz30,manual-full,cohort_delivered_hz,6,60.0,0.0,60.0,60.0
late-r1-hz30,manual-full,mean_age_ms,6,91.51051527648168,0.3657231295127014,91.12671239003676,91.89431816292661
late-r1-hz30,manual-full,p50_latency_ms,6,57.904730916666665,0.22428273988058392,57.66936061602246,58.14010121731087
late-r1-hz30,manual-full,p99_latency_ms,6,68.39581146333333,0.3006787219056212,68.0802684964072,68.71135443025946
late-r1-hz30,manual-full,device_peak_mib,6,5078.0,0.0,5078.0,5078.0
late-r1-hz30,manual-full,protected_mib,6,49.090125779296876,0.01646188788451619,49.072850087450895,49.10740147114286
late-r1-hz30,manual-full,private_copy_mean_mib,6,0.0,0.0,0.0,0.0
late-r1-hz30,manual-full,private_copy_peak_mib,6,0.0,0.0,0.0,0.0
late-r1-hz30,manual-full,copy_p50_device_ms,6,0,0.0,0.0,0.0
late-r1-hz30,manual-full,copy_p99_device_ms,6,0,0.0,0.0,0.0
late-r1-hz30,manual-full,summed_consumer_allocated_peaks_mib,6,1724.283203125,0.0,1724.283203125,1724.283203125
late-r1-hz30,manual-full,summed_consumer_reserved_peaks_mib,6,2032.0,0.0,2032.0,2032.0
late-r1-hz30,manual-full,timely_50ms_hz,6,5.366666666666667,1.1756794725698934,4.132866727057713,6.600466606275622
late-r1-hz30,manual-full,timely_75ms_hz,6,59.98888888888889,0.02721655269759222,59.96032686849293,60.01745090928485
late-r1-hz30,manual-full,timely_100ms_hz,6,60.0,0.0,60.0,60.0
late-r1-hz30,manual-full,timely_150ms_hz,6,60.0,0.0,60.0,60.0
late-r1-hz30,manual-full,arrivals,6,3600,0.0,3600.0,3600.0
late-r1-hz30,manual-full,publications,6,1800,0.0,1800.0,1800.0
late-r1-hz30,manual-full,timely,6,1800,0.0,1800.0,1800.0
late-r1-hz30,manual-full,correct_late,6,0,0.0,0.0,0.0
late-r1-hz30,manual-full,producer_late,6,0,0.0,0.0,0.0
late-r1-hz30,manual-full,pool_exhausted,6,1800,0.0,1800.0,1800.0
late-r1-hz30,manual-full,credit_exhausted,6,0,0.0,0.0,0.0
late-r1-hz30,manual-full,queue_loss,6,0,0.0,0.0,0.0
late-r1-hz30,manual-full,peak_outstanding,6,8,0.0,8.0,8.0
late-r1-hz30,copy-in,receipt_capacity_hz,6,77.75555555555556,0.07200822998230547,77.6799875526463,77.83112355846482
late-r1-hz30,copy-in,cohort_delivered_hz,6,77.75555555555556,0.10036968702787617,77.6502240288233,77.86088708228782
late-r1-hz30,copy-in,mean_age_ms,6,103.89355852456708,0.2792627022290076,103.6004902919543,104.18662675717987
late-r1-hz30,copy-in,p50_latency_ms,6,78.13845316666666,0.2603254811893448,77.86525832873349,78.41164800459984
late-r1-hz30,copy-in,p99_latency_ms,6,101.11988488333333,0.5669493223433483,100.52490805845135,101.71486170821531
late-r1-hz30,copy-in,device_peak_mib,6,5334.0,0.0,5334.0,5334.0
late-r1-hz30,copy-in,protected_mib,6,37.10655869097656,0.24662934946825346,36.84773706180022,37.36538032015291
late-r1-hz30,copy-in,private_copy_mean_mib,6,248.0523701371875,0.19564656774573164,247.8470516561718,248.2576886182032
late-r1-hz30,copy-in,private_copy_peak_mib,6,253.125,0.0,253.125,253.125
late-r1-hz30,copy-in,copy_p50_device_ms,6,0.10751999914646149,0.0,0.10751999914646149,0.10751999914646149
late-r1-hz30,copy-in,copy_p99_device_ms,6,0.11161600053310394,0.0,0.11161600053310394,0.11161600053310394
late-r1-hz30,copy-in,summed_consumer_allocated_peaks_mib,6,1980.283203125,0.0,1980.283203125,1980.283203125
late-r1-hz30,copy-in,summed_consumer_reserved_peaks_mib,6,2288.0,0.0,2288.0,2288.0
late-r1-hz30,copy-in,timely_50ms_hz,6,0.005555555555555556,0.013608276348795434,-0.008725454642423917,0.01983656575353503
late-r1-hz30,copy-in,timely_75ms_hz,6,31.533333333333335,0.7679699068178237,30.727398342751115,32.339268323915555
late-r1-hz30,copy-in,timely_100ms_hz,6,76.38888888888889,0.3166959050829311,76.05653691908574,76.72124085869203
late-r1-hz30,copy-in,timely_150ms_hz,6,77.75555555555556,0.10036968702787617,77.6502240288233,77.86088708228782
late-r1-hz30,copy-in,arrivals,6,3600,0.0,3600.0,3600.0
late-r1-hz30,copy-in,publications,6,2332.6666666666665,3.011090610836324,2329.5067208646988,2335.8266124686343
late-r1-hz30,copy-in,timely,6,2291.6666666666665,9.500877152487904,2281.696107572572,2301.637225760761
late-r1-hz30,copy-in,correct_late,6,41,7.563068160475615,33.063046725434354,48.936953274565646
late-r1-hz30,copy-in,producer_late,6,0,0.0,0.0,0.0
late-r1-hz30,copy-in,pool_exhausted,6,1267.3333333333333,3.011090610836324,1264.1733875313655,1270.493279135301
late-r1-hz30,copy-in,credit_exhausted,6,0,0.0,0.0,0.0
late-r1-hz30,copy-in,queue_loss,6,0,0.0,0.0,0.0
late-r1-hz30,copy-in,peak_outstanding,6,12,0.0,12.0,12.0
